symbol,name,sector,industry,country,market_cap,exchange,currency
06S.F,"Sportsman's Warehouse Holdings, Inc.",Consumer Discretionary,"Hotels, Restaurants & Leisure",United States,Small Cap,FRA,EUR
0A43.L,"Inovio Pharmaceuticals, Inc.",Health Care,Biotechnology,United States,Small Cap,LSE,USD
0A4B.L,"AgEagle Aerial Systems, Inc.",Industrials,Aerospace & Defense,United States,Small Cap,LSE,USD
0A4F.L,"Ideanomics, Inc.",Information Technology,Software,United States,Small Cap,LSE,USD
0A4T.L,Tonix Pharmaceuticals Holding Corp.,Health Care,Biotechnology,United States,Small Cap,LSE,USD
0C1.F,"ATRECA, INC.",Health Care,Biotechnology,United States,Small Cap,FRA,EUR
0CG.F,"Chegg, Inc.",Consumer Staples,Household Products,United States,Large Cap,FRA,EUR
0F1.F,"NanoString Technologies, Inc.",Health Care,Health Care Equipment & Supplies,United States,Mid Cap,FRA,EUR
0HX7.L,"Adicet Bio, Inc.",Health Care,Biotechnology,United States,Small Cap,LSE,USD
0IFM.L,eGain Corporation,Information Technology,Software,United States,Small Cap,LSE,USD
0JVN.F,"iBio, Inc.",Health Care,Biotechnology,United States,Small Cap,FRA,
0JW.F,"JELD-WEN Holding, Inc.",Industrials,Building Products,United States,Mid Cap,FRA,EUR
0K17.L,"MicroVision, Inc.",Information Technology,"Electronic Equipment, Instruments & Components",United States,Mid Cap,LSE,USD
0M2A.L,Xperi Holding Corporation,Information Technology,Semiconductors & Semiconductor Equipment,United States,Mid Cap,LSE,USD
0M4.F,"Mersana Therapeutics, Inc.",Health Care,Biotechnology,United States,Small Cap,FRA,EUR
0NU.SG,Nutanix Inc. Reg. Shares CL A o,Information Technology,,United States,Small Cap,STU,EUR
0PB.F,"Puma Biotechnology, Inc.",Health Care,Biotechnology,United States,Small Cap,FRA,EUR
0PQ.F,ProQR Therapeutics N.V.,Health Care,Biotechnology,Netherlands,Small Cap,FRA,EUR
0R0V.L,SunPower Corporation,Information Technology,"Technology Hardware, Storage & Peripherals",United States,Mid Cap,LSE,USD
0WF.F,"SmileDirectClub, Inc.",Health Care,Health Care Technology,United States,Mid Cap,FRA,EUR
0Z2.F,"Alector, Inc.",Health Care,Biotechnology,United States,Small Cap,FRA,EUR
1521.HK,Frontage Holdings Corporation,Health Care,Biotechnology,United States,Small Cap,HKG,HKD
16U.F,"Upland Software, Inc.",Information Technology,Software,United States,Small Cap,FRA,EUR
1FG.F,"FibroGen, Inc.",Health Care,Biotechnology,United States,Small Cap,FRA,EUR
1N7.F,Nevro Corp.,Health Care,Health Care Technology,United States,Mid Cap,FRA,EUR
1ON.F,"Domo, Inc. Class B",Information Technology,Software,United States,Small Cap,FRA,EUR
1P6.F,Berry Corporation,Energy,"Oil, Gas & Consumable Fuels",United States,Small Cap,FRA,EUR
1S7.F,"Selecta Biosciences, Inc.",Health Care,Biotechnology,United States,Small Cap,FRA,EUR
1S9.F,"Seres Therapeutics, Inc.",Health Care,Biotechnology,United States,Mid Cap,FRA,EUR
1WO.F,Workhorse Group Inc.,Consumer Discretionary,Automobiles,United States,Small Cap,FRA,EUR
1XV.F,Axway Software SA,Information Technology,Software,United States,Small Cap,FRA,EUR
21J.F,"Jounce Therapeutics, Inc.",Health Care,Biotechnology,United States,Small Cap,FRA,EUR
25K.F,Karyopharm Therapeutics Inc.,Health Care,Biotechnology,United States,Small Cap,FRA,EUR
2BN.F,"Barnes & Noble Education, Inc.",Consumer Discretionary,Specialty Retail,United States,Small Cap,FRA,EUR
2BV.F,Brightcove Inc.,Information Technology,Software,United States,Small Cap,FRA,EUR
2CX.F,"ChemoCentryx, Inc.",Health Care,Biotechnology,United States,Small Cap,FRA,EUR
2HA.F,"Spero Therapeutics, Inc.",Health Care,Biotechnology,United States,Small Cap,FRA,EUR
2K7.F,TCR2 THERAPEUTICS INC.,Health Care,Biotechnology,United States,Small Cap,FRA,EUR
2MT.F,"Athenex, Inc.",Health Care,Pharmaceuticals,United States,Small Cap,FRA,EUR
2TX.F,"Asensus Surgical, Inc.",Health Care,Health Care Technology,United States,Small Cap,FRA,EUR
2UC.F,Chicken Soup for the Soul Enter,Communication Services,Media,United States,Small Cap,FRA,EUR
2Y3.F,"Bionano Genomics, Inc.",Health Care,Biotechnology,United States,Small Cap,FRA,EUR
32P.F,PPHE Hotel Group Limited,Consumer Discretionary,"Hotels, Restaurants & Leisure",Netherlands,Small Cap,FRA,EUR
35H.F,"Homology Medicines, Inc.",Health Care,Biotechnology,United States,Small Cap,FRA,EUR
36A.F,"Unifi, Inc.",Consumer Discretionary,"Textiles, Apparel & Luxury Goods",United States,Small Cap,FRA,EUR
3738.HK,Vobile Group Limited,Information Technology,Software,United States,Small Cap,HKG,HKD
37Z.F,Allakos Inc.,Health Care,Biotechnology,United States,Mid Cap,FRA,EUR
38E.F,"Rekor Systems, Inc.",Information Technology,Software,United States,Small Cap,FRA,EUR
3A01.F,"AMYRIS, INC.",Materials,Chemicals,United States,Mid Cap,FRA,EUR
3FF.F,FutureFuel Corp.,Materials,Chemicals,United States,Small Cap,FRA,EUR
3MT.F,"Magenta Therapeutics, Inc.",Health Care,Biotechnology,United States,Small Cap,FRA,EUR
3QT1.F,CuriosityStream Inc.,Communication Services,Media,United States,Small Cap,FRA,EUR
3QU.F,Nitro Software Limited,Information Technology,Software,United States,Small Cap,FRA,EUR
43T.F,"Tabula Rasa HealthCare, Inc.",Health Care,Health Care Providers & Services,United States,Small Cap,FRA,EUR
4B3.F,"Big Lots, Inc.",Consumer Staples,Household Products,United States,Mid Cap,FRA,EUR
4C0.F,Conduent Incorporated,Information Technology,IT Services,United States,Small Cap,FRA,EUR
4GB.F,"Gossamer Bio, Inc.",Health Care,Biotechnology,United States,Small Cap,FRA,EUR
4GI.F,"Shift Technologies, Inc.",Consumer Discretionary,Internet & Direct Marketing Retail,United States,Small Cap,FRA,EUR
4LS.F,"Athersys, Inc.",Health Care,Biotechnology,United States,Small Cap,FRA,EUR
4QK.F,"Codexis, Inc.",Health Care,Biotechnology,United States,Small Cap,FRA,EUR
4TL.F,"Tilly's, Inc.",Consumer Discretionary,"Textiles, Apparel & Luxury Goods",United States,Small Cap,FRA,EUR
4XB.F,XBiotech Inc.,Health Care,Biotechnology,United States,Small Cap,FRA,EUR
4XV.F,"Genius Brands International, Inc.",Communication Services,Entertainment,United States,Small Cap,FRA,EUR
53H.F,"Arcimoto, Inc.",Consumer Discretionary,Automobiles,United States,Small Cap,FRA,EUR
5G5.F,"GoPro, Inc.",Information Technology,"Electronic Equipment, Instruments & Components",United States,Small Cap,FRA,EUR
5TC.F,"TrueCar, Inc.",Communication Services,Diversified Telecommunication Services,United States,Small Cap,FRA,EUR
5TUA.F,"Hydrofarm Holdings Group, Inc.",Industrials,Machinery,United States,Mid Cap,FRA,EUR
5WC.F,Clearwater Paper Corporation,Materials,Paper & Forest Products,United States,Small Cap,FRA,EUR
5WK.F,"Aligos Therapeutics, Inc.",Health Care,Biotechnology,United States,Small Cap,FRA,EUR
61Y.F,"Marinus Pharmaceuticals, Inc.",Health Care,Biotechnology,United States,Small Cap,FRA,EUR
6697.T,"Techpoint, Inc.",Information Technology,Semiconductors & Semiconductor Equipment,United States,Small Cap,JPX,JPY
6819.HK,IntelliCentrics Global Holdings Ltd.,Health Care,Health Care Providers & Services,United States,Small Cap,HKG,HKD
6AP.F,"Neoleukin Therapeutics, Inc.",Health Care,Pharmaceuticals,United States,Small Cap,FRA,EUR
6DU.F,Duluth Holdings Inc.,Consumer Discretionary,"Textiles, Apparel & Luxury Goods",United States,Small Cap,FRA,EUR
6IO.F,"Inogen, Inc.",Health Care,Health Care Technology,United States,Small Cap,FRA,EUR
6KB.MU,KINNATE BIOPHARMA INC.,Health Care,Biotechnology,United States,Small Cap,MUN,EUR
6L9.F,"ViewRay, Inc.",Health Care,Health Care Technology,United States,Small Cap,FRA,EUR
6OM.F,"Owens & Minor, Inc.",Health Care,Health Care Providers & Services,United States,Mid Cap,FRA,EUR
737.F,"NexImmune, Inc.",Health Care,Biotechnology,United States,Small Cap,FRA,EUR
7EI.F,"Huuuge, Inc.",Communication Services,Interactive Media & Services,United States,Small Cap,FRA,EUR
7OC.F,OncoCyte Corporation,Health Care,Biotechnology,United States,Small Cap,FRA,EUR
7SE.F,SUNNOVA ENERGY INTERNATIONAL INC.,Information Technology,"Technology Hardware, Storage & Peripherals",United States,Mid Cap,FRA,EUR
829.F,"AppHarvest, Inc.",Consumer Staples,Household Products,United States,Small Cap,FRA,EUR
84C.F,Clene Inc.,Health Care,Biotechnology,United States,Small Cap,FRA,EUR
8C5.F,"Coherus BioSciences, Inc.",Health Care,Biotechnology,United States,Small Cap,FRA,EUR
8EM.F,"Editas Medicine, Inc.",Health Care,Biotechnology,United States,Mid Cap,FRA,EUR
8NI.F,Nikola Corporation,Consumer Discretionary,Automobiles,United States,Mid Cap,FRA,EUR
8Z3.F,"tinyBuild, Inc",Communication Services,Interactive Media & Services,United States,Small Cap,FRA,EUR
918.SG,"ShotSpotter, Inc.",Information Technology,Software,United States,Small Cap,STU,EUR
9PT.MU,"Pliant Therapeutics, Inc.",Health Care,Biotechnology,United States,Small Cap,MUN,EUR
A,"Agilent Technologies, Inc.",Health Care,Biotechnology,United States,Large Cap,NYQ,USD
AA,Alcoa Corporation,Materials,Metals & Mining,United States,Large Cap,NYQ,USD
AAGH,America Great Health,Consumer Staples,Food & Staples Retailing,United States,Mid Cap,PNK,USD
AAL,American Airlines Group Inc.,Industrials,Airlines,United States,Mid Cap,NMS,USD
AALB.AS,Aalberts N.V.,Industrials,Machinery,Netherlands,Mid Cap,AMS,EUR
AAN,"The Aaron's Company, Inc.",Consumer Discretionary,Specialty Retail,United States,Small Cap,NYQ,USD
AAOI,"Applied Optoelectronics, Inc.",Information Technology,Semiconductors & Semiconductor Equipment,United States,Mid Cap,NGM,USD
AAON,"AAON, Inc.",Industrials,Building Products,United States,Mid Cap,NMS,USD
AAP,"Advance Auto Parts, Inc.",Consumer Discretionary,Specialty Retail,United States,Mid Cap,NYQ,USD
AAPL,Apple Inc.,Information Technology,"Electronic Equipment, Instruments & Components",United States,Mega Cap,NMS,USD
AAWW,"Atlas Air Worldwide Holdings, Inc.",Industrials,Air Freight & Logistics,United States,Mid Cap,NMS,USD
ABAT,American Battery Technology Company Common Stock,Materials,Metals & Mining,United States,Small Cap,NMS,USD
ABBV,AbbVie Inc.,Health Care,Pharmaceuticals,United States,Mega Cap,NYQ,USD
ABC,AmerisourceBergen Corporation,Health Care,Health Care Providers & Services,United States,Large Cap,NYQ,USD
ABG,Asbury Automotive Group Inc,Consumer Discretionary,Automobiles,United States,Mid Cap,NYQ,USD
ABM,ABM Industries Incorporated,Industrials,Professional Services,United States,Mid Cap,NYQ,USD
ABMD,"Abiomed, Inc.",Health Care,Health Care Technology,United States,Large Cap,NMS,USD
ABML,American Battery Metals Corporation,Materials,Metals & Mining,United States,Small Cap,PNK,USD
ABNB,"Airbnb, Inc. Class A",Communication Services,Diversified Telecommunication Services,United States,Large Cap,NMS,USD
ABSI,Absci Corporation Common Stock,Health Care,Biotechnology,United States,Small Cap,NMS,USD
ABT,Abbott Laboratories,Health Care,Health Care Technology,United States,Mega Cap,NYQ,USD
ABTC,American Bitcoin Corp. Class A Common Stock,Information Technology,Software,United States,Small Cap,NMS,USD
ABUS,Arbutus Biopharma Corporation,Health Care,Biotechnology,United States,Small Cap,NMS,USD
ACA,"Arcosa, Inc.",Industrials,Transportation Infrastructure,United States,Mid Cap,NYQ,USD
ACAD,ACADIA Pharmaceuticals Inc.,Health Care,Biotechnology,United States,Mid Cap,NMS,USD
ACAN,"NN, Inc.",Industrials,Industrial Conglomerates,United States,Small Cap,PNK,USD
ACCD,"ACCOLADE, INC.",Health Care,Health Care Providers & Services,United States,Small Cap,NMS,USD
ACCEL.AS,Accell Group N.V.,Consumer Discretionary,"Hotels, Restaurants & Leisure",Netherlands,Small Cap,AMS,EUR
ACCO,ACCO Brands Corporation,Industrials,Commercial Services & Supplies,United States,Small Cap,NYQ,USD
ACDC,ProFrac Holding Corp. Class A Common Stock,Energy,Energy Equipment & Services,United States,Small Cap,NMS,USD
ACEL,"Accel Entertainment, Inc.",Consumer Discretionary,"Hotels, Restaurants & Leisure",United States,Small Cap,NYQ,USD
ACHC,"Acadia Healthcare Company, Inc.",Health Care,Health Care Equipment & Supplies,United States,Mid Cap,NMS,USD
ACHR,Archer Aviation Inc. Class A Common Stock,Industrials,Aerospace & Defense,United States,Mid Cap,NYQ,USD
ACI,"Albertsons Companies, Inc. Class A",Consumer Staples,Food & Staples Retailing,United States,Mid Cap,NYQ,USD
ACIW,"ACI Worldwide, Inc.",Information Technology,Software,United States,Mid Cap,NMS,USD
ACLS,"Axcelis Technologies, Inc.",Information Technology,Semiconductors & Semiconductor Equipment,United States,Mid Cap,NMS,USD
ACLX,Arcellx Inc. Common Stock,Health Care,Biotechnology,United States,Mid Cap,NMS,USD
ACM,AECOM,Industrials,Construction & Engineering,United States,Large Cap,NYQ,USD
ACMR,"ACM Research, Inc.",Information Technology,Semiconductors & Semiconductor Equipment,United States,Mid Cap,NMS,USD
ACOMO.AS,Amsterdam Commodities N.V.,Consumer Staples,Food & Staples Retailing,Netherlands,Small Cap,AMS,EUR
ACRS,"Aclaris Therapeutics, Inc.",Health Care,Biotechnology,United States,Small Cap,NMS,USD
ACTG,Acacia Research Corporation,Industrials,Professional Services,United States,Small Cap,NMS,USD
ACVA,ACV Auctions Inc.,Information Technology,Software,United States,Small Cap,NMS,USD
AD,Array Digital Infrastructure Inc. Common Shares,Communication Services,Diversified Telecommunication Services,United States,Mid Cap,NYQ,USD
AD.AS,Koninklijke Ahold Delhaize N.V.,Consumer Staples,Food & Staples Retailing,Netherlands,Large Cap,AMS,EUR
ADAM,Adamas Trust Inc. Common Stock,Information Technology,Software,United States,Small Cap,NMS,USD
ADBE,Adobe Inc.,Information Technology,Software,United States,Large Cap,NMS,USD
ADEA,Adeia Inc. Common Stock,Information Technology,Software,United States,Mid Cap,NMS,USD
ADI,"Analog Devices, Inc.",Information Technology,Semiconductors & Semiconductor Equipment,United States,Large Cap,NMS,USD
ADM,Archer-Daniels-Midland Company,Consumer Staples,Household Products,United States,Large Cap,NYQ,USD
ADMA,"ADMA Biologics, Inc.",Health Care,Biotechnology,United States,Mid Cap,NGM,USD
ADP,"Automatic Data Processing, Inc.",Industrials,Professional Services,United States,Large Cap,NMS,USD
ADPT,Adaptive Biotechnologies Corp.,Health Care,Biotechnology,United States,Mid Cap,NMS,USD
ADSK,"Autodesk, Inc.",Information Technology,Software,United States,Large Cap,NMS,USD
ADT,ADT Inc.,Industrials,Professional Services,United States,Mid Cap,NYQ,USD
ADTN,"ADTRAN, Inc.",Information Technology,Communications Equipment,United States,Small Cap,NMS,USD
ADUS,Addus HomeCare Corporation,Health Care,Health Care Equipment & Supplies,United States,Small Cap,NMS,USD
ADYEN.AS,Adyen N.V.,Information Technology,Software,Netherlands,Large Cap,AMS,EUR
AEE,Ameren Corporation,Utilities,Electric Utilities,United States,Large Cap,NYQ,USD
AEGN,Aegion Corporation,Industrials,Construction & Engineering,United States,Small Cap,NMS,USD
AEHR,Aehr Test Systems,Information Technology,Semiconductors & Semiconductor Equipment,United States,Small Cap,NCM,USD
AEIS,"Advanced Energy Industries, Inc.",Industrials,Electrical Equipment,United States,Large Cap,NMS,USD
AEO,"American Eagle Outfitters, Inc.",Consumer Discretionary,"Textiles, Apparel & Luxury Goods",United States,Mid Cap,NYQ,USD
AEP,"American Electric Power Company, Inc.",Utilities,Electric Utilities,United States,Large Cap,NMS,USD
AERI,"Aerie Pharmaceuticals, Inc.",Health Care,Pharmaceuticals,United States,Small Cap,NMS,USD
AES,The AES Corporation,Utilities,Multi-Utilities,United States,Large Cap,NYQ,USD
AESI,Atlas Energy Solutions Inc. Class A Common Stock,Energy,Energy Equipment & Services,United States,Small Cap,NYQ,USD
AEVA,"Aeva Technologies, Inc.",Consumer Discretionary,Auto Components,United States,Small Cap,NYQ,USD
AFRM,"Affirm Holdings, Inc.",Information Technology,IT Services,United States,Large Cap,NMS,USD
AGCO,AGCO Corporation,Industrials,Machinery,United States,Mid Cap,NYQ,USD
AGIO,"Agios Pharmaceuticals, Inc.",Health Care,Biotechnology,United States,Small Cap,NMS,USD
AGR,"AVANGRID, INC.",Utilities,Electric Utilities,United States,Large Cap,NYQ,USD
AGS,"PlayAGS, Inc.",Consumer Discretionary,"Hotels, Restaurants & Leisure",United States,Small Cap,NYQ,USD
AGTI,"Agiliti, Inc.",Health Care,Health Care Providers & Services,United States,Small Cap,NYQ,USD
AGX,"Argan, Inc.",Industrials,Construction & Engineering,United States,Mid Cap,NYQ,USD
AGXXF,Agilyx AS,Industrials,Transportation Infrastructure,United States,Small Cap,PNK,USD
AGYS,"Agilysys, Inc.",Information Technology,Software,United States,Mid Cap,NMS,USD
AHCO,AdaptHealth Corp.,Health Care,Health Care Technology,United States,Small Cap,NMS,USD
AI,"C3.ai, Inc.",Information Technology,IT Services,United States,Small Cap,NYQ,USD
AIAI,AIAI Holdings Corporation Class A Common Stock,Information Technology,Software,United States,Small Cap,NMS,USD
AILIH,Ameren Illinois Company,Utilities,Electric Utilities,United States,Mid Cap,PNK,USD
AIMC,Altra Industrial Motion Corp.,Industrials,Machinery,United States,Mid Cap,NMS,USD
AIN,Albany International Corp.,Consumer Discretionary,"Textiles, Apparel & Luxury Goods",United States,Small Cap,NYQ,USD
AIOT,PowerFleet Inc. Common Stock,Communication Services,Diversified Telecommunication Services,United States,Small Cap,NMS,USD
AIP,Arteris Inc. Common Stock,Information Technology,Semiconductors & Semiconductor Equipment,United States,Small Cap,NMS,USD
AIR,AAR Corp.,Industrials,Aerospace & Defense,United States,Mid Cap,NYQ,USD
AIT,"Applied Industrial Technologies, Inc.",Industrials,Trading Companies & Distributors,United States,Large Cap,NYQ,USD
AJ81.F,Agenus Inc.,Health Care,Biotechnology,United States,Small Cap,FRA,EUR
AJAX.AS,AFC Ajax N.V.,Consumer Discretionary,"Hotels, Restaurants & Leisure",Netherlands,Small Cap,AMS,EUR
AJRD,"Aerojet Rocketdyne Holdings, Inc.",Industrials,Aerospace & Defense,United States,Mid Cap,NYQ,USD
AKAM,"Akamai Technologies, Inc.",Information Technology,Software,United States,Large Cap,NMS,USD
AKBA,"Akebia Therapeutics, Inc.",Health Care,Biotechnology,United States,Small Cap,NGM,USD
AKP.F,"Anika Therapeutics, Inc.",Health Care,Biotechnology,United States,Small Cap,FRA,EUR
AKRO,"AKERO THERAPEUTICS, INC.",Health Care,Biotechnology,United States,Mid Cap,NMS,USD
AKTS,"Akoustis Technologies, Inc.",Information Technology,Communications Equipment,United States,Small Cap,NMS,USD
AKUS,"Akouos, Inc.",Health Care,Biotechnology,United States,Small Cap,NMS,USD
AKZA.AS,Akzo Nobel N.V.,Materials,Chemicals,Netherlands,Large Cap,AMS,EUR
AL,Air Lease Corporation,Industrials,Commercial Services & Supplies,United States,Mid Cap,NYQ,USD
ALAB,Astera Labs Inc. Common Stock,Information Technology,,United States,Large Cap,NMS,USD
ALB,Albemarle Corporation,Materials,Chemicals,United States,Large Cap,NYQ,USD
ALBO,"Albireo Pharma, Inc.",Health Care,Biotechnology,United States,Small Cap,NMS,USD
ALCO,"Alico, Inc.",Consumer Staples,Household Products,United States,Small Cap,NMS,USD
ALDX,"Aldeyra Therapeutics, Inc.",Health Care,Biotechnology,United States,Small Cap,NMS,USD
ALE,"ALLETE, Inc.",Utilities,Multi-Utilities,United States,Mid Cap,NYQ,USD
ALFEN.AS,Alfen N.V.,Industrials,Electrical Equipment,Netherlands,Small Cap,AMS,EUR
ALG,Alamo Group Inc.,Industrials,Machinery,United States,Mid Cap,NYQ,USD
ALGM,"Allegro MicroSystems, Inc.",Information Technology,Semiconductors & Semiconductor Equipment,United States,Mid Cap,NMS,USD
ALGN,"Align Technology, Inc.",Health Care,Health Care Technology,United States,Large Cap,NMS,USD
ALGT,Allegiant Travel Company,Industrials,Airlines,United States,Small Cap,NMS,USD
ALHC,"Alignment Healthcare, Inc.",Health Care,Health Care Providers & Services,United States,Mid Cap,NMS,USD
ALIM,"Alimera Sciences, Inc.",Health Care,Pharmaceuticals,United States,Small Cap,NGM,USD
ALIT,Alight Inc. Class A Common Stock,Information Technology,Software,United States,Small Cap,NYQ,USD
ALK,"Alaska Air Group, Inc.",Industrials,Airlines,United States,Mid Cap,NYQ,USD
ALKT,"Alkami Technology, Inc.",Information Technology,Software,United States,Small Cap,NMS,USD
ALLO,"Allogene Therapeutics, Inc.",Health Care,Biotechnology,United States,Small Cap,NMS,USD
ALMFF,Altium Limited,Information Technology,Software,United States,Mid Cap,PNK,USD
ALMS,Alumis Inc. Common Stock,Health Care,,United States,Mid Cap,NMS,USD
ALNT,Allient Inc. Common Stock,Industrials,,United States,Small Cap,NMS,USD
ALNY,"Alnylam Pharmaceuticals, Inc.",Health Care,Biotechnology,United States,Large Cap,NMS,USD
ALP-PQ,Alabama Power Company,Utilities,Electric Utilities,United States,Small Cap,NYQ,USD
ALPN,"Alpine Immune Sciences, Inc.",Health Care,Biotechnology,United States,Mid Cap,NGM,USD
ALRM,"Alarm.com Holdings, Inc.",Information Technology,Software,United States,Mid Cap,NMS,USD
ALSN,"Allison Transmission Holdings, Inc.",Consumer Discretionary,Auto Components,United States,Large Cap,NYQ,USD
ALT,"Altimmune, Inc.",Health Care,Biotechnology,United States,Small Cap,NMS,USD
ALTG-PA,Alta Equipment Group Inc.,Industrials,Commercial Services & Supplies,United States,Small Cap,NYQ,USD
ALTM,Altus Midstream Company,Energy,"Oil, Gas & Consumable Fuels",United States,Mid Cap,NMS,USD
ALTR,Altair Engineering Inc.,Information Technology,Software,United States,Mid Cap,NMS,USD
ALXN,"Alexion Pharmaceuticals, Inc.",Health Care,Biotechnology,United States,Large Cap,NMS,USD
AM,Antero Midstream Corporation,Energy,"Oil, Gas & Consumable Fuels",United States,Large Cap,NYQ,USD
AMAM,Ambrx Biopharma Inc. American Depositary Shares,Health Care,Biotechnology,United States,Small Cap,NMS,USD
AMAT,"Applied Materials, Inc.",Information Technology,Semiconductors & Semiconductor Equipment,United States,Mega Cap,NMS,USD
AMBA,"Ambarella, Inc.",Information Technology,Semiconductors & Semiconductor Equipment,United States,Mid Cap,NMS,USD
AMBQ,Ambiq Micro Inc. Common Stock,Information Technology,Semiconductors & Semiconductor Equipment,United States,Small Cap,NYQ,USD
AMC,"AMC Entertainment Holdings, Inc.",Communication Services,Entertainment,United States,Small Cap,NYQ,USD
AMD,"Advanced Micro Devices, Inc.",Information Technology,Semiconductors & Semiconductor Equipment,United States,Mega Cap,NMS,USD
AME,"AMETEK, Inc.",Industrials,Machinery,United States,Large Cap,NYQ,USD
AMED,"Amedisys, Inc.",Health Care,Health Care Equipment & Supplies,United States,Mid Cap,NMS,USD
AMEH,"Apollo Medical Holdings, Inc.",Health Care,Health Care Equipment & Supplies,United States,Mid Cap,NMS,USD
AMG.AS,AMG Advanced Metallurgical Group N.V.,Materials,Metals & Mining,Netherlands,Small Cap,AMS,EUR
AMGN,Amgen Inc.,Health Care,Pharmaceuticals,United States,Mega Cap,NMS,USD
AMKR,"Amkor Technology, Inc.",Information Technology,Semiconductors & Semiconductor Equipment,United States,Large Cap,NMS,USD
AMLX,Amylyx Pharmaceuticals Inc. Common Stock,Health Care,Biotechnology,United States,Small Cap,NMS,USD
AMN,AMN Healthcare Services Inc,Health Care,Health Care Equipment & Supplies,United States,Small Cap,NYQ,USD
AMOT,Allied Motion Technologies Inc.,Information Technology,"Electronic Equipment, Instruments & Components",United States,Small Cap,NGM,USD
AMPH,"Amphastar Pharmaceuticals, Inc.",Health Care,Pharmaceuticals,United States,Small Cap,NMS,USD
AMPL,Amplitude Inc. Class A Common Stock,Information Technology,Software,United States,Small Cap,NMS,USD
AMPS,Altus Power Inc. Class A Common Stock,Utilities,Electric Utilities,United States,Small Cap,ASE,USD
AMPX,Amprius Technologies Inc. Common Stock,Industrials,Electrical Equipment,United States,Small Cap,NYQ,USD
AMR,"Alpha Metallurgical Resources, Inc.",Materials,Metals & Mining,United States,Mid Cap,NYQ,USD
AMRC,"Ameresco, Inc.",Industrials,Construction & Engineering,United States,Small Cap,NYQ,USD
AMRX,"Amneal Pharmaceuticals, Inc. Class A",Health Care,Pharmaceuticals,United States,Mid Cap,NYQ,USD
AMRZ,Amrize Ltd Ordinary Shares,Materials,Construction Materials,United States,Large Cap,NYQ,USD
AMSC,American Superconductor Corporation,Industrials,Machinery,United States,Small Cap,NMS,USD
AMSWA,"American Software, Inc.",Information Technology,Software,United States,Small Cap,NMS,USD
AMWD,American Woodmark Corporation,Consumer Discretionary,Household Durables,United States,Small Cap,NMS,USD
AMZE.L,Leverage Shares 2x Amazon ETC A,Consumer Discretionary,Internet & Direct Marketing Retail,United States,Mega Cap,LSE,EUR
AMZN,"Amazon.com, Inc.",Consumer Discretionary,Internet & Direct Marketing Retail,United States,Mega Cap,NMS,USD
AMZS.L,Leverage Shares -1x Amazon ETC,Consumer Discretionary,Internet & Direct Marketing Retail,United States,Mega Cap,LSE,USD
AN,"AutoNation, Inc.",Consumer Discretionary,Automobiles,United States,Mid Cap,NYQ,USD
ANAB,"AnaptysBio, Inc.",Health Care,Biotechnology,United States,Small Cap,NMS,USD
ANDE,"The Andersons, Inc.",Consumer Staples,Food & Staples Retailing,United States,Mid Cap,NMS,USD
ANF,Abercrombie & Fitch Co. Class A,Consumer Discretionary,"Textiles, Apparel & Luxury Goods",United States,Mid Cap,NYQ,USD
ANGI,Angi Inc.,Communication Services,Diversified Telecommunication Services,United States,Small Cap,NMS,USD
ANGIV,Angi Inc. Class A Common Stock When Issued,Communication Services,Diversified Telecommunication Services,United States,Small Cap,NMS,USD
ANGO,"AngioDynamics, Inc.",Health Care,Health Care Equipment & Supplies,United States,Small Cap,NMS,USD
ANGX,Angel Studios Inc. Class A Common Stock,Consumer Discretionary,"Hotels, Restaurants & Leisure",United States,Small Cap,NYQ,USD
ANIP,"ANI Pharmaceuticals, Inc.",Health Care,Pharmaceuticals,United States,Small Cap,NMS,USD
ANNX,"Annexon, Inc.",Health Care,Biotechnology,United States,Small Cap,NMS,USD
ANRO,Alto Neuroscience Inc.,Health Care,,United States,Small Cap,NYQ,USD
ANSS,"ANSYS, Inc.",Information Technology,Software,United States,Large Cap,NMS,USD
ANTM,"Anthem, Inc.",Health Care,Health Care Providers & Services,United States,Large Cap,NYQ,USD
AORT,Artivion Inc. Common Stock,Health Care,Health Care Technology,United States,Small Cap,NYQ,USD
AOS,A.O. Smith Corporation,Industrials,Machinery,United States,Large Cap,NYQ,USD
AOSL,Alpha and Omega Semiconductor Limited,Information Technology,Semiconductors & Semiconductor Equipment,United States,Small Cap,NMS,USD
AP1.F,"Aspen Aerogels, Inc.",Industrials,Building Products,United States,Small Cap,FRA,EUR
APA,APA Corporation,Energy,"Oil, Gas & Consumable Fuels",United States,Large Cap,NMS,USD
APC,ARKO Petroleum Corp. Class A Common Stock,Energy,"Oil, Gas & Consumable Fuels",United States,Small Cap,NMS,USD
APD,"Air Products and Chemicals, Inc.",Materials,Chemicals,United States,Large Cap,NYQ,USD
APEI,"American Public Education, Inc.",Consumer Staples,Household Products,United States,Small Cap,NMS,USD
APG,APi Group Corporation,Industrials,Construction & Engineering,United States,Large Cap,NYQ,USD
APGE,Apogee Therapeutics Inc. Common Stock,Health Care,Biotechnology,United States,Mid Cap,NMS,USD
APH,Amphenol Corporation Class A,Information Technology,"Electronic Equipment, Instruments & Components",United States,Large Cap,NYQ,USD
APH.F,"Ampio Pharmaceuticals, Inc.",Health Care,Biotechnology,United States,Small Cap,FRA,EUR
APLD,"Applied Science Products, Inc.",Industrials,Aerospace & Defense,United States,Mid Cap,PNK,USD
APLS,"Apellis Pharmaceuticals, Inc.",Health Care,Biotechnology,United States,Mid Cap,NMS,USD
APOG,"Apogee Enterprises, Inc.",Industrials,Building Products,United States,Small Cap,NMS,USD
APP,AppLovin Corp. Class A,Information Technology,Software,United States,Large Cap,NMS,USD
APPF,"AppFolio, Inc.",Information Technology,Software,United States,Mid Cap,NMS,USD
APPN,Appian Corporation Class A,Information Technology,Software,United States,Small Cap,NMS,USD
APPS,"Digital Turbine, Inc.",Information Technology,Software,United States,Small Cap,NCM,USD
APR,"Apria, Inc.",Health Care,Health Care Equipment & Supplies,United States,Small Cap,NMS,USD
AQST,"Aquestive Therapeutics, Inc.",Health Care,Pharmaceuticals,United States,Small Cap,NMS,USD
AQUA,EVOQUA WATER TECHNOLOGIES CORP.,Industrials,Construction & Engineering,United States,Mid Cap,NYQ,USD
AR,Antero Resources Corporation,Energy,"Oil, Gas & Consumable Fuels",United States,Large Cap,NYQ,USD
ARCAD.AS,Arcadis NV,Industrials,Construction & Engineering,Netherlands,Mid Cap,AMS,EUR
ARCB,ArcBest Corporation,Industrials,Transportation Infrastructure,United States,Mid Cap,NMS,USD
ARCH,"ARCH RESOURCES, INC.",Materials,Metals & Mining,United States,Mid Cap,NYQ,USD
ARDT,Ardent Health Partners Inc. Common Stock,Health Care,,United States,Small Cap,NYQ,USD
ARDX,"Ardelyx, Inc.",Health Care,Biotechnology,United States,Small Cap,NGM,USD
ARGX,argenx SE,Health Care,Biotechnology,Netherlands,Large Cap,NMS,USD
ARHS,Arhaus Inc. Class A Common Stock,Industrials,Building Products,United States,Small Cap,NMS,USD
ARKO,Arko Corp.,Consumer Staples,Food & Staples Retailing,United States,Small Cap,NCM,USD
ARLO,"Arlo Technologies, Inc.",Industrials,Professional Services,United States,Small Cap,NYQ,USD
ARLP,"Alliance Resource Partners, L.P.",Materials,Metals & Mining,United States,Mid Cap,NMS,USD
ARMK,Aramark,Consumer Discretionary,"Hotels, Restaurants & Leisure",United States,Large Cap,NYQ,USD
ARMP,Armata Pharmaceuticals Inc.,Health Care,Biotechnology,United States,Small Cap,ASE,USD
ARMZF,Aura Minerals Inc.,Materials,Metals & Mining,United States,Small Cap,PNK,USD
ARNA,"Arena Pharmaceuticals, Inc.",Health Care,Biotechnology,United States,Mid Cap,NMS,USD
ARNC,ARCONIC CORPORATION,Industrials,Machinery,United States,Mid Cap,NYQ,USD
ARNGF,Argonaut Gold Inc.,Materials,Metals & Mining,United States,Small Cap,PNK,USD
AROC,"Archrock, Inc.",Energy,Energy Equipment & Services,United States,Mid Cap,NYQ,USD
ARQT,"Arcutis Biotherapeutics, Inc.",Health Care,Biotechnology,United States,Mid Cap,NMS,USD
ARRY,"Array Technologies, Inc.",Information Technology,"Technology Hardware, Storage & Peripherals",United States,Small Cap,NGM,USD
ARTNA,Artesian Resources Corporation,Utilities,Water Utilities,United States,Small Cap,NMS,USD
ARVN,"Arvinas, Inc.",Health Care,Biotechnology,United States,Small Cap,NMS,USD
ARW,"Arrow Electronics, Inc.",Information Technology,"Electronic Equipment, Instruments & Components",United States,Mid Cap,NYQ,USD
ARWR,"Arrowhead Pharmaceuticals, Inc.",Health Care,Biotechnology,United States,Mid Cap,NMS,USD
ARXS,Arxis Inc. Class A Common Stock,Industrials,Aerospace & Defense,United States,Large Cap,NMS,USD
ASAN,"Asana, Inc.",Information Technology,Software,United States,Small Cap,NYQ,USD
ASGN,ASGN Incorporated,Industrials,Professional Services,United States,Small Cap,NYQ,USD
ASH,Ashland Inc.,Materials,Chemicals,United States,Mid Cap,NYQ,USD
ASIX,AdvanSix Inc.,Materials,Chemicals,United States,Small Cap,NYQ,USD
ASLE,AerSale Corporation,Industrials,Air Freight & Logistics,United States,Small Cap,NMS,USD
ASM.AS,ASM International N.V.,Information Technology,Semiconductors & Semiconductor Equipment,Netherlands,Large Cap,AMS,EUR
ASMB,"Assembly Biosciences, Inc.",Health Care,Biotechnology,United States,Small Cap,NMS,USD
ASML.AS,ASML Holding N.V.,Information Technology,Semiconductors & Semiconductor Equipment,Netherlands,Mega Cap,AMS,EUR
ASO,"Academy Sports and Outdoors, Inc.",Consumer Discretionary,Specialty Retail,United States,Mid Cap,NMS,USD
ASPI,ASP Isotopes Inc. Common Stock,Materials,Chemicals,United States,Small Cap,NMS,USD
ASST,Asset Entities Inc. Class B Common Stock,Information Technology,Software,United States,Small Cap,NMS,USD
ASTE,"Astec Industries, Inc.",Industrials,Machinery,United States,Small Cap,NMS,USD
ASTH,Astrana Health Inc. Common Stock,Industrials,Professional Services,United States,Small Cap,NMS,USD
ASTS,"AST SpaceMobile, Inc.",Communication Services,Diversified Telecommunication Services,United States,Large Cap,NMS,USD
AT2.F,"Atara Biotherapeutics, Inc.",Health Care,Biotechnology,United States,Small Cap,FRA,EUR
ATCD,Altair Corp.,Industrials,Machinery,United States,Mid Cap,PNK,USD
ATEC,"Alphatec Holdings, Inc.",Health Care,Health Care Technology,United States,Mid Cap,NMS,USD
ATEX,Anterix Inc.,Communication Services,Diversified Telecommunication Services,United States,Small Cap,NCM,USD
ATGE,Adtalem Global Education Inc.,Consumer Staples,Household Products,United States,Mid Cap,NYQ,USD
ATI,Allegheny Technologies Incorporated,Industrials,Building Products,United States,Large Cap,NYQ,USD
ATKR,Atkore Inc.,Industrials,Electrical Equipment,United States,Mid Cap,NYQ,USD
ATMU,Atmus Filtration Technologies Inc.,Industrials,,United States,Mid Cap,NYQ,USD
ATNI,"ATN International, Inc.",Communication Services,Diversified Telecommunication Services,United States,Small Cap,NMS,USD
ATO,Atmos Energy Corporation,Utilities,Gas Utilities,United States,Large Cap,NYQ,USD
ATR,"AptarGroup, Inc.",Consumer Discretionary,Distributors,United States,Mid Cap,NYQ,USD
ATRC,"AtriCure, Inc.",Health Care,Health Care Equipment & Supplies,United States,Small Cap,NMS,USD
ATRI,Atrion Corporation,Health Care,Health Care Equipment & Supplies,United States,Small Cap,NMS,USD
ATRO,Astronics Corporation,Industrials,Aerospace & Defense,United States,Mid Cap,NMS,USD
ATRS,"Antares Pharma, Inc.",Health Care,Health Care Equipment & Supplies,United States,Small Cap,NMS,USD
ATSG,"AIR TRANSPORT SERVICES GROUP, INC.",Industrials,Air Freight & Logistics,United States,Small Cap,NMS,USD
ATUS,"Altice USA, Inc.",Communication Services,Diversified Telecommunication Services,United States,Small Cap,NYQ,USD
ATVI,"ACTIVISION BLIZZARD, INC.",Communication Services,Interactive Media & Services,United States,Large Cap,NMS,USD
ATXS,Astria Therapeutics Inc. Common Stock,Health Care,Biotechnology,United States,Small Cap,NMS,USD
AUR,Aurora Innovation Inc. Class A Common Stock,Information Technology,Software,United States,Mid Cap,NMS,USD
AURA,Aura Biosciences Inc. Common Stock,Health Care,Biotechnology,United States,Small Cap,NMS,USD
AVA,Avista Corporation,Utilities,Multi-Utilities,United States,Mid Cap,NYQ,USD
AVAH,Aveanna Healthcare Holdings Inc.,Health Care,Health Care Equipment & Supplies,United States,Small Cap,NMS,USD
AVAV,"AeroVironment, Inc.",Industrials,Aerospace & Defense,United States,Large Cap,NMS,USD
AVBP,ArriVent BioPharma Inc. Common Stock,Health Care,,United States,Small Cap,NMS,USD
AVDX,AvidXchange Holdings Inc. Common Stock,Information Technology,Software,United States,Mid Cap,NMS,USD
AVGO,Broadcom Inc.,Information Technology,Semiconductors & Semiconductor Equipment,United States,Mega Cap,NMS,USD
AVHHL,"AVITA Medical, Inc.",Health Care,Health Care Technology,United States,Small Cap,PNK,USD
AVID,"Avid Technology, Inc.",Communication Services,Interactive Media & Services,United States,Small Cap,NMS,USD
AVIR,"Atea Pharmaceuticals, Inc.",Health Care,Biotechnology,United States,Small Cap,NMS,USD
AVLN,Avalyn Pharma Inc. Common Stock,Health Care,Biotechnology,United States,Small Cap,NMS,USD
AVLR,"Avalara, Inc.",Information Technology,Software,United States,Large Cap,NYQ,USD
AVNS,"Avanos Medical, Inc.",Health Care,Health Care Technology,United States,Small Cap,NYQ,USD
AVO,"Mission Produce, Inc.",Consumer Staples,Household Products,United States,Small Cap,NMS,USD
AVPT,AvePoint Inc. Class A Common Stock,Information Technology,Software,United States,Mid Cap,NMS,USD
AVR,Anteris Technologies Global Corp. Common Stock,Health Care,,United States,Small Cap,NMS,USD
AVT,"Avnet, Inc.",Information Technology,"Electronic Equipment, Instruments & Components",United States,Mid Cap,NMS,USD
AVTR,"Avantor, Inc.",Materials,Chemicals,United States,Mid Cap,NYQ,USD
AVTX,Avalo Therapeutics Inc. Common Stock,Health Care,Biotechnology,United States,Small Cap,NMS,USD
AVU.F,"Adverum Biotechnologies, Inc.",Health Care,Biotechnology,United States,Small Cap,FRA,EUR
AVXL,Anavex Life Sciences Corp.,Health Care,Biotechnology,United States,Small Cap,NMS,USD
AVY,Avery Dennison Corporation,Industrials,Commercial Services & Supplies,United States,Large Cap,NYQ,USD
AVYA,AVAYA HOLDINGS CORP,Information Technology,Software,United States,Mid Cap,NYQ,USD
AWI,"Armstrong World Industries, Inc.",Industrials,Building Products,United States,Mid Cap,NYQ,USD
AWK,"American Water Works Company, Inc.",Utilities,Water Utilities,United States,Large Cap,NYQ,USD
AWR,American States Water Company,Utilities,Water Utilities,United States,Mid Cap,NYQ,USD
AXD2.F,"Heron Therapeutics, Inc.",Health Care,Biotechnology,United States,Small Cap,FRA,EUR
AXDX.MX,"Accelerate Diagnostics, Inc.",Health Care,Biotechnology,United States,Small Cap,MEX,MXN
AXGN,"AxoGen, Inc.",Health Care,Health Care Technology,United States,Small Cap,NCM,USD
AXL,"American Axle & Manufacturing Holdings, Inc.",Consumer Discretionary,Auto Components,United States,Small Cap,NYQ,USD
AXNX,"Axonics, Inc.",Health Care,Health Care Technology,United States,Mid Cap,NMS,USD
AXON,Axon Enterprise Inc,Industrials,Aerospace & Defense,United States,Large Cap,NMS,USD
AXSM,"Axsome Therapeutics, Inc.",Health Care,Biotechnology,United States,Mid Cap,NMS,USD
AXTA,Axalta Coating Systems Ltd.,Materials,Chemicals,United States,Mid Cap,NYQ,USD
AXTI,"AXT, Inc.",Information Technology,Semiconductors & Semiconductor Equipment,United States,Small Cap,NMS,USD
AYI,"Acuity Brands, Inc.",Industrials,Electrical Equipment,United States,Mid Cap,NYQ,USD
AYRWF,AYR WELLNESS INC.,Health Care,Pharmaceuticals,United States,Small Cap,PNK,USD
AYX,"Alteryx, Inc.",Information Technology,Software,United States,Mid Cap,NYQ,USD
AZEK,The AZEK Company Inc.,Industrials,Building Products,United States,Mid Cap,NYQ,USD
AZPN,"Aspen Technology, Inc.",Information Technology,Software,United States,Large Cap,NMS,USD
AZTA,Azenta Inc.,Health Care,Health Care Technology,United States,Small Cap,NMS,USD
AZZ,AZZ Inc.,Industrials,Electrical Equipment,United States,Mid Cap,NYQ,USD
B,Barnes Group Inc.,Industrials,Machinery,United States,Large Cap,NYQ,USD
B04.F,"Boku, Inc.",Information Technology,IT Services,United States,Small Cap,FRA,EUR
BA,Boeing Company (The),Industrials,Aerospace & Defense,United States,Large Cap,NYQ,USD
BAH,Booz Allen Hamilton Holding Corporation Class A,Industrials,Professional Services,United States,Mid Cap,NYQ,USD
BALL,Ball Corporation Common Stock,Consumer Discretionary,Distributors,United States,Large Cap,NYQ,USD
BALY,Bally's Corporation,Consumer Discretionary,"Hotels, Restaurants & Leisure",United States,Small Cap,NYQ,USD
BAMNB.AS,Koninklijke BAM Groep NV,Industrials,Construction & Engineering,Netherlands,Small Cap,AMS,EUR
BAND,Bandwidth Inc. Class A,Information Technology,Software,United States,Small Cap,NMS,USD
BASE,Couchbase Inc. Common Stock,Information Technology,Software,United States,Small Cap,NMS,USD
BATRA,The Liberty Braves Group,Communication Services,Entertainment,United States,Mid Cap,NMS,USD
BAX,Baxter International Inc.,Health Care,Health Care Equipment & Supplies,United States,Large Cap,NYQ,USD
BAYP,"Bayport International Holdings, Inc.",Energy,,United States,Large Cap,PNK,USD
BBAI,BigBear.ai Inc. Common Stock,Information Technology,Software,United States,Small Cap,NYQ,USD
BBBY,Bed Bath & Beyond Inc.,Consumer Discretionary,Specialty Retail,United States,Small Cap,NMS,USD
BBCP,"Concrete Pumping Holdings, Inc.",Industrials,Construction & Engineering,United States,Small Cap,NMS,USD
BBIG,"Vinco Ventures, Inc.",Consumer Discretionary,"Hotels, Restaurants & Leisure",United States,Small Cap,NCM,USD
BBIO,"BridgeBio Pharma, Inc.",Health Care,Biotechnology,United States,Large Cap,NMS,USD
BBNX,Beta Bionics Inc. Common Stock,Health Care,Health Care Technology,United States,Small Cap,NMS,USD
BBOT,BridgeBio Oncology Therapeutics Inc. Common Stock  ,Health Care,Biotechnology,United States,Small Cap,NMS,USD
BBSI,"Barrett Business Services, Inc.",Industrials,Professional Services,United States,Small Cap,NMS,USD
BBW,"Build-A-Bear Workshop, Inc.",Consumer Discretionary,Specialty Retail,United States,Small Cap,NYQ,USD
BBWI,Bath & Body Works Inc.,Industrials,Professional Services,United States,Mid Cap,NYQ,USD
BBY,"Best Buy Co., Inc.",Consumer Discretionary,Specialty Retail,United States,Large Cap,NYQ,USD
BBY.DE,Bed Bath &amp; Beyond Inc.,Consumer Discretionary,,United States,Mid Cap,GER,EUR
BC,Brunswick Corporation,Consumer Discretionary,"Hotels, Restaurants & Leisure",United States,Mid Cap,NYQ,USD
BCAX,Bicara Therapeutics Inc. Common Stock,Health Care,,United States,Small Cap,NMS,USD
BCC,Boise Cascade Co.,Materials,Paper & Forest Products,United States,Mid Cap,NYQ,USD
BCEI,"Bonanza Creek Energy, Inc.",Energy,"Oil, Gas & Consumable Fuels",United States,Small Cap,NYQ,USD
BCPC,Balchem Corp,Materials,Chemicals,United States,Mid Cap,NMS,USD
BCRX,"BioCryst Pharmaceuticals, Inc.",Health Care,Biotechnology,United States,Small Cap,NMS,USD
BDC,Belden Inc.,Industrials,Electrical Equipment,United States,Mid Cap,NYQ,USD
BDO.F,Clarus Corporation,Consumer Discretionary,"Hotels, Restaurants & Leisure",United States,Small Cap,FRA,EUR
BDSI,"BioDelivery Sciences International, Inc.",Health Care,Pharmaceuticals,United States,Small Cap,NMS,USD
BDX,"Becton, Dickinson and Company",Health Care,Health Care Equipment & Supplies,United States,Large Cap,NYQ,USD
BE,Bloom Energy Corporation,Industrials,Electrical Equipment,United States,Large Cap,NYQ,USD
BEAM,Beam Therapeutics Inc.,Health Care,Biotechnology,United States,Mid Cap,NMS,USD
BECN,"Beacon Roofing Supply, Inc.",Industrials,Building Products,United States,Mid Cap,NMS,USD
BELFA,Bel Fuse Inc.,Information Technology,"Electronic Equipment, Instruments & Components",United States,Mid Cap,NMS,USD
BEPC,Brookfield Renewable Corporation,Utilities,Independent Power and Renewable Electricity Producers,United States,Large Cap,NYQ,USD
BERY,"Berry Global Group, Inc.",Consumer Discretionary,Distributors,United States,Mid Cap,NYQ,USD
BESI.AS,BE Semiconductor Industries N.V.,Information Technology,Semiconductors & Semiconductor Equipment,Netherlands,Mid Cap,AMS,EUR
BETA,Beta Technologies Inc. Class A Common Stock,Industrials,Aerospace & Defense,United States,Mid Cap,NYQ,USD
BF-A,Brown-Forman Corporation,Consumer Staples,Beverages,United States,Large Cap,NYQ,USD
BFAM,Bright Horizons Family Solutions Inc.,Consumer Discretionary,"Hotels, Restaurants & Leisure",United States,Mid Cap,NYQ,USD
BFIT.AS,Basic-Fit NV,Consumer Discretionary,"Hotels, Restaurants & Leisure",Netherlands,Mid Cap,AMS,EUR
BG,Bunge Limited,Consumer Staples,Household Products,United States,Large Cap,NYQ,USD
BG3.F,Big 5 Sporting Goods Corporation,Consumer Discretionary,Specialty Retail,United States,Small Cap,FRA,EUR
BGRY,Berkshire Grey Inc. Class A Common Stock,Industrials,Machinery,United States,Small Cap,NMS,USD
BGS,"B&G Foods, Inc.",Consumer Staples,Food & Staples Retailing,United States,Small Cap,NYQ,USD
BH,Biglari Holdings Inc.,Consumer Discretionary,"Hotels, Restaurants & Leisure",United States,Small Cap,NYQ,USD
BHE,"Benchmark Electronics, Inc.",Information Technology,"Electronic Equipment, Instruments & Components",United States,Mid Cap,NYQ,USD
BHVN,Biohaven Pharmaceutical Holding Company Ltd.,Health Care,Biotechnology,United States,Small Cap,NYQ,USD
BIGC,"BigCommerce Holdings, Inc.",Information Technology,Software,United States,Small Cap,NGM,USD
BIIB,Biogen Inc.,Health Care,Pharmaceuticals,United States,Large Cap,NMS,USD
BILL,"BILL Holdings, Inc.",Information Technology,Software,United States,Mid Cap,NYQ,USD
BIO,"Bio-Rad Laboratories, Inc. Class A",Health Care,Health Care Technology,United States,Mid Cap,NYQ,USD
BIOA,BioAge Labs Inc. Common Stock,Health Care,Biotechnology,United States,Small Cap,NMS,USD
BIPC,Brookfield Infrastructure Corporation,Utilities,Gas Utilities,United States,Mid Cap,NYQ,USD
BJ,"BJ's Wholesale Club Holdings, Inc.",Consumer Staples,Household Products,United States,Large Cap,NYQ,USD
BJRI,"BJ's Restaurants, Inc.",Consumer Discretionary,"Hotels, Restaurants & Leisure",United States,Small Cap,NMS,USD
BKD,Brookdale Senior Living Inc.,Health Care,Health Care Equipment & Supplies,United States,Mid Cap,NYQ,USD
BKE,"The Buckle, Inc.",Consumer Discretionary,"Textiles, Apparel & Luxury Goods",United States,Mid Cap,NYQ,USD
BKH,Black Hills Corporation,Utilities,Multi-Utilities,United States,Mid Cap,NYQ,USD
BKI,"BLACK KNIGHT, INC.",Information Technology,Software,United States,Large Cap,NYQ,USD
BKNG,Booking Holdings Inc.,Consumer Discretionary,"Hotels, Restaurants & Leisure",United States,Large Cap,NMS,USD
BKR,Baker Hughes Company Class A,Energy,Energy Equipment & Services,United States,Large Cap,NYQ,USD
BKRP,Black Rock Petroleum Company,Energy,"Oil, Gas & Consumable Fuels",United States,Small Cap,PNK,USD
BKSY,BlackSky Technology Inc. Class A Common Stock,Information Technology,"Electronic Equipment, Instruments & Components",United States,Small Cap,NYQ,USD
BKTI,BK Technologies Corporation,Information Technology,Communications Equipment,United States,Small Cap,ASE,USD
BKUH,"Bakhu Holdings, Corp.",Health Care,Pharmaceuticals,United States,Small Cap,PNK,USD
BKV,BKV Corporation Common Stock,Energy,"Oil, Gas & Consumable Fuels",United States,Mid Cap,NYQ,USD
BL,"BlackLine, Inc.",Information Technology,Software,United States,Mid Cap,NMS,USD
BLBD,Blue Bird Corporation,Consumer Discretionary,Automobiles,United States,Small Cap,NGM,USD
BLD,TopBuild Corp.,Industrials,Construction & Engineering,United States,Large Cap,NYQ,USD
BLDE,Blade Air Mobility Inc. Class A Common Stock,Industrials,Aerospace & Defense,United States,Small Cap,NMS,USD
BLDR,"Builders FirstSource, Inc.",Industrials,Building Products,United States,Large Cap,NMS,USD
BLE.F,"bluebird bio, Inc.",Health Care,Biotechnology,United States,Small Cap,FRA,EUR
BLFS,"BioLife Solutions, Inc.",Health Care,Health Care Equipment & Supplies,United States,Small Cap,NCM,USD
BLI,"Berkeley Lights, Inc.",Health Care,Biotechnology,United States,Mid Cap,NMS,USD
BLKB,"Blackbaud, Inc.",Information Technology,Software,United States,Mid Cap,NMS,USD
BLL,Ball Corporation,Consumer Discretionary,Distributors,United States,Large Cap,NYQ,USD
BLLN,BillionToOne Inc. Class A Common Stock,Health Care,Biotechnology,United States,Mid Cap,NMS,USD
BLMN,"Bloomin' Brands, Inc.",Consumer Discretionary,"Hotels, Restaurants & Leisure",United States,Small Cap,NMS,USD
BLNKW,Blink Charging Co.,Consumer Discretionary,Specialty Retail,United States,Small Cap,NCM,USD
BLTE,Belite Bio Inc American Depositary Shares,Health Care,Biotechnology,United States,Mid Cap,NMS,USD
BMBL,Bumble Inc.,Information Technology,Software,United States,Small Cap,NMS,USD
BMI,"Badger Meter, Inc.",Industrials,Electrical Equipment,United States,Mid Cap,NYQ,USD
BMRN,BioMarin Pharmaceutical Inc.,Health Care,Biotechnology,United States,Large Cap,NMS,USD
BMY,Bristol-Myers Squibb Company,Health Care,Pharmaceuticals,United States,Large Cap,NYQ,USD
BNFT,"Benefitfocus, Inc.",Information Technology,Software,United States,Small Cap,NGM,USD
BNTC,Benitec Biopharma Inc.,Health Care,Biotechnology,United States,Small Cap,NCM,USD
BOBS,Bob's Discount Furniture Inc. Common Stock,Consumer Discretionary,Automobiles,United States,Mid Cap,NYQ,USD
BOC,Boston Omaha Corporation Class A Common Stock,Communication Services,Diversified Telecommunication Services,United States,Small Cap,NYQ,USD
BOKA.AS,Royal Boskalis Westminster N.V.,Industrials,Construction & Engineering,Netherlands,Mid Cap,AMS,EUR
BOMN,Boston Omaha Corporation,Communication Services,Diversified Telecommunication Services,United States,Small Cap,NCM,USD
BOOT,"Boot Barn Holdings, Inc.",Consumer Discretionary,"Textiles, Apparel & Luxury Goods",United States,Mid Cap,NYQ,USD
BOV.F,Apyx Medical Corporation,Health Care,Health Care Technology,United States,Small Cap,FRA,EUR
BOWL,Bowlero Corp. Class A Common Stock,Consumer Discretionary,"Hotels, Restaurants & Leisure",United States,Small Cap,ASE,USD
BOX,"Box, Inc.",Information Technology,Software,United States,Mid Cap,NYQ,USD
BPMC,BLUEPRINT MEDICINES CORPORATION,Health Care,Biotechnology,United States,Mid Cap,NMS,USD
BPMP,BP Midstream Partners LP,Energy,"Oil, Gas & Consumable Fuels",United States,Small Cap,NYQ,USD
BR,"Broadridge Financial Solutions, Inc.",Information Technology,IT Services,United States,Large Cap,NYQ,USD
BRBR,"BellRing Brands, Inc.",Consumer Staples,Food & Staples Retailing,United States,Mid Cap,NYQ,USD
BRC,Brady Corporation,Industrials,Professional Services,United States,Mid Cap,NYQ,USD
BRKR,Bruker Corporation,Health Care,Health Care Technology,United States,Mid Cap,NMS,USD
BRKRP,Bruker Corporation 6.375% Mandatory Convertible Preferred Stock Series A,Health Care,Biotechnology,United States,Large Cap,NMS,USD
BRKS,"Brooks Automation, Inc.",Information Technology,Semiconductors & Semiconductor Equipment,United States,Mid Cap,NMS,USD
BRNL.AS,Brunel International N.V.,Industrials,Professional Services,Netherlands,Small Cap,AMS,EUR
BROS,Dutch Bros Inc. Class A Common Stock,Consumer Discretionary,"Hotels, Restaurants & Leisure",United States,Mid Cap,NYQ,USD
BRSL,Brightstar Lottery Ordinary Shares,Consumer Discretionary,"Hotels, Restaurants & Leisure",United States,Mid Cap,NYQ,USD
BRZE,Braze Inc. Class A Common Stock,Information Technology,Software,United States,Mid Cap,NMS,USD
BS50.F,"Inotiv, Inc.",Health Care,Biotechnology,United States,Small Cap,FRA,EUR
BSX,Boston Scientific Corporation,Health Care,,United States,Large Cap,NYQ,USD
BSY,"Bentley Systems, Incorporated Class B",Information Technology,Software,United States,Large Cap,NMS,USD
BTBT,"Bit Digital, Inc.",Information Technology,Software,United States,Small Cap,NMS,USD
BTRS,BTRS Holdings Inc.,Information Technology,Software,United States,Mid Cap,NMS,USD
BTSG,BrightSpring Health Services Inc. Common Stock,Health Care,,United States,Mid Cap,NMS,USD
BTU,Peabody Energy Corporation,Materials,Metals & Mining,United States,Mid Cap,NYQ,USD
BTX,"Brooklyn ImmunoTherapeutics, Inc.",Health Care,Biotechnology,United States,Small Cap,NYQ,USD
BURL,"Burlington Stores, Inc.",Consumer Discretionary,"Textiles, Apparel & Luxury Goods",United States,Large Cap,NYQ,USD
BV,"BrightView Holdings, Inc.",Industrials,Professional Services,United States,Small Cap,NYQ,USD
BVH,Bluegreen Vacations Holding Corporation,Consumer Discretionary,"Hotels, Restaurants & Leisure",United States,Small Cap,NYQ,USD
BVS,Bioventus Inc.,Health Care,Biotechnology,United States,Small Cap,NMS,USD
BW,"Babcock & Wilcox Enterprises, I",Industrials,Electrical Equipment,United States,Small Cap,NYQ,USD
BWA,BorgWarner Inc.,Consumer Discretionary,Auto Components,United States,Large Cap,NYQ,USD
BWMN,Bowman Consulting Group Ltd. Common Stock,Industrials,Professional Services,United States,Small Cap,NMS,USD
BWNB,Babcock & Wilcox Enterprises Inc. 6.50% Senior Notes due 2026,Industrials,Building Products,United States,Mid Cap,NYQ,USD
BWXT,"BWX Technologies, Inc.",Industrials,Aerospace & Defense,United States,Large Cap,NYQ,USD
BX2.F,"BioXcel Therapeutics, Inc.",Health Care,Biotechnology,United States,Small Cap,FRA,EUR
BXBL,BOXABL Inc. Common stock,Industrials,Construction & Engineering,United States,Small Cap,NMS,USD
BXC,BlueLinx Holdings Inc.,Industrials,Building Products,United States,Small Cap,NYQ,USD
BYD,Boyd Gaming Corporation,Consumer Discretionary,"Hotels, Restaurants & Leisure",United States,Mid Cap,NYQ,USD
BYND,"Beyond Meat, Inc.",Consumer Staples,Food & Staples Retailing,United States,Small Cap,NMS,USD
BYON,Beyond Inc. Common Stock,Consumer Discretionary,Internet & Direct Marketing Retail,United States,Small Cap,ASE,USD
BYRND,Byrna Technologies Inc.,Industrials,Aerospace & Defense,United States,Small Cap,PNK,USD
BZH,"Beazer Homes USA, Inc.",Industrials,Construction & Engineering,United States,Small Cap,NYQ,USD
CABA,"Cabaletta Bio, Inc.",Health Care,Biotechnology,United States,Small Cap,NMS,USD
CACI,CACI International Inc,Information Technology,IT Services,United States,Large Cap,NYQ,USD
CAG,"Conagra Brands, Inc.",Consumer Staples,Food & Staples Retailing,United States,Mid Cap,NYQ,USD
CAH,"Cardinal Health, Inc.",Health Care,Health Care Providers & Services,United States,Large Cap,NYQ,USD
CAI,"CAI International, Inc.",Industrials,Commercial Services & Supplies,United States,Mid Cap,NYQ,USD
CAKE,Cheesecake Factory Incorporated,Consumer Discretionary,"Hotels, Restaurants & Leisure",United States,Mid Cap,NMS,USD
CAL,"Caleres, Inc.",Consumer Discretionary,"Textiles, Apparel & Luxury Goods",United States,Small Cap,NYQ,USD
CALM,"Cal-Maine Foods, Inc.",Consumer Staples,Household Products,United States,Mid Cap,NMS,USD
CALX,"Calix, Inc.",Information Technology,Software,United States,Mid Cap,NYQ,USD
CAMP,CalAmp Corp.,Information Technology,Communications Equipment,United States,Small Cap,NMS,USD
CAPL,CrossAmerica Partners LP,Energy,"Oil, Gas & Consumable Fuels",United States,Small Cap,NYQ,USD
CAPR,"Capricor Therapeutics, Inc.",Health Care,Biotechnology,United States,Small Cap,NMS,USD
CAR,"Avis Budget Group, Inc.",Industrials,Commercial Services & Supplies,United States,Mid Cap,NMS,USD
CARG,"CarGurus, Inc.",Communication Services,Diversified Telecommunication Services,United States,Mid Cap,NMS,USD
CARL,Carlsmed Inc. Common Stock,Health Care,Health Care Technology,United States,Small Cap,NMS,USD
CARR,Carrier Global Corp.,Industrials,Building Products,United States,Large Cap,NYQ,USD
CARS,Cars.com Inc.,Consumer Discretionary,Automobiles,United States,Small Cap,NYQ,USD
CART,Maplebear Inc. Common Stock,Information Technology,,United States,Mid Cap,NMS,USD
CASS,"Cass Information Systems, Inc.",Industrials,Professional Services,United States,Small Cap,NMS,USD
CASY,"Casey's General Stores, Inc.",Consumer Staples,Food & Staples Retailing,United States,Large Cap,NMS,USD
CAT,Caterpillar Inc.,Industrials,Machinery,United States,Mega Cap,NYQ,USD
CATM,Cardtronics plc,Industrials,Commercial Services & Supplies,United States,Small Cap,NMS,USD
CATX,Perspective Therapeutics Inc. Common Stock,Health Care,Biotechnology,United States,Small Cap,ASE,USD
CAVA,CAVA Group Inc. Common Stock,Consumer Discretionary,"Hotels, Restaurants & Leisure",United States,Mid Cap,NYQ,USD
CBAY,"CymaBay Therapeutics, Inc.",Health Care,Biotechnology,United States,Mid Cap,NMS,USD
CBB,Cincinnati Bell Inc.,Communication Services,Diversified Telecommunication Services,United States,Small Cap,NYQ,USD
CBIO,"Catalyst Biosciences, Inc.",Health Care,Biotechnology,United States,Small Cap,NMS,USD
CBLL,CeriBell Inc. Common Stock,Health Care,,United States,Small Cap,NMS,USD
CBRL,"Cracker Barrel Old Country Store, Inc.",Consumer Discretionary,"Hotels, Restaurants & Leisure",United States,Small Cap,NMS,USD
CBRS,Cerebras Systems Inc. Class A Common Stock,Information Technology,Semiconductors & Semiconductor Equipment,United States,Large Cap,NMS,USD
CBT,Cabot Corporation,Materials,Chemicals,United States,Mid Cap,NYQ,USD
CBZ,"CBIZ, Inc.",Industrials,Professional Services,United States,Small Cap,NYQ,USD
CC,The Chemours Company,Materials,Chemicals,United States,Mid Cap,NYQ,USD
CC6.F,Comtech Telecommunications Corp.,Information Technology,Communications Equipment,United States,Small Cap,FRA,EUR
CCC,CCC Intelligent Solutions Holdings Inc. Common Stock,Information Technology,Software,United States,Mid Cap,NMS,USD
CCCC,"C4 Therapeutics, Inc.",Health Care,Biotechnology,United States,Small Cap,NMS,USD
CCF,Chase Corporation,Materials,Chemicals,United States,Small Cap,ASE,USD
CCHWF,Columbia Care Inc.,Health Care,Pharmaceuticals,United States,Small Cap,PNK,USD
CCK,"Crown Holdings, Inc.",Consumer Discretionary,Distributors,United States,Large Cap,NYQ,USD
CCL,Carnival Corporation & plc,Consumer Discretionary,"Hotels, Restaurants & Leisure",United States,Large Cap,NYQ,USD
CCLDO,CareCloud Inc. 8.75% Series B Cumulative Redeemable Perpetual Preferred Stock,Health Care,Health Care Providers & Services,United States,Small Cap,NMS,USD
CCLDP,CareCloud Inc. 11% Series A Cumulative Redeemable Perpetual Preferred Stock,Health Care,Health Care Providers & Services,United States,Small Cap,NMS,USD
CCLP,CSI Compressco LP,Energy,Energy Equipment & Services,United States,Small Cap,NMS,USD
CCMP,"CMC Materials, Inc.",Information Technology,Semiconductors & Semiconductor Equipment,United States,Mid Cap,NMS,USD
CCO,"Clear Channel Outdoor Holdings, Inc.",Communication Services,Diversified Telecommunication Services,United States,Small Cap,NYQ,USD
CCOI,"Cogent Communications Holdings, Inc.",Communication Services,Diversified Telecommunication Services,United States,Small Cap,NMS,USD
CCS,"Century Communities, Inc.",Industrials,Construction & Engineering,United States,Small Cap,NYQ,USD
CCSI,Consensus Cloud Solutions Inc. Common Stock,Information Technology,Software,United States,Small Cap,NMS,USD
CDAK,"Codiak BioSciences, Inc.",Health Care,Biotechnology,United States,Small Cap,NGM,USD
CDAY,Ceridian HCM Holding Inc.,Information Technology,Software,United States,Large Cap,NYQ,USD
CDE,"Coeur Mining, Inc.",Materials,Metals & Mining,United States,Large Cap,NYQ,USD
CDEV,"Centennial Resource Development, Inc.",Energy,"Oil, Gas & Consumable Fuels",United States,Small Cap,NMS,USD
CDK,"CDK Global, Inc.",Information Technology,Software,United States,Mid Cap,NMS,USD
CDMO,"Avid Bioservices, Inc.",Health Care,Biotechnology,United States,Small Cap,NCM,USD
CDNA,"CareDx, Inc.",Health Care,Biotechnology,United States,Small Cap,NMS,USD
CDNS,"Cadence Design Systems, Inc.",Information Technology,Software,United States,Large Cap,NMS,USD
CDRE,Cadre Holdings Inc. Common Stock,Industrials,,United States,Small Cap,NYQ,USD
CDTX,"Cidara Therapeutics, Inc.",Health Care,Biotechnology,United States,Mid Cap,NGM,USD
CDW,CDW Corporation,Information Technology,IT Services,United States,Large Cap,NMS,USD
CDXC,ChromaDex Corporation,Health Care,Biotechnology,United States,Small Cap,NMS,USD
CDZI,Cadiz Inc.,Utilities,Water Utilities,United States,Small Cap,NGM,USD
CDZIP,Cadiz Inc. Depositary Shares,Utilities,Water Utilities,United States,Small Cap,NMS,USD
CE,Celanese Corporation,Materials,Chemicals,United States,Mid Cap,NYQ,USD
CECO,CECO Environmental Corp. Common Stock,Industrials,,United States,Mid Cap,NMS,USD
CEG,Constellation Energy Corporation Common Stock ,Utilities,Electric Utilities,United States,Large Cap,NMS,USD
CEIX,CONSOL Energy Inc.,Materials,Metals & Mining,United States,Mid Cap,NYQ,USD
CELC,Celcuity Inc.,Health Care,Biotechnology,United States,Mid Cap,NCM,USD
CELH,"Celsius Holdings, Inc.",Consumer Staples,Beverages,United States,Large Cap,NMS,USD
CENT,Central Garden & Pet Company,Consumer Staples,Food & Staples Retailing,United States,Mid Cap,NMS,USD
CENX,Century Aluminum Company,Materials,Metals & Mining,United States,Mid Cap,NMS,USD
CEPL,Capstone Energy Plus Inc. Common Stock,Information Technology,"Electronic Equipment, Instruments & Components",United States,Small Cap,NMS,USD
CERE,"Cerevel Therapeutics Holdings, Inc.",Health Care,Biotechnology,United States,Mid Cap,NCM,USD
CERN,Cerner Corporation,Health Care,Health Care Providers & Services,United States,Large Cap,NMS,USD
CERS,Cerus Corporation,Health Care,,United States,Small Cap,NMS,USD
CERT,"Certara, Inc.",Health Care,Biotechnology,United States,Small Cap,NMS,USD
CEVA,"CEVA, Inc.",Information Technology,Semiconductors & Semiconductor Equipment,United States,Small Cap,NMS,USD
CF,"IES Holdings, Inc.",Industrials,Construction & Engineering,United States,Large Cap,NYQ,USD
CFLT,Confluent Inc. Class A Common Stock,Information Technology,Software,United States,Large Cap,NMS,USD
CFX,Colfax Corporation,Industrials,Machinery,United States,Mid Cap,NYQ,USD
CGE.F,Alcatel-Lucent,Information Technology,,United States,Large Cap,FRA,EUR
CGEM,"Cullinan Oncology, Inc.",Health Care,Biotechnology,United States,Small Cap,NMS,USD
CGNX,Cognex Corporation,Information Technology,"Electronic Equipment, Instruments & Components",United States,Mid Cap,NMS,USD
CGON,CG Oncology Inc. Common stock,Health Care,,United States,Mid Cap,NMS,USD
CHD,"Church & Dwight Co., Inc.",Consumer Staples,Household Products,United States,Large Cap,NYQ,USD
CHDN,"Churchill Downs, Incorporated",Consumer Discretionary,"Hotels, Restaurants & Leisure",United States,Mid Cap,NMS,USD
CHE,Chemed Corporation,Health Care,Health Care Equipment & Supplies,United States,Mid Cap,NYQ,USD
CHEF,"The Chefs' Warehouse, Inc.",Consumer Staples,Food & Staples Retailing,United States,Mid Cap,NMS,USD
CHH,"Choice Hotels International, Inc.",Consumer Discretionary,"Hotels, Restaurants & Leisure",United States,Mid Cap,NYQ,USD
CHK,Chesapeake Energy Corporation,Energy,"Oil, Gas & Consumable Fuels",United States,Large Cap,NMS,USD
CHNG,Change Healthcare Inc.,Health Care,Health Care Providers & Services,United States,Mid Cap,NMS,USD
CHPT-WT,"ChargePoint Holdings, Inc.",Consumer Discretionary,Specialty Retail,United States,Mid Cap,NYQ,USD
CHRD,Chord Energy Corporation Common Stock,Energy,"Oil, Gas & Consumable Fuels",United States,Mid Cap,NMS,USD
CHRW,"C.H. Robinson Worldwide, Inc.",Industrials,Air Freight & Logistics,United States,Large Cap,NMS,USD
CHS,"Chico's FAS, Inc.",Consumer Discretionary,"Textiles, Apparel & Luxury Goods",United States,Small Cap,NYQ,USD
CHSCL,CHS Inc.,Consumer Staples,Household Products,United States,Small Cap,NMS,USD
CHTR,"Charter Communications, Inc. Class A",Communication Services,Entertainment,United States,Large Cap,NMS,USD
CHUY,"Chuy's Holdings, Inc.",Consumer Discretionary,"Hotels, Restaurants & Leisure",United States,Small Cap,NMS,USD
CHWY,"Chewy, Inc.",Consumer Discretionary,Internet & Direct Marketing Retail,United States,Large Cap,NYQ,USD
CHX,ChampionX Corporation,Energy,Energy Equipment & Services,United States,Mid Cap,NMS,USD
CI,Cigna Corporation,Health Care,Health Care Providers & Services,United States,Large Cap,NYQ,USD
CIEN,Ciena Corporation,Information Technology,Communications Equipment,United States,Large Cap,NYQ,USD
CIR,"CIRCOR International, Inc.",Industrials,Machinery,United States,Small Cap,NYQ,USD
CIVI,Civitas Resources Inc. Common Stock,Energy,"Oil, Gas & Consumable Fuels",United States,Mid Cap,ASE,USD
CKPT,"Checkpoint Therapeutics, Inc.",Health Care,Biotechnology,United States,Small Cap,NMS,USD
CL,Colgate-Palmolive Company,Consumer Staples,Household Products,United States,Large Cap,NYQ,USD
CLB.AS,Core Laboratories N.V.,Energy,Energy Equipment & Services,Netherlands,Small Cap,AMS,EUR
CLDR,"Cloudera, Inc.",Information Technology,Software,United States,Mid Cap,NYQ,USD
CLDX,"Celldex Therapeutics, Inc.",Health Care,Biotechnology,United States,Small Cap,NCM,USD
CLF,Cleveland-Cliffs Inc,Materials,Metals & Mining,United States,Mid Cap,NYQ,USD
CLFD,"Clearfield, Inc.",Information Technology,Communications Equipment,United States,Small Cap,NMS,USD
CLGX,"CoreLogic, Inc.",Information Technology,IT Services,United States,Mid Cap,NYQ,USD
CLH,"Clean Harbors, Inc.",Industrials,Transportation Infrastructure,United States,Large Cap,NYQ,USD
CLMB,Climb Global Solutions Inc. Common Stock,Information Technology,Software,United States,Small Cap,NMS,USD
CLMT,"Calumet Specialty Products Partners, L.P.",Energy,"Oil, Gas & Consumable Fuels",United States,Mid Cap,NMS,USD
CLNE,Clean Energy Fuels Corp.,Energy,"Oil, Gas & Consumable Fuels",United States,Small Cap,NMS,USD
CLOV,"Clover Health Investments, Corp.",Health Care,Health Care Providers & Services,United States,Small Cap,NMS,USD
CLPE,"Clear Peak Energy, Inc.",Utilities,Independent Power and Renewable Electricity Producers,United States,Mid Cap,PNK,USD
CLPT,"ClearPoint Neuro, Inc.",Health Care,Health Care Technology,United States,Small Cap,NMS,USD
CLR,"Continental Resources, Inc.",Energy,"Oil, Gas & Consumable Fuels",United States,Large Cap,NYQ,USD
CLSK,"CleanSpark, Inc.",Information Technology,Software,United States,Mid Cap,NMS,USD
CLVS,"Clovis Oncology, Inc.",Health Care,Biotechnology,United States,Small Cap,NMS,USD
CLX,The Clorox Company,Consumer Staples,Household Products,United States,Large Cap,NYQ,USD
CLYM,Climb Bio Inc. Common Stock,Health Care,Biotechnology,United States,Small Cap,NMS,USD
CMC,Commercial Metals Company,Materials,Metals & Mining,United States,Mid Cap,NYQ,USD
CMCO,Columbus McKinnon Corporation,Industrials,Machinery,United States,Small Cap,NMS,USD
CMCOM.AS,CM.com N.V.,Information Technology,Software,Netherlands,Small Cap,AMS,EUR
CMCSA,Comcast Corporation,Communication Services,Entertainment,United States,Large Cap,NMS,USD
CMD,Cantel Medical Corp.,Health Care,Health Care Equipment & Supplies,United States,Mid Cap,NYQ,USD
CMG,"Chipotle Mexican Grill, Inc.",Consumer Discretionary,"Hotels, Restaurants & Leisure",United States,Large Cap,NYQ,USD
CMGR,Clubhouse Media Group Inc.,Communication Services,Entertainment,United States,Small Cap,PNK,USD
CMI,Cummins Inc.,Industrials,Machinery,United States,Large Cap,NYQ,USD
CMP,"Compass Minerals International, Inc.",Materials,Metals & Mining,United States,Small Cap,NYQ,USD
CMPO,CompoSecure Inc. Class A Common Stock,Energy,Energy Equipment & Services,United States,Mid Cap,NMS,USD
CMPX,"Compass Therapeutics, Inc.",Health Care,Biotechnology,United States,Small Cap,PNK,USD
CMRX,"Chimerix, Inc.",Health Care,Biotechnology,United States,Small Cap,NGM,USD
CMS,CMS Energy Corporation,Utilities,Electric Utilities,United States,Large Cap,NYQ,USD
CMS-PB,Consumers Energy Company,Utilities,Electric Utilities,United States,Mid Cap,NYQ,USD
CMSA,CMS Energy Corporation 5.625% Junior Subordinated Notes due 2078,Utilities,Electric Utilities,United States,Mid Cap,NYQ,USD
CMSC,CMS Energy Corporation 5.875% Junior Subordinated Notes due 2078,Utilities,Electric Utilities,United States,Mid Cap,NYQ,USD
CN4.F,"Conn's, Inc.",Consumer Discretionary,Specialty Retail,United States,Small Cap,FRA,EUR
CNC,Centene Corporation,Health Care,Health Care Providers & Services,United States,Large Cap,NYQ,USD
CNGO,"Cengage Learning Holdings II, Inc.",Information Technology,,United States,Small Cap,PNK,USD
CNK,"Cinemark Holdings, Inc.",Communication Services,Entertainment,United States,Mid Cap,NYQ,USD
CNM,Core & Main Inc. Class A Common Stock,Information Technology,"Electronic Equipment, Instruments & Components",United States,Large Cap,NYQ,USD
CNMD,CONMED Corporation,Health Care,Health Care Technology,United States,Small Cap,NYQ,USD
CNNC,Cannonau Corp.,Health Care,Pharmaceuticals,United States,Small Cap,PNK,USD
CNNE,"Cannae Holdings, Inc.",Consumer Discretionary,"Hotels, Restaurants & Leisure",United States,Small Cap,NYQ,USD
CNP,"CenterPoint Energy, Inc.",Utilities,Electric Utilities,United States,Large Cap,NYQ,USD
CNSL,"Consolidated Communications Holdings, Inc.",Communication Services,Diversified Telecommunication Services,United States,Small Cap,NMS,USD
CNST,"Constellation Pharmaceuticals, Inc.",Health Care,Biotechnology,United States,Small Cap,NMS,USD
CNT.F,"Century Casinos, Inc.",Consumer Discretionary,"Hotels, Restaurants & Leisure",United States,Small Cap,FRA,EUR
CNVAF,Cnova N.V.,Consumer Discretionary,Internet & Direct Marketing Retail,Netherlands,Mid Cap,PNK,USD
CNX,CNX Resources Corporation,Energy,"Oil, Gas & Consumable Fuels",United States,Mid Cap,NYQ,USD
CNXC,Concentrix Corporation,Information Technology,IT Services,United States,Mid Cap,NMS,USD
CNXN,"PC Connection, Inc.",Information Technology,"Electronic Equipment, Instruments & Components",United States,Small Cap,NMS,USD
CNXU,Conexeu Sciences Inc. Common Stock,Materials,Chemicals,United States,Small Cap,NMS,USD
COCO,The Vita Coco Company Inc. Common Stock,Consumer Staples,Beverages,United States,Mid Cap,NMS,USD
CODI,Compass Diversified,Industrials,Industrial Conglomerates,United States,Small Cap,NYQ,USD
COG,Cabot Oil & Gas Corporation,Energy,"Oil, Gas & Consumable Fuels",United States,Mid Cap,NYQ,USD
COGT,"Cogent Biosciences, Inc.",Health Care,Biotechnology,United States,Mid Cap,NMS,USD
COHR,"Coherent, Inc.",Information Technology,"Electronic Equipment, Instruments & Components",United States,Large Cap,NMS,USD
COHU,"Cohu, Inc.",Information Technology,Semiconductors & Semiconductor Equipment,United States,Small Cap,NMS,USD
COIN,"Coinbase Global, Inc. Class A",Information Technology,Software,United States,Large Cap,NMS,USD
COKE,"Coca-Cola Consolidated, Inc.",Consumer Staples,Beverages,United States,Large Cap,NMS,USD
COLL,"Collegium Pharmaceutical, Inc.",Health Care,Pharmaceuticals,United States,Small Cap,NMS,USD
COLM,Columbia Sportswear Company,Consumer Discretionary,"Textiles, Apparel & Luxury Goods",United States,Mid Cap,NMS,USD
COMM,"CommScope Holding Company, Inc.",Information Technology,Communications Equipment,United States,Mid Cap,NMS,USD
COMP,"Compass, Inc.",Information Technology,Software,United States,Mid Cap,NYQ,USD
CON,Concentra Group Holdings Parent Inc. Common Stock,Health Care,Biotechnology,United States,Mid Cap,NYQ,USD
COO,"The Cooper Companies, Inc.",Health Care,Health Care Equipment & Supplies,United States,Large Cap,NYQ,USD
COP,ConocoPhillips,Energy,"Oil, Gas & Consumable Fuels",United States,Large Cap,NYQ,USD
CORE,"Core-Mark Holding Company, Inc.",Consumer Staples,Food & Staples Retailing,United States,Mid Cap,NMS,USD
CORT,Corcept Therapeutics Incorporated,Health Care,Biotechnology,United States,Mid Cap,NCM,USD
CORZ,Core Scientific Inc. Common Stock,Information Technology,,United States,Mid Cap,NMS,USD
COST,Costco Wholesale Corporation,Consumer Staples,Household Products,United States,Mega Cap,NMS,USD
COTY,Coty Inc.,Consumer Staples,Household Products,United States,Mid Cap,NYQ,USD
COUP,Coupa Software Incorporated,Information Technology,Software,United States,Large Cap,NMS,USD
COUR,"Coursera, Inc.",Consumer Staples,Household Products,United States,Small Cap,NYQ,USD
CP5.F,"The Children's Place, Inc.",Consumer Discretionary,"Textiles, Apparel & Luxury Goods",United States,Small Cap,FRA,EUR
CPAY,Corpay Inc. Common Stock,Information Technology,Software,United States,Large Cap,NYQ,USD
CPB,Campbell Soup Company,Consumer Staples,Food & Staples Retailing,United States,Mid Cap,NYQ,USD
CPE,CALLON PETROLEUM COMPANY,Energy,"Oil, Gas & Consumable Fuels",United States,Mid Cap,NYQ,USD
CPK,Chesapeake Utilities Corporation,Utilities,Gas Utilities,United States,Mid Cap,NYQ,USD
CPRT,"Copart, Inc.",Industrials,Professional Services,United States,Large Cap,NMS,USD
CPRX,"Catalyst Pharmaceuticals, Inc.",Health Care,Biotechnology,United States,Mid Cap,NCM,USD
CPS,Cooper-Standard Holdings Inc.,Consumer Discretionary,Auto Components,United States,Small Cap,NYQ,USD
CQP,"Cheniere Energy Partners, L.P.",Energy,"Oil, Gas & Consumable Fuels",United States,Large Cap,NYQ,USD
CR,Crane Co.,Industrials,Machinery,United States,Large Cap,NYQ,USD
CRAI,"CRA International, Inc.",Industrials,Professional Services,United States,Small Cap,NMS,USD
CRBN.AS,Corbion N.V.,Materials,Chemicals,Netherlands,Mid Cap,AMS,EUR
CRC,CALIFORNIA RESOURCES CORP,Energy,"Oil, Gas & Consumable Fuels",United States,Mid Cap,NYQ,USD
CRCT,"Cricut, Inc.",Information Technology,"Technology Hardware, Storage & Peripherals",United States,Small Cap,NMS,USD
CRDO,Credo Technology Group Holding Ltd Ordinary Shares,Information Technology,Semiconductors & Semiconductor Equipment,United States,Large Cap,NMS,USD
CREE,"Cree, Inc.",Information Technology,Semiconductors & Semiconductor Equipment,United States,Large Cap,NMS,USD
CRGY,Crescent Energy Company Class A Common Stock,Energy,"Oil, Gas & Consumable Fuels",United States,Mid Cap,NYQ,USD
CRI,"Carter's, Inc.",Consumer Discretionary,"Textiles, Apparel & Luxury Goods",United States,Small Cap,NYQ,USD
CRK,"Comstock Resources, Inc.",Energy,"Oil, Gas & Consumable Fuels",United States,Mid Cap,NYQ,USD
CRL,"Charles River Laboratories International, Inc.",Health Care,Biotechnology,United States,Mid Cap,NYQ,USD
CRLBF,Cresco Labs Inc.,Health Care,Pharmaceuticals,United States,Mid Cap,PNK,USD
CRM,"Salesforce, Inc.",Information Technology,Software,United States,Large Cap,NYQ,USD
CRMD,CorMedix Inc.,Health Care,Biotechnology,United States,Small Cap,NMS,USD
CRNC,Cerence Inc.,Information Technology,Software,United States,Small Cap,NMS,USD
CRNX,Crinetics Pharmaceuticals Inc,Health Care,Biotechnology,United States,Mid Cap,NMS,USD
CROX,"Crocs, Inc.",Consumer Discretionary,"Textiles, Apparel & Luxury Goods",United States,Mid Cap,NMS,USD
CRS,Carpenter Technology Corporation,Industrials,Building Products,United States,Large Cap,NYQ,USD
CRSR,"Corsair Gaming, Inc.",Information Technology,"Technology Hardware, Storage & Peripherals",United States,Small Cap,NMS,USD
CRTX,"Cortexyme, Inc.",Health Care,Biotechnology,United States,Small Cap,NMS,USD
CRUS,"Cirrus Logic, Inc.",Information Technology,Semiconductors & Semiconductor Equipment,United States,Mid Cap,NMS,USD
CRVS,"Corvus Pharmaceuticals, Inc.",Health Care,Biotechnology,United States,Small Cap,NGM,USD
CRWD,"CrowdStrike Holdings, Inc. Class A",Information Technology,Software,United States,Large Cap,NMS,USD
CRWV,CoreWeave Inc. Class A Common Stock,Information Technology,Software,United States,Large Cap,NMS,USD
CRY,"CryoLife, Inc.",Health Care,Health Care Technology,United States,Small Cap,NYQ,USD
CSCO,"Cisco Systems, Inc.",Information Technology,Communications Equipment,United States,Mega Cap,NMS,USD
CSGS,"CSG Systems International, Inc.",Information Technology,Software,United States,Mid Cap,NMS,USD
CSII,"CARDIOVASCULAR SYSTEMS, INC.",Health Care,Health Care Technology,United States,Small Cap,NMS,USD
CSL,Carlisle Companies Incorporated,Industrials,Building Products,United States,Large Cap,NYQ,USD
CSLT,"Castlight Health, Inc.",Health Care,Health Care Providers & Services,United States,Small Cap,NYQ,USD
CSPR,Casper Sleep Inc.,Consumer Discretionary,Household Durables,United States,Small Cap,NYQ,USD
CSTL,"Castle Biosciences, Inc.",Health Care,Biotechnology,United States,Small Cap,NMS,USD
CSV,"Carriage Services, Inc.",Consumer Discretionary,"Hotels, Restaurants & Leisure",United States,Small Cap,NYQ,USD
CSVI,"Computer Services, Inc.",Information Technology,IT Services,United States,Small Cap,PNK,USD
CSW,CSW Industrials Inc. Common Stock,Consumer Discretionary,Household Durables,United States,Mid Cap,NYQ,USD
CSWI,"CSW Industrials, Inc.",Industrials,Machinery,United States,Mid Cap,NMS,USD
CSX,CSX Corporation,Industrials,Road & Rail,United States,Large Cap,NMS,USD
CTA-PA,E. I. du Pont de Nemours and Company,Materials,Construction Materials,United States,Large Cap,NYQ,USD
CTAS,Cintas Corporation,Industrials,Professional Services,United States,Large Cap,NMS,USD
CTB,Cooper Tire & Rubber Company,Consumer Discretionary,Auto Components,United States,Mid Cap,NYQ,USD
CTGO,"Contango Ore, Inc.",Materials,Metals & Mining,United States,Small Cap,PNK,USD
CTIC,CTI BioPharma Corp.,Health Care,Biotechnology,United States,Small Cap,NCM,USD
CTKB,Cytek Biosciences Inc. Common Stock,Health Care,Health Care Technology,United States,Small Cap,NMS,USD
CTLP,"Cantaloupe, Inc.",Information Technology,IT Services,United States,Small Cap,NMS,USD
CTLT,"Catalent, Inc.",Health Care,Pharmaceuticals,United States,Large Cap,NYQ,USD
CTMX,"CytomX Therapeutics, Inc.",Health Care,Biotechnology,United States,Small Cap,NMS,USD
CTNM,Contineum Therapeutics Inc. Class A Common Stock,Health Care,,United States,Small Cap,NMS,USD
CTRA,Coterra Energy Inc. Common Stock,Energy,"Oil, Gas & Consumable Fuels",United States,Large Cap,NYQ,USD
CTRI,Centuri Holdings Inc. Common Stock,Industrials,,United States,Mid Cap,NYQ,USD
CTRN,"Citi Trends, Inc.",Consumer Discretionary,"Textiles, Apparel & Luxury Goods",United States,Small Cap,NMS,USD
CTSH,Cognizant Technology Solutions Corporation Class A,Information Technology,IT Services,United States,Large Cap,NMS,USD
CTV,Innovid Corp. Common Stock,Communication Services,Diversified Telecommunication Services,United States,Small Cap,ASE,USD
CTVA,Corteva Inc,Materials,Construction Materials,United States,Large Cap,NYQ,USD
CTXRW,"Citius Pharmaceuticals, Inc.",Health Care,Biotechnology,United States,Small Cap,NMS,USD
CTXS,"Citrix Systems, Inc.",Information Technology,Software,United States,Large Cap,NMS,USD
CUB,Cubic Corporation,Industrials,Aerospace & Defense,United States,Small Cap,NYQ,USD
CUL1.F,Aspira Women's Health Inc.,Health Care,Biotechnology,United States,Small Cap,FRA,EUR
CURLF,"Curaleaf Holdings, Inc.",Health Care,Pharmaceuticals,United States,Large Cap,PNK,USD
CUSA.F,"Curis, Inc.",Health Care,Biotechnology,United States,Small Cap,FRA,EUR
CVA,Covanta Holding Corporation,Industrials,Transportation Infrastructure,United States,Mid Cap,NYQ,USD
CVA.DE,Cliffs Natural Resources Inc.,Materials,,United States,Mid Cap,GER,EUR
CVCO,"Cavco Industries, Inc.",Industrials,Construction & Engineering,United States,Mid Cap,NMS,USD
CVEO,Civeo Corporation,Industrials,Professional Services,United States,Small Cap,NYQ,USD
CVET,"Covetrus, Inc.",Health Care,Health Care Providers & Services,United States,Mid Cap,NMS,USD
CVGW,"Calavo Growers, Inc.",Consumer Staples,Food & Staples Retailing,United States,Small Cap,NMS,USD
CVI,"CVR Energy, Inc.",Energy,"Oil, Gas & Consumable Fuels",United States,Mid Cap,NYQ,USD
CVLG,"Covenant Logistics Group, Inc.",Industrials,Transportation Infrastructure,United States,Small Cap,NMS,USD
CVLT,"Commvault Systems, Inc.",Information Technology,Software,United States,Mid Cap,NMS,USD
CVNA,Carvana Co.,Consumer Discretionary,Internet & Direct Marketing Retail,United States,Large Cap,NYQ,USD
CVS,CVS Health Corporation,Health Care,Health Care Providers & Services,United States,Large Cap,NYQ,USD
CVSA,Covista Inc. Common Shares,Consumer Staples,Household Products,United States,Mid Cap,NYQ,USD
CVT,Cvent Holding Corp. Common Stock,Information Technology,Software,United States,Mid Cap,NMS,USD
CVX,Chevron Corporation,Energy,"Oil, Gas & Consumable Fuels",United States,Mega Cap,NYQ,USD
CW,Curtiss-Wright Corporation,Industrials,Machinery,United States,Large Cap,NYQ,USD
CWAN,Clearwater Analytics Holdings Inc. Class A Common Stock,Information Technology,Software,United States,Mid Cap,NYQ,USD
CWBHF,"Charlotte's Web Holdings, Inc.",Health Care,Pharmaceuticals,United States,Small Cap,PNK,USD
CWEN,"Clearway Energy, Inc.",Utilities,Independent Power and Renewable Electricity Producers,United States,Mid Cap,NYQ,USD
CWH,"Camping World Holdings, Inc. Class A",Consumer Discretionary,Automobiles,United States,Small Cap,NYQ,USD
CWST,"Casella Waste Systems, Inc.",Industrials,Transportation Infrastructure,United States,Mid Cap,NMS,USD
CWT,California Water Service Group,Utilities,Water Utilities,United States,Mid Cap,NYQ,USD
CXM,Sprinklr Inc. Class A Common Stock,Information Technology,Software,United States,Small Cap,NYQ,USD
CXT,Crane NXT Co. Common Stock,Industrials,Machinery,United States,Mid Cap,NYQ,USD
CYDY,CytoDyn Inc.,Health Care,Biotechnology,United States,Small Cap,PNK,USD
CYH,"Community Health Systems, Inc.",Health Care,Health Care Equipment & Supplies,United States,Small Cap,NYQ,USD
CYRX,"Cryoport, Inc.",Industrials,Air Freight & Logistics,United States,Small Cap,NMS,USD
CYTK,"Cytokinetics, Incorporated",Health Care,Biotechnology,United States,Mid Cap,NMS,USD
CYX.F,"Cardlytics, Inc.",Communication Services,Diversified Telecommunication Services,United States,Mid Cap,FRA,EUR
CZR,"Caesars Entertainment, Inc.",Consumer Discretionary,"Hotels, Restaurants & Leisure",United States,Mid Cap,NMS,USD
D,"Dominion Energy, Inc.",Utilities,Electric Utilities,United States,Large Cap,NYQ,USD
DAKT,"Daktronics, Inc.",Information Technology,"Technology Hardware, Storage & Peripherals",United States,Small Cap,NMS,USD
DAL,"Delta Air Lines, Inc.",Industrials,Airlines,United States,Large Cap,NYQ,USD
DAN,Dana Incorporated,Consumer Discretionary,Auto Components,United States,Mid Cap,NYQ,USD
DAR,Darling Ingredients Inc.,Consumer Staples,Food & Staples Retailing,United States,Mid Cap,NYQ,USD
DASH,"DoorDash, Inc.",Communication Services,Diversified Telecommunication Services,United States,Large Cap,NYQ,USD
DAVE,Dave Inc. Class A Common Stock,Information Technology,Software,United States,Mid Cap,NMS,USD
DAY,Dayforce Inc. Common Stock,Information Technology,Software,United States,Large Cap,ASE,USD
DBD,"Diebold Nixdorf, Incorporated",Information Technology,Software,United States,Mid Cap,NYQ,USD
DBI,Designer Brands Inc. Class A,Consumer Discretionary,"Textiles, Apparel & Luxury Goods",United States,Small Cap,NYQ,USD
DC,Dakota Gold Corp. Common Stock,Materials,Metals & Mining,United States,Small Cap,ASE,USD
DC6.DE,"Discovery Communications, Inc.",Communication Services,,United States,Large Cap,GER,EUR
DC8.F,DURECT Corporation,Health Care,Pharmaceuticals,United States,Small Cap,FRA,EUR
DCH,Dauch Corporation Common Stock,Consumer Discretionary,Auto Components,United States,Small Cap,NYQ,USD
DCI,"Donaldson Company, Inc.",Industrials,Machinery,United States,Large Cap,NYQ,USD
DCO,Ducommun Incorporated,Industrials,Aerospace & Defense,United States,Small Cap,NYQ,USD
DCP,"DCP Midstream, LP",Energy,"Oil, Gas & Consumable Fuels",United States,Mid Cap,NYQ,USD
DCPH,"DECIPHERA PHARMACEUTICALS, INC.",Health Care,Biotechnology,United States,Mid Cap,NMS,USD
DCT,"Duck Creek Technologies, Inc.",Information Technology,Software,United States,Mid Cap,NMS,USD
DCTH,"Delcath Systems, Inc.",Health Care,Health Care Technology,United States,Small Cap,NMS,USD
DD,"DuPont de Nemours, Inc.",Materials,Chemicals,United States,Large Cap,NYQ,USD
DDOG,"Datadog, Inc. Class A",Information Technology,Software,United States,Large Cap,NMS,USD
DDS,"Dillard's, Inc.",Consumer Discretionary,Household Durables,United States,Mid Cap,NYQ,USD
DE,Deere & Company,Industrials,Machinery,United States,Large Cap,NYQ,USD
DECK,Deckers Outdoor Corporation,Consumer Discretionary,"Textiles, Apparel & Luxury Goods",United States,Large Cap,NYQ,USD
DELL,Dell Technologies Inc.,Information Technology,"Technology Hardware, Storage & Peripherals",United States,Large Cap,NYQ,USD
DEN,Denbury Inc.,Energy,"Oil, Gas & Consumable Fuels",United States,Mid Cap,NYQ,USD
DENN,DENNY'S CORPORATION,Consumer Discretionary,"Hotels, Restaurants & Leisure",United States,Small Cap,NCM,USD
DF3.F,"Nautilus, Inc.",Consumer Discretionary,"Hotels, Restaurants & Leisure",United States,Small Cap,FRA,EUR
DFH,"Dream Finders Homes, Inc.",Industrials,Construction & Engineering,United States,Small Cap,NMS,USD
DG,Dollar General Corporation,Consumer Staples,Household Products,United States,Large Cap,NYQ,USD
DG2.F,Diversified Energy Company PLC,Energy,"Oil, Gas & Consumable Fuels",United States,Small Cap,FRA,EUR
DGII,Digi International Inc.,Information Technology,Communications Equipment,United States,Small Cap,NMS,USD
DGOCF,Diversified Gas & Oil PLC,Energy,"Oil, Gas & Consumable Fuels",United States,Small Cap,PNK,USD
DGX,Quest Diagnostics Incorporated,Health Care,Biotechnology,United States,Large Cap,NYQ,USD
DHI,"D.R. Horton, Inc.",Industrials,Construction & Engineering,United States,Large Cap,NYQ,USD
DHR,Danaher Corporation,Health Care,Biotechnology,United States,Large Cap,NYQ,USD
DICE,DICE Therapeutics Inc. Common Stock,Health Care,Biotechnology,United States,Mid Cap,NMS,USD
DIN,"Dine Brands Global, Inc.",Consumer Discretionary,"Hotels, Restaurants & Leisure",United States,Small Cap,NYQ,USD
DINO,HF Sinclair Corporation Common Stock,Energy,"Oil, Gas & Consumable Fuels",United States,Mid Cap,NYQ,USD
DIOD,Diodes Incorporated,Information Technology,Semiconductors & Semiconductor Equipment,United States,Mid Cap,NMS,USD
DIS,Walt Disney Company,Communication Services,Entertainment,United States,Large Cap,NYQ,USD
DISCA,"Discovery, Inc.",Communication Services,Entertainment,United States,Large Cap,NMS,USD
DJCO,Daily Journal Corporation,Communication Services,Diversified Telecommunication Services,United States,Small Cap,NCM,USD
DJT,Trump Media & Technology Group Corp. Common Stock,Communication Services,Diversified Telecommunication Services,United States,Mid Cap,NMS,USD
DK,Delek US Holdings Inc,Energy,"Oil, Gas & Consumable Fuels",United States,Mid Cap,NYQ,USD
DKL,"Delek Logistics Partners, LP",Energy,"Oil, Gas & Consumable Fuels",United States,Mid Cap,NYQ,USD
DKNG,DraftKings Inc.,Consumer Discretionary,"Hotels, Restaurants & Leisure",United States,Large Cap,NMS,USD
DKS,"Dick's Sporting Goods, Inc.",Consumer Discretionary,Specialty Retail,United States,Large Cap,NYQ,USD
DLB,"Dolby Laboratories, Inc. Class A",Information Technology,IT Services,United States,Mid Cap,NYQ,USD
DLTR,"Dollar Tree, Inc.",Consumer Staples,Household Products,United States,Large Cap,NMS,USD
DLX,Deluxe Corporation,Communication Services,Diversified Telecommunication Services,United States,Small Cap,NYQ,USD
DM.MX,"Desktop Metal, Inc.",Information Technology,"Technology Hardware, Storage & Peripherals",United States,Mid Cap,MEX,MXN
DM5.F,DMC Global Inc.,Energy,Energy Equipment & Services,United States,Small Cap,FRA,EUR
DMAC,DiaMedica Therapeutics Inc.,Health Care,Biotechnology,United States,Small Cap,NMS,USD
DMLP,"Dorchester Minerals, L.P.",Energy,"Oil, Gas & Consumable Fuels",United States,Small Cap,NMS,USD
DMS-WT,"Digital Media Solutions, Inc.",Communication Services,Diversified Telecommunication Services,United States,Small Cap,NYQ,USD
DMTK.MX,"DermTech, Inc.",Health Care,Biotechnology,United States,Small Cap,MEX,MXN
DNA,Ginkgo Bioworks Holdings Inc. Class A Common Stock,Health Care,Biotechnology,United States,Small Cap,NYQ,USD
DNB,"Dun & Bradstreet Holdings, Inc.",Information Technology,IT Services,United States,Mid Cap,NYQ,USD
DNLI,Denali Therapeutics Inc.,Health Care,Biotechnology,United States,Mid Cap,NMS,USD
DNMR-WT,"Danimer Scientific, Inc.",Materials,Chemicals,United States,Small Cap,NYQ,USD
DNOW,NOW Inc.,Energy,Energy Equipment & Services,United States,Small Cap,NYQ,USD
DNTH,Dianthus Therapeutics Inc. Common Stock,Health Care,Biotechnology,United States,Mid Cap,NMS,USD
DNUT,Krispy Kreme Inc. Common Stock,Consumer Staples,Food & Staples Retailing,United States,Small Cap,NMS,USD
DO,Diamond Offshore Drilling Inc. Common Stock,Energy,"Oil, Gas & Consumable Fuels",United States,Small Cap,ASE,USD
DOCN,"DigitalOcean Holdings, Inc.",Information Technology,Software,United States,Mid Cap,NYQ,USD
DOCU,"DocuSign, Inc.",Information Technology,Software,United States,Mid Cap,NMS,USD
DOOR,Masonite International Corporation,Industrials,Building Products,United States,Mid Cap,NYQ,USD
DORM,"Dorman Products, Inc.",Consumer Discretionary,Auto Components,United States,Mid Cap,NMS,USD
DOV,Dover Corporation,Industrials,Machinery,United States,Large Cap,NYQ,USD
DOW,Dow Inc.,Materials,Chemicals,United States,Large Cap,NYQ,USD
DOX,Amdocs Limited,Information Technology,Software,United States,Mid Cap,NMS,USD
DPZ,"Domino's Pizza, Inc.",Consumer Discretionary,"Hotels, Restaurants & Leisure",United States,Large Cap,NYQ,USD
DRI,"Darden Restaurants, Inc.",Consumer Discretionary,"Hotels, Restaurants & Leisure",United States,Large Cap,NYQ,USD
DRNA,"Dicerna Pharmaceuticals, Inc.",Health Care,Biotechnology,United States,Small Cap,NMS,USD
DRQ,"DRIL-QUIP, INC.",Energy,Energy Equipment & Services,United States,Small Cap,NYQ,USD
DRVN,Driven Brands Holdings Inc.,Consumer Discretionary,Automobiles,United States,Small Cap,NMS,USD
DS,Drive Shack Inc.,Consumer Discretionary,"Hotels, Restaurants & Leisure",United States,Small Cap,NYQ,USD
DSGN,"Design Therapeutics, Inc.",Health Care,Biotechnology,United States,Small Cap,NMS,USD
DSGR,Distribution Solutions Group Inc. Common Stock,Information Technology,"Electronic Equipment, Instruments & Components",United States,Small Cap,NMS,USD
DSKE,"Daseke, Inc.",Industrials,Transportation Infrastructure,United States,Small Cap,NCM,USD
DSM.AS,Koninklijke DSM N.V.,Materials,Chemicals,Netherlands,Large Cap,AMS,EUR
DSP,Viant Technology Inc.,Information Technology,Software,United States,Small Cap,NMS,USD
DSPG,"DSP Group, Inc.",Information Technology,Semiconductors & Semiconductor Equipment,United States,Small Cap,NMS,USD
DSSI,Diamond S Shipping Inc.,Energy,"Oil, Gas & Consumable Fuels",United States,Small Cap,NYQ,USD
DT,"Dynatrace, Inc.",Information Technology,Software,United States,Large Cap,NYQ,USD
DTB,DTE Energy Company,Utilities,Electric Utilities,United States,Mid Cap,NYQ,USD
DTG,DTE Energy Company 2021 Series E 4.375% Junior Subordinated Debentures,Utilities,Electric Utilities,United States,Mid Cap,NYQ,USD
DTW,DTE Energy Company 2017 Series E 5.25% Junior Subordinated Debentures due 2077,Utilities,Electric Utilities,United States,Mid Cap,NYQ,USD
DUK,Duke Energy Corporation,Utilities,Electric Utilities,United States,Large Cap,NYQ,USD
DUKB,Duke Energy Corporation 5.625% Junior Subordinated Debentures due 2078,Utilities,Electric Utilities,United States,Large Cap,NYQ,USD
DUOL,Duolingo Inc. Class A Common Stock,Information Technology,Software,United States,Mid Cap,NMS,USD
DV,"DoubleVerify Holdings, Inc.",Information Technology,Software,United States,Small Cap,NYQ,USD
DVA,DaVita Inc.,Health Care,Health Care Equipment & Supplies,United States,Large Cap,NYQ,USD
DVAX,DYNAVAX TECHNOLOGIES CORPORATION,Health Care,Pharmaceuticals,United States,Small Cap,NMS,USD
DVLT,Datavault AI Inc. Common Stock,Information Technology,,United States,Small Cap,NMS,USD
DVN,Devon Energy Corporation,Energy,"Oil, Gas & Consumable Fuels",United States,Large Cap,NYQ,USD
DW51.F,"Aemetis, Inc.",Energy,"Oil, Gas & Consumable Fuels",United States,Small Cap,FRA,EUR
DXC,DXC Technology Co.,Information Technology,IT Services,United States,Mid Cap,NYQ,USD
DXCM,"DexCom, Inc.",Health Care,Biotechnology,United States,Large Cap,NMS,USD
DXPE,"DXP Enterprises, Inc.",Industrials,Trading Companies & Distributors,United States,Mid Cap,NMS,USD
DY,"Dycom Industries, Inc.",Industrials,Construction & Engineering,United States,Large Cap,NYQ,USD
DY2.DE,DENTSPLY International Inc.,Health Care,,United States,Large Cap,GER,EUR
DYN,"Dyne Therapeutics, Inc.",Health Care,Biotechnology,United States,Mid Cap,NMS,USD
EA,Electronic Arts Inc.,Communication Services,Interactive Media & Services,United States,Large Cap,NMS,USD
EADSF,Airbus SE,Industrials,Aerospace & Defense,Netherlands,Large Cap,PNK,USD
EAT,"Brinker International, Inc.",Consumer Discretionary,"Hotels, Restaurants & Leisure",United States,Mid Cap,NYQ,USD
EB,"EVENTBRITE, INC.",Information Technology,Software,United States,Small Cap,NYQ,USD
EBAY,eBay Inc.,Consumer Discretionary,Internet & Direct Marketing Retail,United States,Large Cap,NMS,USD
EBF,"Ennis, Inc.",Industrials,Commercial Services & Supplies,United States,Small Cap,NYQ,USD
EBS,Emergent BioSolutions Inc.,Health Care,Pharmaceuticals,United States,Small Cap,NYQ,USD
ECHO,"Echo Global Logistics, Inc.",Industrials,Air Freight & Logistics,United States,Small Cap,NMS,USD
ECL,Ecolab Inc.,Materials,Chemicals,United States,Large Cap,NYQ,USD
ECOL,"US Ecology, Inc.",Industrials,Transportation Infrastructure,United States,Small Cap,NMS,USD
ECOM,ChannelAdvisor Corporation,Information Technology,Software,United States,Small Cap,NYQ,USD
ECVT,Ecovyst Inc. Common Stock,Materials,Chemicals,United States,Small Cap,NYQ,USD
ED,"Consolidated Edison, Inc.",Utilities,Electric Utilities,United States,Large Cap,NYQ,USD
ED9.F,"Escalade, Incorporated",Consumer Discretionary,"Hotels, Restaurants & Leisure",United States,Small Cap,FRA,EUR
EDR,"Endeavor Group Holdings, Inc.",Communication Services,Entertainment,United States,Large Cap,NYQ,USD
EEX,"Emerald Holding, Inc.",Communication Services,Diversified Telecommunication Services,United States,Small Cap,NYQ,USD
EFT.F,"TechTarget, Inc.",Communication Services,Diversified Telecommunication Services,United States,Small Cap,FRA,EUR
EFX,Equifax Inc.,Industrials,Professional Services,United States,Large Cap,NYQ,USD
EGHT,"8x8, Inc.",Information Technology,Software,United States,Small Cap,NYQ,USD
EGLE,EAGLE BULK SHIPPING INC.,Industrials,Marine,United States,Small Cap,NMS,USD
EGOV,NIC Inc.,Health Care,Biotechnology,United States,Mid Cap,NMS,USD
EGY,"VAALCO Energy, Inc.",Energy,"Oil, Gas & Consumable Fuels",United States,Small Cap,NYQ,USD
EHAB,Enhabit Inc. Common Stock,Health Care,Health Care Equipment & Supplies,United States,Small Cap,NYQ,USD
EHC,Encompass Health Corporation,Health Care,Health Care Equipment & Supplies,United States,Large Cap,NYQ,USD
EIKN,Eikon Therapeutics Inc. Common Stock,Health Care,Biotechnology,United States,Small Cap,NMS,USD
EIX,Edison International,Utilities,Electric Utilities,United States,Large Cap,NYQ,USD
EL,The Estee Lauder Companies Inc.,Consumer Staples,Household Products,United States,Large Cap,NYQ,USD
ELA,Envela Corporation,Consumer Discretionary,Specialty Retail,United States,Small Cap,ASE,USD
ELAN,Elanco Animal Health Incorporat,Health Care,Pharmaceuticals,United States,Large Cap,NYQ,USD
ELC,Entergy Louisiana Inc. Collateral Trust Mortgage Bonds 4.875 % Series due September 1 2066,Utilities,,United States,Mid Cap,NYQ,USD
ELF,"e.l.f. Beauty, Inc.",Consumer Staples,Household Products,United States,Mid Cap,NYQ,USD
ELI.F,"Vera Bradley, Inc.",Consumer Discretionary,"Textiles, Apparel & Luxury Goods",United States,Small Cap,FRA,EUR
ELMT,The Elmet Group Co. Common Stock,Energy,Energy Equipment & Services,United States,Small Cap,NMS,USD
ELV,Elevance Health Inc. Common Stock,Health Care,Biotechnology,United States,Large Cap,NYQ,USD
ELVN,Enliven Therapeutics Inc. Common Stock,Health Care,Biotechnology,United States,Small Cap,NMS,USD
ELY,Callaway Golf Company,Consumer Discretionary,"Hotels, Restaurants & Leisure",United States,Mid Cap,NYQ,USD
ELYM,Eliem Therapeutics Inc Common Stock,Health Care,Biotechnology,United States,Small Cap,NMS,USD
EMBC,Embecta Corp. Common Stock,Health Care,Health Care Technology,United States,Small Cap,NMS,USD
EME,"EMCOR Group, Inc.",Industrials,Construction & Engineering,United States,Large Cap,NYQ,USD
EMN,Eastman Chemical Company,Materials,Chemicals,United States,Mid Cap,NYQ,USD
EMR,Emerson Electric Co.,Industrials,Machinery,United States,Large Cap,NYQ,USD
ENBL,"Enable Midstream Partners, LP",Energy,"Oil, Gas & Consumable Fuels",United States,Mid Cap,NYQ,USD
ENFN,Enfusion Inc. Class A Common Stock,Information Technology,Software,United States,Small Cap,ASE,USD
ENJ,Entergy New Orleans LLC First Mortgage Bonds 5.0% Series due December 1 2052,Utilities,Electric Utilities,United States,Mid Cap,NYQ,USD
ENLC,"EnLink Midstream, LLC",Energy,"Oil, Gas & Consumable Fuels",United States,Mid Cap,NYQ,USD
ENO,Entergy New Orleans LLC First Mortgage Bonds 5.50% Series due April 1 2066,Utilities,,United States,Mid Cap,NYQ,USD
ENOV,Enovis Corporation Common Stock,Industrials,Machinery,United States,Small Cap,NYQ,USD
ENPH,"Enphase Energy, Inc.",Information Technology,"Technology Hardware, Storage & Peripherals",United States,Mid Cap,NMS,USD
ENR,"Energizer Holdings, Inc.",Industrials,Electrical Equipment,United States,Small Cap,NYQ,USD
ENS,EnerSys,Industrials,Electrical Equipment,United States,Mid Cap,NYQ,USD
ENSG,"The Ensign Group, Inc.",Health Care,Health Care Equipment & Supplies,United States,Large Cap,NMS,USD
ENTA,"Enanta Pharmaceuticals, Inc.",Health Care,Biotechnology,United States,Small Cap,NMS,USD
ENTG,"Entegris, Inc.",Information Technology,Semiconductors & Semiconductor Equipment,United States,Large Cap,NMS,USD
ENV,"Envestnet, Inc.",Information Technology,Software,United States,Mid Cap,NYQ,USD
ENVX,Enovix Corporation Common Stock,Information Technology,"Electronic Equipment, Instruments & Components",United States,Small Cap,NMS,USD
EOG,"EOG Resources, Inc.",Energy,"Oil, Gas & Consumable Fuels",United States,Large Cap,NYQ,USD
EOSE,"Eos Energy Enterprises, Inc.",Industrials,Electrical Equipment,United States,Small Cap,NMS,USD
EP3.F,"OraSure Technologies, Inc.",Health Care,Health Care Equipment & Supplies,United States,Small Cap,FRA,EUR
EPAC,Enerpac Tool Group Corp.,Industrials,Machinery,United States,Mid Cap,NYQ,USD
EPAM,"EPAM Systems, Inc.",Information Technology,IT Services,United States,Mid Cap,NYQ,USD
EPAY,"Bottomline Technologies (de), Inc.",Information Technology,Software,United States,Small Cap,NMS,USD
EPC,Edgewell Personal Care Co.,Consumer Staples,Household Products,United States,Small Cap,NYQ,USD
EPD,Enterprise Products Partners L.P.,Energy,"Oil, Gas & Consumable Fuels",United States,Large Cap,NYQ,USD
EPZM,"Epizyme, Inc.",Health Care,Biotechnology,United States,Small Cap,NMS,USD
EQRX,EQRx Inc.  Common Stock,Health Care,Biotechnology,United States,Small Cap,NMS,USD
EQT,EQT Corporation,Energy,"Oil, Gas & Consumable Fuels",United States,Large Cap,NYQ,USD
ERAS,Erasca Inc. Common Stock,Health Care,Biotechnology,United States,Mid Cap,NMS,USD
ERII,"Energy Recovery, Inc.",Industrials,Construction & Engineering,United States,Small Cap,NMS,USD
ES,Eversource Energy,Utilities,Electric Utilities,United States,Large Cap,NYQ,USD
ESAB,ESAB Corporation Common Stock,Industrials,Machinery,United States,Mid Cap,NYQ,USD
ESE,ESCO Technologies Inc.,Information Technology,"Electronic Equipment, Instruments & Components",United States,Mid Cap,NYQ,USD
ESGC,Eros STX Global Corporation,Communication Services,Entertainment,United States,Small Cap,NYQ,USD
ESI,Element Solutions Inc,Materials,Chemicals,United States,Mid Cap,NYQ,USD
ESMT,EngageSmart Inc. Common Stock,Information Technology,Software,United States,Mid Cap,ASE,USD
ESPR,"Esperion Therapeutics, Inc.",Health Care,Biotechnology,United States,Small Cap,NMS,USD
ESTC,Elastic N.V.,Information Technology,Software,United States,Mid Cap,NYQ,USD
ET,Energy Transfer LP,Energy,"Oil, Gas & Consumable Fuels",United States,Large Cap,NYQ,USD
ETD,Ethan Allen Interiors Inc. Common Stock,Consumer Discretionary,Household Durables,United States,Small Cap,NYQ,USD
ETH,Ethan Allen Interiors Inc.,Consumer Discretionary,Household Durables,United States,Small Cap,NYQ,USD
ETNB,"89bio, Inc.",Health Care,Biotechnology,United States,Mid Cap,NMS,USD
ETON,"Eton Pharmaceuticals, Inc.",Health Care,Biotechnology,United States,Small Cap,NMS,USD
ETR,Entergy Corporation,Utilities,Electric Utilities,United States,Large Cap,NYQ,USD
ETRN,Equitrans Midstream Corporation,Energy,"Oil, Gas & Consumable Fuels",United States,Mid Cap,NYQ,USD
ETSY,"Etsy, Inc.",Consumer Discretionary,Internet & Direct Marketing Retail,United States,Mid Cap,NMS,USD
ETWO,"E2open Parent Holdings, Inc.",Information Technology,Software,United States,Small Cap,NYQ,USD
EV9.F,Entravision Communications Corporation Class A,Communication Services,Media,United States,Small Cap,FRA,EUR
EVBG,"Everbridge, Inc.",Information Technology,Software,United States,Small Cap,NMS,USD
EVCM,EverCommerce Inc. Common Stock,Information Technology,Software,United States,Mid Cap,NMS,USD
EVER,"EverQuote, Inc.",Communication Services,Diversified Telecommunication Services,United States,Small Cap,NGM,USD
EVEX,Eve Holding Inc. Common Stock,Industrials,Aerospace & Defense,United States,Small Cap,NYQ,USD
EVGO,EVgo Inc. Class A Common Stock,Consumer Discretionary,Internet & Direct Marketing Retail,United States,Small Cap,NMS,USD
EVH,"Evolent Health, Inc.",Health Care,Health Care Providers & Services,United States,Small Cap,NYQ,USD
EVL.F,"Evolus, Inc.",Health Care,Pharmaceuticals,United States,Small Cap,FRA,EUR
EVLV,Evolv Technologies Holdings Inc. Class A Common Stock,Industrials,Professional Services,United States,Small Cap,NMS,USD
EVMN,Evommune Inc. Common Stock,Health Care,Biotechnology,United States,Small Cap,NYQ,USD
EVOP,"EVO Payments, Inc.",Information Technology,Software,United States,Small Cap,NGM,USD
EVRG,"Evergy, Inc.",Utilities,Electric Utilities,United States,Large Cap,NYQ,USD
EVRI,Everi Holdings Inc.,Consumer Discretionary,"Hotels, Restaurants & Leisure",United States,Small Cap,NYQ,USD
EVTC,"EVERTEC, Inc.",Information Technology,Software,United States,Small Cap,NYQ,USD
EW,Edwards Lifesciences Corporation,Health Care,Health Care Technology,United States,Large Cap,NYQ,USD
EWCZ,European Wax Center Inc. Class A Common Stock,Consumer Staples,Household Products,United States,Small Cap,NMS,USD
EWTX,"Edgewise Therapeutics, Inc.",Health Care,Biotechnology,United States,Mid Cap,NMS,USD
EWZ.F,"EBIX, INC.",Information Technology,Software,United States,Small Cap,FRA,EUR
EXAS,Exact Sciences Corporation,Health Care,Biotechnology,United States,Large Cap,NMS,USD
EXC,Exelon Corporation,Utilities,Multi-Utilities,United States,Large Cap,NMS,USD
EXE,Expand Energy Corporation Common Stock,Energy,"Oil, Gas & Consumable Fuels",United States,Large Cap,NMS,USD
EXEL,"Exelixis, Inc.",Health Care,Biotechnology,United States,Large Cap,NMS,USD
EXLS,"ExlService Holdings, Inc.",Information Technology,IT Services,United States,Mid Cap,NMS,USD
EXP,Eagle Materials Inc.,Materials,Construction Materials,United States,Mid Cap,NYQ,USD
EXPD,"Expeditors International of Washington, Inc.",Industrials,Air Freight & Logistics,United States,Large Cap,NMS,USD
EXPE,"Expedia Group, Inc.",Consumer Discretionary,"Hotels, Restaurants & Leisure",United States,Large Cap,NMS,USD
EXXRF,Exor N.V.,Consumer Discretionary,Automobiles,Netherlands,Large Cap,PNK,USD
EYE,"National Vision Holdings, Inc.",Consumer Discretionary,Specialty Retail,United States,Mid Cap,NMS,USD
EYPT,"EyePoint, Inc.",Health Care,Biotechnology,United States,Small Cap,NGM,USD
F,Ford Motor Company,Consumer Discretionary,Automobiles,United States,Large Cap,NYQ,USD
F4R.F,"Fiesta Restaurant Group, Inc.",Consumer Discretionary,"Hotels, Restaurants & Leisure",United States,Small Cap,FRA,EUR
F6T.F,"Fate Therapeutics, Inc.",Health Care,Biotechnology,United States,Mid Cap,FRA,EUR
F7M.F,"Tattooed Chef, Inc.",Consumer Staples,Food & Staples Retailing,United States,Small Cap,FRA,EUR
FA,First Advantage Corporation Common Stock,Industrials,Professional Services,United States,Mid Cap,NMS,USD
FAC,Factorial Energy Inc. Class A Common Stock,Information Technology,"Electronic Equipment, Instruments & Components",United States,Small Cap,NMS,USD
FANG,"Diamondback Energy, Inc.",Energy,"Oil, Gas & Consumable Fuels",United States,Large Cap,NMS,USD
FARO,"FARO Technologies, Inc.",Information Technology,"Electronic Equipment, Instruments & Components",United States,Small Cap,NMS,USD
FAST,Fastenal Company,Industrials,Trading Companies & Distributors,United States,Large Cap,NMS,USD
FAST.AS,Fastned B.V.,Consumer Discretionary,Specialty Retail,Netherlands,Small Cap,AMS,EUR
FB3.L,Leverage Shares 3x Facebook ETC,Communication Services,Diversified Telecommunication Services,United States,Mega Cap,LSE,USD
FBHS,"Fortune Brands Home & Security, Inc.",Consumer Discretionary,Household Durables,United States,Large Cap,NYQ,USD
FBIN,Fortune Brands Innovations Inc. Common Stock,Consumer Discretionary,,United States,Mid Cap,NYQ,USD
FBIOP,"Fortress Biotech, Inc.",Health Care,Biotechnology,United States,Small Cap,NMS,USD
FBOK34.SA,"Meta, Inc.",Communication Services,Diversified Telecommunication Services,United States,Mega Cap,SAO,BRL
FBRX,"Forte Biosciences, Inc.",Health Care,Biotechnology,United States,Small Cap,NCM,USD
FBYD,Falcon's Beyond Global Inc. Class A Common Stock,Consumer Discretionary,,United States,Small Cap,NMS,USD
FCEL,"FuelCell Energy, Inc.",Industrials,Electrical Equipment,United States,Small Cap,NGM,USD
FCN,"FTI Consulting, Inc.",Industrials,Professional Services,United States,Mid Cap,NYQ,USD
FCX,"Freeport-McMoRan, Inc.",Materials,Metals & Mining,United States,Large Cap,NYQ,USD
FDMT,"4D Molecular Therapeutics, Inc.",Health Care,Biotechnology,United States,Small Cap,NMS,USD
FDU.F,"Commercial Vehicle Group, Inc.",Consumer Discretionary,Auto Components,United States,Small Cap,FRA,EUR
FDX,FedEx Corporation,Industrials,Air Freight & Logistics,United States,Large Cap,NYQ,USD
FE,FirstEnergy Corp.,Utilities,Electric Utilities,United States,Large Cap,NYQ,USD
FEIM,"Frequency Electronics, Inc.",Information Technology,Communications Equipment,United States,Small Cap,NGM,USD
FELE,"Franklin Electric Co., Inc.",Industrials,Machinery,United States,Mid Cap,NMS,USD
FER,Ferrovial SE Ordinary Shares,Information Technology,"Electronic Equipment, Instruments & Components",Netherlands,Large Cap,NMS,USD
FET,"Forum Energy Technologies, Inc.",Energy,Energy Equipment & Services,United States,Small Cap,NYQ,USD
FEYE,"FireEye, Inc.",Information Technology,Software,United States,Mid Cap,NMS,USD
FFARM.AS,ForFarmers N.V.,Consumer Staples,Household Products,Netherlands,Small Cap,AMS,EUR
FFNTF,4Front Ventures Corp.,Health Care,Pharmaceuticals,United States,Small Cap,PNK,USD
FHTX,Foghorn Therapeutics Inc.,Health Care,Biotechnology,United States,Small Cap,NMS,USD
FI,"Fiserv, Inc.",Information Technology,IT Services,United States,Large Cap,NMS,USD
FICO,Fair Isaac Corporation,Information Technology,Software,United States,Large Cap,NYQ,USD
FIGS,FIGS Inc. Class A Common Stock,Health Care,Biotechnology,United States,Mid Cap,NYQ,USD
FIS,"Fidelity National Information Services, Inc.",Information Technology,IT Services,United States,Large Cap,NYQ,USD
FISN,Deep Fission Inc. Common Stock,Utilities,Electric Utilities,United States,Small Cap,NMS,USD
FIVE,"Five Below, Inc.",Consumer Discretionary,Specialty Retail,United States,Large Cap,NMS,USD
FIVN,"Five9, Inc.",Information Technology,Software,United States,Small Cap,NMS,USD
FIX,"Comfort Systems USA, Inc.",Industrials,Construction & Engineering,United States,Large Cap,NYQ,USD
FIZZ,National Beverage Corp.,Consumer Staples,Beverages,United States,Mid Cap,NMS,USD
FK2.SG,Frank's International N.V.,Energy,Energy Equipment & Services,Netherlands,Small Cap,STU,EUR
FL,"Foot Locker, Inc.",Consumer Discretionary,"Textiles, Apparel & Luxury Goods",United States,Mid Cap,NYQ,USD
FLDM,Fluidigm Corporation,Health Care,Biotechnology,United States,Small Cap,NMS,USD
FLGT,"Fulgent Genetics, Inc.",Health Care,Biotechnology,United States,Small Cap,NMS,USD
FLIR,"FLIR Systems, Inc.",Information Technology,"Electronic Equipment, Instruments & Components",United States,Mid Cap,NMS,USD
FLMN,Falcon Minerals Corporation,Energy,"Oil, Gas & Consumable Fuels",United States,Small Cap,NCM,USD
FLNC,Fluence Energy Inc. Class A Common Stock,Utilities,Electric Utilities,United States,Mid Cap,NMS,USD
FLO,"Flowers Foods, Inc.",Consumer Staples,Food & Staples Retailing,United States,Mid Cap,NYQ,USD
FLOC,Flowco Holdings Inc. Class A Common Stock,Energy,Energy Equipment & Services,United States,Mid Cap,NYQ,USD
FLOW,"SPX FLOW, Inc.",Industrials,Machinery,United States,Mid Cap,NYQ,USD
FLR,Fluor Corporation,Industrials,Construction & Engineering,United States,Mid Cap,NYQ,USD
FLS,Flowserve Corporation,Industrials,Machinery,United States,Large Cap,NYQ,USD
FLT,"FLEETCOR Technologies, Inc.",Information Technology,IT Services,United States,Large Cap,NYQ,USD
FLUT,Flutter Entertainment plc Ordinary Shares,Communication Services,Diversified Telecommunication Services,United States,Large Cap,NYQ,USD
FLXN,"Flexion Therapeutics, Inc.",Health Care,Pharmaceuticals,United States,Small Cap,NGM,USD
FLYW,Flywire Corporation,Information Technology,IT Services,United States,Small Cap,NMS,USD
FMC,FMC Corporation,Materials,Construction Materials,United States,Small Cap,NYQ,USD
FMTX,"Forma Therapeutics Holdings, Inc.",Health Care,Biotechnology,United States,Small Cap,NMS,USD
FMW.F,Veru Inc.,Health Care,Biotechnology,United States,Small Cap,FRA,EUR
FND,"Floor & Decor Holdings, Inc.",Consumer Discretionary,Household Durables,United States,Mid Cap,NYQ,USD
FOE,Ferro Corporation,Materials,Chemicals,United States,Small Cap,NYQ,USD
FOLD,"Amicus Therapeutics, Inc.",Health Care,Biotechnology,United States,Mid Cap,NGM,USD
FORD,"Forward Industries, Inc.",Consumer Discretionary,"Textiles, Apparel & Luxury Goods",United States,Small Cap,NCM,USD
FORM,"FormFactor, Inc.",Information Technology,Semiconductors & Semiconductor Equipment,United States,Mid Cap,NMS,USD
FOSLL,Fossil Group Inc. 7% Senior Notes due 2026,Consumer Discretionary,"Textiles, Apparel & Luxury Goods",United States,Small Cap,NMS,USD
FOUR,"Shift4 Payments, Inc.",Information Technology,Software,United States,Mid Cap,NYQ,USD
FOX,Fox Corporation Class A,Communication Services,Media,United States,Large Cap,NMS,USD
FOXF,Fox Factory Holding Corp.,Consumer Discretionary,Automobiles,United States,Small Cap,NMS,USD
FPR.F,"Alto Ingredients, Inc.",Materials,Chemicals,United States,Small Cap,FRA,EUR
FPS,Forgent Power Solutions Inc. Class A Common Stock,Information Technology,"Electronic Equipment, Instruments & Components",United States,Large Cap,NYQ,USD
FPVD,Force Protection Video Equipment Corp.,Industrials,Professional Services,United States,Small Cap,PNK,USD
FRG,"Franchise Group, Inc.",Consumer Discretionary,"Hotels, Restaurants & Leisure",United States,Small Cap,NMS,USD
FRGE,Forge Global Holdings Inc. Common Stock,Information Technology,Software,United States,Small Cap,ASE,USD
FRNM,Freenome Inc. Common stock,Health Care,Biotechnology,United States,Small Cap,NMS,USD
FROG,JFrog Ltd.,Information Technology,Software,United States,Mid Cap,NMS,USD
FRPT,Freshpet Inc,Consumer Staples,Food & Staples Retailing,United States,Mid Cap,NMS,USD
FRSH,Freshworks Inc. Class A Common Stock,Information Technology,Software,United States,Mid Cap,NMS,USD
FRTA,"Forterra, Inc.",Industrials,Building Products,United States,Small Cap,NMS,USD
FRVO,Fervo Energy Company Class A common stock,Utilities,Electric Utilities,United States,Large Cap,NMS,USD
FSL.F,"Fossil Group, Inc.",Consumer Discretionary,"Textiles, Apparel & Luxury Goods",United States,Small Cap,FRA,EUR
FSLR,"First Solar, Inc.",Information Technology,"Technology Hardware, Storage & Peripherals",United States,Large Cap,NMS,USD
FSLY,"Fastly, Inc.",Information Technology,Software,United States,Mid Cap,NYQ,USD
FSR-WT,Fisker Inc.,Consumer Discretionary,Automobiles,United States,Mid Cap,NYQ,USD
FSS,Federal Signal Corporation,Industrials,Construction & Engineering,United States,Mid Cap,NYQ,USD
FSTR,L.B. Foster Company,Industrials,Road & Rail,United States,Small Cap,NMS,USD
FTAI,Fortress Transportation and Infrastructure Investors LLC,Industrials,Commercial Services & Supplies,United States,Large Cap,NYQ,USD
FTAIM,FTAI Aviation Ltd. 9.500% Fixed-Rate Reset Series D Cumulative Perpetual Redeemable Preferred Shares,Industrials,Professional Services,United States,Mid Cap,NMS,USD
FTAIN,FTAI Aviation Ltd. 8.25% Fixed - Rate Reset Series C Cumulative Perpetual Redeemable Preferred Shares,Industrials,Professional Services,United States,Mid Cap,NMS,USD
FTAIO,FTAI Aviation Ltd. 8.00% Fixed-to-Floating Rate Series B Cumulative Perpetual Redeemable Preferred Shares,Industrials,Professional Services,United States,Mid Cap,NMS,USD
FTAIP,FTAI Aviation Ltd. 8.25% Fixed to Floating Rate Series A Cumulative Perpetual Redeemable Preferred Shares,Industrials,Professional Services,United States,Mid Cap,NMS,USD
FTDR,"frontdoor, inc.",Consumer Discretionary,"Hotels, Restaurants & Leisure",United States,Mid Cap,NMS,USD
FTK,"Flotek Industries, Inc.",Energy,Energy Equipment & Services,United States,Small Cap,NYQ,USD
FTNT,"Fortinet, Inc.",Information Technology,Software,United States,Large Cap,NMS,USD
FTRE,Fortrea Holdings Inc. Common Stock,Health Care,Biotechnology,United States,Small Cap,NMS,USD
FTSI,"FTS International, Inc.",Energy,Energy Equipment & Services,United States,Small Cap,ASE,USD
FTV,Fortive Corporation,Information Technology,"Electronic Equipment, Instruments & Components",United States,Large Cap,NYQ,USD
FTW,EQV Ventures Acquisition Corp. Class A Ordinary Shares,Energy,"Oil, Gas & Consumable Fuels",United States,Small Cap,NYQ,USD
FU2.F,"Funko, Inc.",Consumer Discretionary,"Hotels, Restaurants & Leisure",United States,Small Cap,FRA,EUR
FUBO,fuboTV Inc.,Communication Services,Media,United States,Small Cap,NYQ,USD
FUL,H.B. Fuller Company,Materials,Chemicals,United States,Mid Cap,NYQ,USD
FULC,"Fulcrum Therapeutics, Inc.",Health Care,Biotechnology,United States,Small Cap,NGM,USD
FUN,"Cedar Fair, L.P.",Consumer Discretionary,"Hotels, Restaurants & Leisure",United States,Small Cap,NYQ,USD
FUR.AS,Fugro N.V.,Energy,Energy Equipment & Services,Netherlands,Small Cap,AMS,EUR
FWC.F,"1-800-FLOWERS.COM, Inc.",Consumer Discretionary,Specialty Retail,United States,Mid Cap,FRA,EUR
FWDI,Forward Industries Inc. Common Stock,Materials,Chemicals,United States,Small Cap,NMS,USD
FWRD,Forward Air Corporation,Industrials,Air Freight & Logistics,United States,Small Cap,NMS,USD
FWRG,First Watch Restaurant Group Inc. Common Stock,Consumer Discretionary,"Hotels, Restaurants & Leisure",United States,Small Cap,NMS,USD
FYBR,"Frontier Communications Parent, Inc.",Communication Services,Diversified Telecommunication Services,United States,Mid Cap,NMS,USD
G6G.F,GRAFTECH INTERNATIONAL LTD.,Industrials,Electrical Equipment,United States,Mid Cap,FRA,EUR
GAP,Gap Inc. (The) Common Stock,Consumer Discretionary,"Textiles, Apparel & Luxury Goods",United States,Large Cap,NYQ,USD
GATO,"Gatos Silver, Inc.",Materials,Metals & Mining,United States,Small Cap,NYQ,USD
GATX,GATX Corporation,Industrials,Commercial Services & Supplies,United States,Mid Cap,NYQ,USD
GBOX,GreenBox POS,Information Technology,Software,United States,Small Cap,NCM,USD
GBT,"Global Blood Therapeutics, Inc.",Health Care,Biotechnology,United States,Mid Cap,NMS,USD
GBTG,Global Business Travel Group Inc. Class A Common Stock,Information Technology,Software,United States,Mid Cap,NYQ,USD
GBX,"The Greenbrier Companies, Inc.",Industrials,Road & Rail,United States,Small Cap,NYQ,USD
GBY.F,"Sangamo Therapeutics, Inc.",Health Care,Biotechnology,United States,Small Cap,FRA,EUR
GCI,"Gannett Co., Inc.",Communication Services,Diversified Telecommunication Services,United States,Small Cap,NYQ,USD
GCP,GCP Applied Technologies Inc.,Materials,Chemicals,United States,Small Cap,NYQ,USD
GD,General Dynamics Corporation,Industrials,,United States,Large Cap,NYQ,USD
GDDY,GoDaddy Inc.,Information Technology,Software,United States,Large Cap,NYQ,USD
GDEN,"Golden Entertainment, Inc.",Consumer Discretionary,"Hotels, Restaurants & Leisure",United States,Small Cap,NGM,USD
GDRX,"GoodRx Holdings, Inc.",Health Care,Health Care Providers & Services,United States,Small Cap,NMS,USD
GDYN,"Grid Dynamics Holdings, Inc.",Information Technology,IT Services,United States,Small Cap,NMS,USD
GE,General Electric Company,Industrials,Machinery,United States,Mega Cap,NYQ,USD
GEAR,Revelyst Inc. Common Stock,Consumer Discretionary,,United States,Small Cap,ASE,USD
GEF,"Greif, Inc.",Consumer Discretionary,Distributors,United States,Mid Cap,NYQ,USD
GEGGL,Great Elm Group Inc.  7.25% Notes due 2027,Information Technology,Software,United States,Small Cap,NMS,USD
GEHC,GE HealthCare Technologies Inc. Common Stock ,Information Technology,Software,United States,Large Cap,NMS,USD
GEL,"Genesis Energy, L.P.",Energy,"Oil, Gas & Consumable Fuels",United States,Mid Cap,NYQ,USD
GEN,Gen Digital Inc. Common Stock,Information Technology,Software,United States,Large Cap,NMS,USD
GENVR,Gen Digital Inc. Contingent Value Rights,Information Technology,Software,United States,Small Cap,NMS,USD
GERN,Geron Corporation,Health Care,Biotechnology,United States,Small Cap,NMS,USD
GES,"GUESS?, LLC",Consumer Discretionary,"Textiles, Apparel & Luxury Goods",United States,Small Cap,NYQ,USD
GETY,Getty Images Holdings Inc. Class A Common Stock,Information Technology,"Electronic Equipment, Instruments & Components",United States,Small Cap,NYQ,USD
GEV,GE Vernova Inc. Common Stock,Energy,,United States,Mega Cap,NYQ,USD
GEVO,"Gevo, Inc.",Materials,Chemicals,United States,Small Cap,NMS,USD
GFF,Griffon Corporation,Industrials,Building Products,United States,Mid Cap,NYQ,USD
GFN,General Finance Corporation,Industrials,Commercial Services & Supplies,United States,Small Cap,NMS,USD
GFS,GlobalFoundries Inc. Ordinary Shares,Information Technology,Semiconductors & Semiconductor Equipment,United States,Large Cap,NMS,USD
GFUZ,General Fusion Group Ltd. Common Shares,Utilities,Electric Utilities,United States,Mid Cap,NMS,USD
GGG,Graco Inc.,Industrials,Machinery,United States,Large Cap,NYQ,USD
GGL.F,"Global Water Resources, Inc.",Utilities,Water Utilities,United States,Small Cap,FRA,EUR
GH,"Guardant Health, Inc.",Health Care,Biotechnology,United States,Large Cap,NMS,USD
GHC,Graham Holdings Company,Consumer Staples,Household Products,United States,Mid Cap,NYQ,USD
GIC,Global Industrial Company Common Stock,Information Technology,"Electronic Equipment, Instruments & Components",United States,Small Cap,NYQ,USD
GIII,"G-III Apparel Group, Ltd.",Consumer Discretionary,"Textiles, Apparel & Luxury Goods",United States,Small Cap,NMS,USD
GILD,"Gilead Sciences, Inc.",Health Care,Pharmaceuticals,United States,Large Cap,NMS,USD
GIS,"General Mills, Inc.",Consumer Staples,Food & Staples Retailing,United States,Large Cap,NYQ,USD
GKOS,Glaukos Corp,Health Care,Health Care Equipment & Supplies,United States,Mid Cap,NYQ,USD
GLDD,Great Lakes Dredge & Dock Corporation,Industrials,Construction & Engineering,United States,Small Cap,NMS,USD
GLIBA,GCI Liberty Inc. Series A GCI Group Common Stock,Communication Services,Entertainment,United States,Small Cap,NMS,USD
GLIBK,GCI Liberty Inc. Series C GCI Group Common Stock,Communication Services,Entertainment,United States,Small Cap,NMS,USD
GLN.F,Glatfelter Corporation,Materials,Paper & Forest Products,United States,Small Cap,FRA,EUR
GLOO,Gloo Holdings Inc. Class A Common Stock,Information Technology,Software,United States,Small Cap,NMS,USD
GLP,Global Partners LP,Energy,"Oil, Gas & Consumable Fuels",United States,Small Cap,NYQ,USD
GLSI,"Greenwich LifeSciences, Inc.",Health Care,Biotechnology,United States,Small Cap,NCM,USD
GLUE,Monte Rosa Therapeutics Inc. Common Stock,Health Care,Biotechnology,United States,Small Cap,NMS,USD
GLUU,Glu Mobile Inc.,Communication Services,Interactive Media & Services,United States,Mid Cap,NMS,USD
GLW,Corning Inc,Information Technology,"Electronic Equipment, Instruments & Components",United States,Large Cap,NYQ,USD
GM,General Motors Company,Consumer Discretionary,Automobiles,United States,Large Cap,NYQ,USD
GME,GameStop Corp.,Consumer Discretionary,Specialty Retail,United States,Large Cap,NYQ,USD
GMED,"Globus Medical, Inc.",Health Care,Health Care Technology,United States,Large Cap,NYQ,USD
GMS,GMS Inc.,Industrials,Building Products,United States,Mid Cap,NYQ,USD
GMTX,"Gemini Therapeutics, Inc.",Health Care,Biotechnology,United States,Small Cap,NMS,USD
GN8.F,Genesco Inc.,Consumer Discretionary,"Textiles, Apparel & Luxury Goods",United States,Small Cap,FRA,EUR
GNE,Genie Energy Ltd.,Utilities,Electric Utilities,United States,Small Cap,NYQ,USD
GNK,Genco Shipping & Trading Limited,Industrials,Marine,United States,Small Cap,NYQ,USD
GNMK,"GenMark Diagnostics, Inc.",Health Care,Health Care Technology,United States,Small Cap,NGM,USD
GNOG,"Golden Nugget Online Gaming, Inc.",Consumer Discretionary,"Hotels, Restaurants & Leisure",United States,Small Cap,NMS,USD
GNRC,Generac Holdings Inc.,Industrials,Machinery,United States,Large Cap,NYQ,USD
GNTX,Gentex Corporation,Consumer Discretionary,Auto Components,United States,Mid Cap,NMS,USD
GO,Grocery Outlet Holding Corp.,Consumer Staples,Food & Staples Retailing,United States,Small Cap,NMS,USD
GOGO,Gogo Inc.,Communication Services,Diversified Telecommunication Services,United States,Small Cap,NMS,USD
GOLF,Acushnet Holdings Corp.,Consumer Discretionary,"Hotels, Restaurants & Leisure",United States,Mid Cap,NYQ,USD
GOOG,Alphabet Inc.,Communication Services,Diversified Telecommunication Services,United States,Mega Cap,NMS,USD
GOOGM,Alphabet Inc. Depositary Shares representing a 1/20th Interest in a Share of Series A Mandatory Convertible Preferred Stock,Communication Services,Diversified Telecommunication Services,United States,Mega Cap,NMS,USD
GOOGN,Alphabet Inc. Depositary Shares representing a 1/20th Interest in a Share of Series B Mandatory Convertible Preferred Stock,Communication Services,Diversified Telecommunication Services,United States,Mega Cap,NMS,USD
GPC,Genuine Parts Company,Consumer Discretionary,Specialty Retail,United States,Large Cap,NYQ,USD
GPCR,Structure Therapeutics Inc. American Depositary Shares,Health Care,,United States,Mid Cap,NMS,USD
GPI,"Group 1 Automotive, Inc.",Consumer Discretionary,Automobiles,United States,Mid Cap,NYQ,USD
GPK,Graphic Packaging Holding Company,Consumer Discretionary,Distributors,United States,Mid Cap,NYQ,USD
GPN,Global Payments Inc.,Industrials,Professional Services,United States,Large Cap,NYQ,USD
GPOR,Gulfport Energy Corporation Common Shares,Energy,"Oil, Gas & Consumable Fuels",United States,Mid Cap,NYQ,USD
GPRE,Green Plains Inc.,Materials,Chemicals,United States,Small Cap,NMS,USD
GPS,"The Gap, Inc.",Consumer Discretionary,"Textiles, Apparel & Luxury Goods",United States,Mid Cap,NYQ,USD
GRA,W. R. Grace & Co.,Materials,Chemicals,United States,Mid Cap,NYQ,USD
GRAL,GRAIL Inc. Common Stock ,Health Care,Biotechnology,United States,Mid Cap,NMS,USD
GRBK,"Green Brick Partners, Inc.",Industrials,Construction & Engineering,United States,Mid Cap,NCM,USD
GRC,The Gorman-Rupp Company,Industrials,Machinery,United States,Small Cap,NYQ,USD
GRDN,Guardian Pharmacy Services Inc. Class A Common Stock,Health Care,Pharmaceuticals,United States,Mid Cap,NYQ,USD
GRPN,"Groupon, Inc.",Communication Services,Diversified Telecommunication Services,United States,Small Cap,NMS,USD
GRUB,Grubhub Inc.,Communication Services,Diversified Telecommunication Services,United States,Mid Cap,NYQ,USD
GRWG.MX,GrowGeneration Corp.,Consumer Discretionary,Household Durables,United States,Mid Cap,MEX,MXN
GSAT,"Globalstar, Inc.",Communication Services,Diversified Telecommunication Services,United States,Mid Cap,NMS,USD
GSKY,"GreenSky, Inc.",Information Technology,Software,United States,Small Cap,NMS,USD
GT,Goodyear Tire & Rubber Company,Consumer Discretionary,Auto Components,United States,Mid Cap,NMS,USD
GTBIF,Green Thumb Industries Inc.,Health Care,Pharmaceuticals,United States,Mid Cap,PNK,USD
GTES,Gates Industrial Corporation plc,Industrials,Machinery,United States,Mid Cap,NYQ,USD
GTHX,G1 Therapeutics Inc.,Health Care,Biotechnology,United States,Small Cap,NMS,USD
GTII,"Global Tech Industries Group, Inc.",Industrials,Industrial Conglomerates,United States,Small Cap,PNK,USD
GTLB,GitLab Inc. Class A Common Stock,Information Technology,Software,United States,Mid Cap,NMS,USD
GTLS,"Chart Industries, Inc.",Industrials,Machinery,United States,Mid Cap,NYQ,USD
GTM,ZoomInfo Technologies Inc Common Stock,Information Technology,Software,United States,Small Cap,NMS,USD
GTN,"Gray Television, Inc.",Communication Services,Media,United States,Small Cap,NYQ,USD
GTS,Triple-S Management Corporation,Health Care,Health Care Providers & Services,United States,Small Cap,NYQ,USD
GTYH,GTY Technology Holdings Inc.,Information Technology,Software,United States,Small Cap,NCM,USD
GVA,Granite Construction Incorporated,Industrials,Construction & Engineering,United States,Mid Cap,NYQ,USD
GVNV.AS,GrandVision N.V.,Consumer Discretionary,Specialty Retail,Netherlands,Mid Cap,AMS,EUR
GWRE,"Guidewire Software, Inc.",Information Technology,Software,United States,Large Cap,NYQ,USD
GWW,"W.W. Grainger, Inc.",Industrials,Trading Companies & Distributors,United States,Large Cap,NYQ,USD
GX6.F,"TPI Composites, Inc.",Industrials,Machinery,United States,Small Cap,FRA,EUR
GXO,GXO Logistics Inc. Common Stock ,Industrials,,United States,Mid Cap,NYQ,USD
GYRE,Gyre Therapeutics Inc. Common Stock,Health Care,Biotechnology,United States,Small Cap,NMS,USD
H,Hyatt Hotels Corporation,Consumer Discretionary,"Hotels, Restaurants & Leisure",United States,Large Cap,NYQ,USD
HA,"Hawaiian Holdings, Inc.",Industrials,Airlines,United States,Small Cap,NMS,USD
HAL,Halliburton Company,Energy,Energy Equipment & Services,United States,Large Cap,NYQ,USD
HALO,"Halozyme Therapeutics, Inc.",Health Care,Biotechnology,United States,Mid Cap,NMS,USD
HARP,"Harpoon Therapeutics, Inc.",Health Care,Biotechnology,United States,Small Cap,NMS,USD
HAS,"Hasbro, Inc.",Consumer Discretionary,"Hotels, Restaurants & Leisure",United States,Large Cap,NMS,USD
HAWEL,"Hawaiian Electric Company, Inc. PFD SER E 5%",Utilities,,United States,Small Cap,PNK,USD
HAWEN,"Hawaiian Electric Company, Inc. PFD C 4.25%",Utilities,,United States,Small Cap,PNK,USD
HAYN,"HAYNES INTERNATIONAL, INC.",Industrials,Building Products,United States,Small Cap,NMS,USD
HAYW,"Hayward Holdings, Inc.",Industrials,Electrical Equipment,United States,Mid Cap,NYQ,USD
HBI,Hanesbrands Inc.,Consumer Discretionary,"Textiles, Apparel & Luxury Goods",United States,Mid Cap,NYQ,USD
HBI.F,"Harvard Bioscience, Inc.",Health Care,Health Care Equipment & Supplies,United States,Small Cap,FRA,EUR
HC9.F,"America's Car-Mart, Inc.",Consumer Discretionary,Automobiles,United States,Small Cap,FRA,EUR
HCA,"HCA Healthcare, Inc.",Health Care,Health Care Equipment & Supplies,United States,Large Cap,NYQ,USD
HCC,"Warrior Met Coal, Inc.",Materials,Metals & Mining,United States,Mid Cap,NYQ,USD
HCCI,"Heritage-Crystal Clean, Inc",Industrials,Transportation Infrastructure,United States,Small Cap,NMS,USD
HCKT,"The Hackett Group, Inc.",Information Technology,IT Services,United States,Small Cap,NMS,USD
HCMC,Healthier Choices Management Corp.,Consumer Staples,Food & Staples Retailing,United States,Small Cap,PNK,USD
HCP,HashiCorp Inc. Class A Common Stock,Information Technology,Software,United States,Mid Cap,NMS,USD
HCSG,"Healthcare Services Group, Inc.",Health Care,Health Care Equipment & Supplies,United States,Small Cap,NMS,USD
HD,"Home Depot, Inc.",Consumer Discretionary,Household Durables,United States,Mega Cap,NYQ,USD
HDG.AS,Hunter Douglas N.V.,Consumer Discretionary,Household Durables,Netherlands,Mid Cap,AMS,EUR
HDSN,"Hudson Technologies, Inc.",Materials,Chemicals,United States,Small Cap,NCM,USD
HE,"Hawaiian Electric Industries, Inc.",Utilities,Multi-Utilities,United States,Mid Cap,NYQ,USD
HEAR,Turtle Beach Corporation,Information Technology,"Electronic Equipment, Instruments & Components",United States,Small Cap,NMS,USD
HEES,"H&E Equipment Services, Inc.",Industrials,Commercial Services & Supplies,United States,Mid Cap,NMS,USD
HEI,HEICO Corporation,Industrials,Aerospace & Defense,United States,Large Cap,NYQ,USD
HEIA.AS,Heineken N.V.,Consumer Staples,Beverages,Netherlands,Large Cap,AMS,EUR
HEIJM.AS,Koninklijke Heijmans N.V.,Industrials,Construction & Engineering,Netherlands,Small Cap,AMS,EUR
HELE,Helen of Troy Limited,Consumer Staples,Household Products,United States,Small Cap,NMS,USD
HEP,"Holly Energy Partners, L.P.",Energy,"Oil, Gas & Consumable Fuels",United States,Mid Cap,NYQ,USD
HES,HESS CORPORATION,Energy,"Oil, Gas & Consumable Fuels",United States,Large Cap,NYQ,USD
HESM,Hess Midstream LP,Energy,"Oil, Gas & Consumable Fuels",United States,Mid Cap,NYQ,USD
HF1.F,"Hain Celestial Group, Inc.",Consumer Staples,Food & Staples Retailing,United States,Mid Cap,FRA,EUR
HFC,HollyFrontier Corporation,Energy,"Oil, Gas & Consumable Fuels",United States,Mid Cap,NYQ,USD
HGV,Hilton Grand Vacations Inc.,Consumer Discretionary,"Hotels, Restaurants & Leisure",United States,Mid Cap,NYQ,USD
HI,"Hillenbrand, Inc.",Industrials,Machinery,United States,Mid Cap,NYQ,USD
HIBB,"Hibbett Sports, Inc.",Consumer Discretionary,Specialty Retail,United States,Small Cap,NMS,USD
HII,"Huntington Ingalls Industries, Inc.",Industrials,Aerospace & Defense,United States,Large Cap,NYQ,USD
HIMS,"Hims & Hers Health, Inc.",Consumer Staples,Household Products,United States,Mid Cap,NYQ,USD
HL,Hecla Mining Company,Materials,Metals & Mining,United States,Large Cap,NYQ,USD
HLF,Herbalife Ltd.,Consumer Staples,Food & Staples Retailing,United States,Mid Cap,NYQ,USD
HLIO,"Helios Technologies, Inc.",Industrials,Machinery,United States,Mid Cap,NMS,USD
HLLY,Holley Inc. Common Stock,Consumer Discretionary,Auto Components,United States,Small Cap,NYQ,USD
HLMN,Hillman Solutions Corp. Common Stock,Materials,Chemicals,United States,Small Cap,NMS,USD
HLT,Hilton Worldwide Holdings Inc.,Consumer Discretionary,"Hotels, Restaurants & Leisure",United States,Large Cap,NYQ,USD
HLX,"Solutions Group, Inc.",Energy,Energy Equipment & Services,United States,Small Cap,NYQ,USD
HMBL,"HUMBL, Inc.",Information Technology,Software,United States,Small Cap,PNK,USD
HMHC,Houghton Mifflin Harcourt Company,Consumer Staples,Household Products,United States,Small Cap,NMS,USD
HMTV,"Hemisphere Media Group, Inc.",Communication Services,Entertainment,United States,Small Cap,NGM,USD
HNGE,Hinge Health Inc. Class A Common Stock,Information Technology,Software,United States,Mid Cap,NYQ,USD
HNGR,"Hanger, Inc.",Health Care,Health Care Equipment & Supplies,United States,Small Cap,NYQ,USD
HNI,HNI Corporation,Industrials,Commercial Services & Supplies,United States,Mid Cap,NYQ,USD
HNRG,Hallador Energy Company,Materials,Metals & Mining,United States,Small Cap,NMS,USD
HNST,The Honest Company Inc. Common Stock,Materials,Paper & Forest Products,United States,Small Cap,NMS,USD
HOG,"Harley-Davidson, Inc.",Consumer Discretionary,Automobiles,United States,Mid Cap,NYQ,USD
HOLX,"Hologic, Inc.",Health Care,Health Care Equipment & Supplies,United States,Large Cap,NMS,USD
HOME,At Home Group Inc.,Consumer Discretionary,Specialty Retail,United States,Mid Cap,NYQ,USD
HONA,Honeywell Aerospace Inc. Common Stock ,Industrials,Aerospace & Defense,United States,Large Cap,NMS,USD
HONAV,Honeywell Aerospace Inc. Common Stock When Issued,Industrials,Aerospace & Defense,United States,Large Cap,NMS,USD
HOV,"Hovnanian Enterprises, Inc.",Industrials,Construction & Engineering,United States,Small Cap,NYQ,USD
HP,"Helmerich & Payne, Inc.",Energy,"Oil, Gas & Consumable Fuels",United States,Mid Cap,NYQ,USD
HPE,Hewlett Packard Enterprise Co.,Information Technology,Communications Equipment,United States,Large Cap,NYQ,USD
HPK,"HighPeak Energy, Inc.",Energy,"Oil, Gas & Consumable Fuels",United States,Small Cap,NGM,USD
HPQ,HP Inc.,Information Technology,"Technology Hardware, Storage & Peripherals",United States,Large Cap,NYQ,USD
HQE1.F,CytoSorbents Corporation,Health Care,Health Care Technology,United States,Small Cap,FRA,EUR
HQY,"HealthEquity, Inc.",Health Care,Health Care Providers & Services,United States,Mid Cap,NMS,USD
HRB,"H&R Block, Inc.",Consumer Discretionary,"Hotels, Restaurants & Leisure",United States,Mid Cap,NYQ,USD
HRC,"Hill-Rom Holdings, Inc.",Health Care,Health Care Equipment & Supplies,United States,Mid Cap,NYQ,USD
HRI,Herc Holdings Inc.,Industrials,Commercial Services & Supplies,United States,Mid Cap,NYQ,USD
HRL,Hormel Foods Corporation,Consumer Staples,Food & Staples Retailing,United States,Large Cap,NYQ,USD
HRMY,"Harmony Biosciences Holdings, Inc.",Health Care,Biotechnology,United States,Small Cap,NMS,USD
HROW,"Harrow Health, Inc.",Health Care,Pharmaceuticals,United States,Mid Cap,NMS,USD
HROWL,Harrow Health Inc. 8.625% Senior Notes due 2026,Health Care,Biotechnology,United States,Small Cap,NMS,USD
HROWM,Harrow Health Inc. 11.875% Senior Notes due 2027,Health Care,Biotechnology,United States,Small Cap,NMS,USD
HRS.DE,Harris Corporation,Information Technology,,United States,Large Cap,GER,EUR
HRVSF,Harvest Health & Recreation Inc.,Health Care,Pharmaceuticals,United States,Small Cap,PNK,USD
HSC,Harsco Corporation,Industrials,Machinery,United States,Small Cap,NYQ,USD
HSIC,"Henry Schein, Inc.",Health Care,Health Care Providers & Services,United States,Mid Cap,NMS,USD
HSII,"Heidrick & Struggles International, Inc.",Industrials,Professional Services,United States,Small Cap,NMS,USD
HSKA,Heska Corporation,Health Care,Biotechnology,United States,Small Cap,NMS,USD
HSTM,"HealthStream, Inc.",Health Care,Health Care Providers & Services,United States,Small Cap,NMS,USD
HSY,The Hershey Company,Consumer Staples,Food & Staples Retailing,United States,Large Cap,NYQ,USD
HTLD,"PetMed Express, Inc.",Consumer Discretionary,"Textiles, Apparel & Luxury Goods",United States,Small Cap,NMS,USD
HTO,H2O America Common Stock,Utilities,Water Utilities,United States,Small Cap,NMS,USD
HTZ,Hertz Global Holdings Inc Common Stock,Industrials,Commercial Services & Supplies,United States,Small Cap,NMS,USD
HTZGQ,"Hertz Global Holdings, Inc.",Industrials,Commercial Services & Supplies,United States,Small Cap,PNK,USD
HUBB,Hubbell Incorporated,Industrials,Electrical Equipment,United States,Large Cap,NYQ,USD
HUBG,"Hub Group, Inc.",Industrials,Air Freight & Logistics,United States,Mid Cap,NMS,USD
HUBS,"HubSpot, Inc.",Information Technology,Software,United States,Large Cap,NYQ,USD
HUM,Humana Inc.,Health Care,Health Care Providers & Services,United States,Large Cap,NYQ,USD
HUN,Huntsman Corporation,Materials,Chemicals,United States,Mid Cap,NYQ,USD
HURN,Huron Consulting Group Inc.,Industrials,Professional Services,United States,Mid Cap,NMS,USD
HVT,"Haverty Furniture Companies, Inc.",Consumer Discretionary,Household Durables,United States,Small Cap,NYQ,USD
HWKN,"Hawkins, Inc.",Materials,Chemicals,United States,Mid Cap,NMS,USD
HWM,Howmet Aerospace Inc.,Industrials,Machinery,United States,Large Cap,NYQ,USD
HWT1.F,"iCAD, Inc.",Health Care,Health Care Providers & Services,United States,Small Cap,FRA,EUR
HXL,Excel Corporation,Information Technology,IT Services,United States,Mid Cap,NYQ,USD
HY,"Hyster-Yale Materials Handling, Inc.",Industrials,Machinery,United States,Small Cap,NYQ,USD
HY1N.F,"Ontrak, Inc.",Health Care,Health Care Equipment & Supplies,United States,Small Cap,FRA,EUR
HYLN,Hyliion Holdings Corp.,Consumer Discretionary,Auto Components,United States,Small Cap,NYQ,USD
HYMC,Hycroft Mining Holding Corporation,Materials,Metals & Mining,United States,Mid Cap,NMS,USD
HYSR,"SunHydrogen, Inc.",Information Technology,"Technology Hardware, Storage & Peripherals",United States,Small Cap,PNK,USD
HZO,"MarineMax, Inc.",Consumer Discretionary,Specialty Retail,United States,Small Cap,NYQ,USD
I8R.F,iRobot Corporation,Information Technology,"Electronic Equipment, Instruments & Components",United States,Mid Cap,FRA,EUR
IAA,"IAA, Inc.",Industrials,Professional Services,United States,Mid Cap,NYQ,USD
IAC,IAC Inc.,Communication Services,Diversified Telecommunication Services,United States,Mid Cap,NMS,USD
IART,Integra LifeSciences Holdings Corporation,Health Care,Health Care Technology,United States,Small Cap,NMS,USD
IAS,Integral Ad Science Holding Corp. Common Stock,Communication Services,Diversified Telecommunication Services,United States,Small Cap,NMS,USD
IAUCF,i-80 Gold Corp.,Materials,Metals & Mining,United States,Small Cap,PNK,USD
IAUX,i-80 Gold Corp. Common Shares,Materials,,United States,Small Cap,ASE,USD
IBEX,IBEX Limited,Information Technology,Software,United States,Small Cap,NMS,USD
IBM,International Business Machines Corporation,Information Technology,IT Services,United States,Mega Cap,NYQ,USD
IBP,"Installed Building Products, Inc.",Industrials,Building Products,United States,Mid Cap,NYQ,USD
IBRX,ImmunityBio Inc,Health Care,Biotechnology,United States,Large Cap,NMS,USD
IBTA,Ibotta Inc. Class A Common Stock,Information Technology,,United States,Small Cap,NYQ,USD
ICFI,"ICF International, Inc.",Industrials,Professional Services,United States,Small Cap,NMS,USD
ICHR,"Ichor Holdings, Ltd.",Information Technology,Semiconductors & Semiconductor Equipment,United States,Small Cap,NMS,USD
ICPT,"Intercept Pharmaceuticals, Inc.",Health Care,Biotechnology,United States,Small Cap,NMS,USD
ICUI,"ICU Medical, Inc.",Health Care,Health Care Equipment & Supplies,United States,Mid Cap,NMS,USD
ICVX,Icosavax Inc. Common Stock,Health Care,Biotechnology,United States,Small Cap,NMS,USD
IDA,"IDACORP, Inc.",Utilities,Electric Utilities,United States,Mid Cap,NYQ,USD
IDCC,"InterDigital, Inc.",Communication Services,Diversified Telecommunication Services,United States,Mid Cap,NMS,USD
IDT,IDT Corporation Class B,Communication Services,Diversified Telecommunication Services,United States,Small Cap,NYQ,USD
IDXX,"IDEXX Laboratories, Inc.",Health Care,Biotechnology,United States,Large Cap,NMS,USD
IDYA,"IDEAYA Biosciences, Inc.",Health Care,Biotechnology,United States,Mid Cap,NMS,USD
IEP,Icahn Enterprises L.P.,Industrials,Industrial Conglomerates,United States,Mid Cap,NMS,USD
IEX,IDEX Corporation,Industrials,Machinery,United States,Large Cap,NYQ,USD
IFF,International Flavors & Fragrances Inc.,Materials,Chemicals,United States,Large Cap,NYQ,USD
IHRT,"iHeartMedia, Inc.",Communication Services,Media,United States,Small Cap,NMS,USD
IIIN,"Insteel Industries, Inc.",Industrials,Building Products,United States,Small Cap,NYQ,USD
IIIV,"i3 Verticals, Inc.",Information Technology,IT Services,United States,Small Cap,NMS,USD
IIVI,II-VI Incorporated,Information Technology,"Electronic Equipment, Instruments & Components",United States,Large Cap,NMS,USD
IKT,"Inhibikase Therapeutics, Inc.",Health Care,Biotechnology,United States,Small Cap,NCM,USD
ILMN,"Illumina, Inc.",Health Care,Biotechnology,United States,Large Cap,NMS,USD
IMCD.AS,IMCD N.V.,Materials,Chemicals,Netherlands,Mid Cap,AMS,EUR
IMGN,"ImmunoGen, Inc.",Health Care,Biotechnology,United States,Mid Cap,NMS,USD
IMKTA,"Ingles Markets, Incorporated",Consumer Staples,Food & Staples Retailing,United States,Small Cap,NMS,USD
IMMX,Immix Biopharma Inc. Common Stock,Health Care,Biotechnology,United States,Small Cap,NMS,USD
IMNM,"Immunome, Inc.",Health Care,Biotechnology,United States,Mid Cap,NMS,USD
IMRX,Immuneering Corporation Class A Common Stock,Health Care,Biotechnology,United States,Small Cap,NMS,USD
IMUN,"Immune Therapeutics, Inc.",Health Care,Biotechnology,United States,Mid Cap,PNK,USD
IMVT,"Immunovant, Inc.",Health Care,Biotechnology,United States,Mid Cap,NMS,USD
INBX,"Inhibrx, Inc.",Health Care,Biotechnology,United States,Small Cap,NGM,USD
INCY,Incyte Corporation,Health Care,Biotechnology,United States,Large Cap,NMS,USD
INDI,"indie Semiconductor, Inc.",Information Technology,Semiconductors & Semiconductor Equipment,United States,Small Cap,NMS,USD
INFN,INFINERA CORPORATION,Information Technology,Communications Equipment,United States,Small Cap,NMS,USD
INFQ,Infleqtion Inc. Common Stock,Information Technology,Software,United States,Small Cap,NYQ,USD
INGM,Ingram Micro Holding Corporation Common Stock,Information Technology,Software,United States,Mid Cap,NYQ,USD
INGR,Ingredion Incorporated,Consumer Staples,Food & Staples Retailing,United States,Mid Cap,NYQ,USD
INNV,InnovAge Holding Corp.,Health Care,Health Care Equipment & Supplies,United States,Small Cap,NMS,USD
INO.F,Inseego Corp.,Information Technology,Communications Equipment,United States,Small Cap,FRA,EUR
INOD,Innodata Inc.,Information Technology,IT Services,United States,Small Cap,NGM,USD
INOV,"Inovalon Holdings, Inc.",Health Care,Health Care Providers & Services,United States,Mid Cap,NMS,USD
INSM,Insmed Incorporated,Health Care,Biotechnology,United States,Large Cap,NMS,USD
INSP,"Inspire Medical Systems, Inc.",Health Care,Health Care Technology,United States,Small Cap,NYQ,USD
INSW,"International Seaways, Inc.",Industrials,Marine,United States,Mid Cap,NYQ,USD
INT,World Fuel Services Corporation,Energy,"Oil, Gas & Consumable Fuels",United States,Small Cap,NYQ,USD
INTA,Intapp Inc. Common Stock,Information Technology,Software,United States,Small Cap,NMS,USD
INTC,Intel Corporation,Information Technology,Semiconductors & Semiconductor Equipment,United States,Mega Cap,NMS,USD
INTU,Intuit Inc.,Information Technology,Software,United States,Large Cap,NMS,USD
INVA,"Innoviva, Inc.",Health Care,Biotechnology,United States,Small Cap,NMS,USD
INVN.F,"Identiv, Inc.",Information Technology,"Technology Hardware, Storage & Peripherals",United States,Small Cap,FRA,EUR
INVU,"View, Inc.",Industrials,Building Products,United States,Small Cap,PNK,USD
INVVY,Indivior PLC,Health Care,Pharmaceuticals,United States,Small Cap,PNK,USD
INVX,Innovex International Inc. Common Stock,Energy,Energy Equipment & Services,United States,Small Cap,NYQ,USD
IONQ,IonQ Inc. Common Stock,Industrials,Building Products,United States,Large Cap,NYQ,USD
IONS,"Ionis Pharmaceuticals, Inc.",Health Care,Biotechnology,United States,Large Cap,NMS,USD
IOSP,Innospec Inc.,Materials,Chemicals,United States,Small Cap,NMS,USD
IOVA,"Iovance Biotherapeutics, Inc.",Health Care,Biotechnology,United States,Small Cap,NGM,USD
IP,International Paper Company,Consumer Discretionary,Distributors,United States,Large Cap,NYQ,USD
IPAR,"Inter Parfums, Inc.",Consumer Staples,Household Products,United States,Mid Cap,NMS,USD
IPG,"THE INTERPUBLIC GROUP OF COMPANIES, INC.",Communication Services,Diversified Telecommunication Services,United States,Mid Cap,NYQ,USD
IPGP,IPG Photonics Corporation,Information Technology,Semiconductors & Semiconductor Equipment,United States,Mid Cap,NMS,USD
IPI,"Intrepid Potash, Inc.",Materials,Construction Materials,United States,Small Cap,NYQ,USD
IPLDP,Interstate Power and Light Company,Utilities,Electric Utilities,United States,Small Cap,NMS,USD
IPSC,Century Therapeutics Inc. Common Stock,Health Care,Biotechnology,United States,Small Cap,NMS,USD
IPWLK,AES Indiana,Utilities,Electric Utilities,United States,Small Cap,PNK,USD
IPX,IperionX Limited American Depositary Share,Industrials,Professional Services,United States,Small Cap,NMS,USD
IQV,IQVIA Holdings Inc,Health Care,Biotechnology,United States,Large Cap,NYQ,USD
IR,Ingersoll Rand Inc.,Industrials,Machinery,United States,Large Cap,NYQ,USD
IRDM,Iridium Communications Inc.,Communication Services,Diversified Telecommunication Services,United States,Mid Cap,NMS,USD
IRMD,IRadimed Corporation,Health Care,Health Care Technology,United States,Small Cap,NCM,USD
IRON,Disc Medicine Inc. Common Stock,Health Care,Biotechnology,United States,Mid Cap,NMS,USD
IRWD,"Ironwood Pharmaceuticals, Inc. Class A",Health Care,Pharmaceuticals,United States,Small Cap,NMS,USD
ISEE,"IVERIC bio, Inc.",Health Care,Biotechnology,United States,Mid Cap,NMS,USD
ISRG,"Intuitive Surgical, Inc.",Health Care,Health Care Equipment & Supplies,United States,Large Cap,NMS,USD
ISSC,"Innovative Solutions and Support, Inc.",Industrials,Aerospace & Defense,United States,Small Cap,NMS,USD
IT,"Gartner, Inc.",Information Technology,IT Services,United States,Large Cap,NYQ,USD
ITCI,"Intra-Cellular Therapies, Inc.",Health Care,Biotechnology,United States,Large Cap,NMS,USD
ITG,ITG Inc. Class A Common Stock,Industrials,Construction & Engineering,United States,Small Cap,NMS,USD
ITGR,Integer Holdings Corporation,Health Care,Health Care Technology,United States,Mid Cap,NYQ,USD
ITI,"Iteris, Inc.",Information Technology,Communications Equipment,United States,Small Cap,NCM,USD
ITOS,"iTeos Therapeutics, Inc.",Health Care,Biotechnology,United States,Small Cap,NGM,USD
ITRI,"Itron, Inc.",Information Technology,"Electronic Equipment, Instruments & Components",United States,Mid Cap,NMS,USD
ITRO,Itronics Inc.,Materials,Construction Materials,United States,Mid Cap,PNK,USD
ITT,ITT Inc.,Industrials,Machinery,United States,Large Cap,NYQ,USD
ITW,Illinois Tool Works Inc.,Industrials,Machinery,United States,Large Cap,NYQ,USD
IV8.F,Invitae Corporation,Health Care,Biotechnology,United States,Mid Cap,FRA,EUR
IVC,Invacare Corporation,Health Care,Health Care Technology,United States,Small Cap,NYQ,USD
IVVD,Invivyd Inc. Common Stock,Health Care,Biotechnology,United States,Small Cap,NMS,USD
J,Jacobs Engineering Group Inc.,Industrials,Construction & Engineering,United States,Large Cap,NYQ,USD
JACK,Jack in the Box Inc.,Consumer Discretionary,"Hotels, Restaurants & Leisure",United States,Small Cap,NMS,USD
JAMF,Jamf Holding Corp.,Information Technology,Software,United States,Small Cap,NMS,USD
JANX,Janux Therapeutics Inc. Common Stock,Health Care,Biotechnology,United States,Small Cap,NMS,USD
JBHT,"J.B. Hunt Transport Services, Inc.",Industrials,Air Freight & Logistics,United States,Large Cap,NMS,USD
JBI,Janus International Group Inc. Common Stock,Industrials,,United States,Small Cap,NYQ,USD
JBIO,Jade Biosciences Inc. Common Stock,Health Care,Biotechnology,United States,Small Cap,NMS,USD
JBL,Jabil Inc.,Information Technology,"Electronic Equipment, Instruments & Components",United States,Large Cap,NYQ,USD
JBLU,JetBlue Airways Corporation,Industrials,Airlines,United States,Mid Cap,NMS,USD
JBS,JBS N.V. Class A Common Shares,Consumer Staples,Food & Staples Retailing,Netherlands,Large Cap,NYQ,USD
JBSS,"John B. Sanfilippo & Son, Inc.",Consumer Staples,Food & Staples Retailing,United States,Small Cap,NMS,USD
JBT,John Bean Technologies Corporation,Industrials,Machinery,United States,Mid Cap,NYQ,USD
JBTM,JBT Marel Corporation,Industrials,,United States,Mid Cap,NYQ,USD
JCOM,"J2 Global, Inc.",Information Technology,Software,United States,Mid Cap,NMS,USD
JDEP.AS,JDE Peet's N.V.,Consumer Staples,Food & Staples Retailing,Netherlands,Large Cap,AMS,EUR
JJSF,J & J Snack Foods Corp.,Consumer Staples,Food & Staples Retailing,United States,Small Cap,NMS,USD
JKHY,"Jack Henry & Associates, Inc.",Information Technology,IT Services,United States,Large Cap,NMS,USD
JNJ,Johnson & Johnson,Health Care,Pharmaceuticals,United States,Mega Cap,NYQ,USD
JOBY,Joby Aviation Inc. Common Stock,Industrials,Aerospace & Defense,United States,Mid Cap,NYQ,USD
JOUT,Johnson Outdoors Inc.,Consumer Discretionary,"Hotels, Restaurants & Leisure",United States,Small Cap,NMS,USD
JSM,Avient Corporation,Materials,Chemicals,United States,Small Cap,NMS,USD
JUSHF,Jushi Holdings Inc.,Health Care,Pharmaceuticals,United States,Small Cap,PNK,USD
JW-A,"John Wiley & Sons, Inc.",Communication Services,Diversified Telecommunication Services,United States,Mid Cap,NYQ,USD
JWN,"NORDSTROM, INC.",Consumer Discretionary,Household Durables,United States,Mid Cap,NYQ,USD
K,Kellogg Company,Consumer Staples,Food & Staples Retailing,United States,Large Cap,NYQ,USD
K2R.F,"StarTek, Inc.",Industrials,Professional Services,United States,Small Cap,FRA,EUR
KAI,Kadant Inc.,Industrials,Machinery,United States,Mid Cap,NYQ,USD
KALA,"Kala Pharmaceuticals, Inc.",Health Care,Biotechnology,United States,Small Cap,NMS,USD
KALU,Kaiser Aluminum Corporation,Materials,Metals & Mining,United States,Mid Cap,NMS,USD
KALV,"KalVista Pharmaceuticals, Inc.",Health Care,Biotechnology,United States,Small Cap,NGM,USD
KAMN,Kaman Corporation,Industrials,Aerospace & Defense,United States,Small Cap,NYQ,USD
KAR,"KAR Auction Services, Inc.",Consumer Discretionary,Specialty Retail,United States,Mid Cap,NYQ,USD
KBAL,"Kimball International, Inc.",Consumer Discretionary,Household Durables,United States,Small Cap,NMS,USD
KBH,KB Home,Industrials,Construction & Engineering,United States,Mid Cap,NYQ,USD
KBR,"KBR, Inc.",Industrials,Construction & Engineering,United States,Mid Cap,NYQ,USD
KD,Kyndryl Holdings Inc. Common Stock,Information Technology,Software,United States,Mid Cap,NYQ,USD
KDK,Kodiak AI Inc. Common Stock ,Information Technology,Software,United States,Small Cap,NMS,USD
KDMN,"Kadmon Holdings, Inc.",Health Care,Biotechnology,United States,Small Cap,NMS,USD
KDNY,"CHINOOK THERAPEUTICS, INC.",Health Care,Biotechnology,United States,Mid Cap,NMS,USD
KDP,Keurig Dr Pepper Inc.,Consumer Staples,Beverages,United States,Large Cap,NMS,USD
KE,"Kimball Electronics, Inc.",Industrials,Electrical Equipment,United States,Small Cap,NMS,USD
KELYA,"Kelly Services, Inc.",Industrials,Professional Services,United States,Small Cap,NMS,USD
KENDR.AS,Kendrion N.V.,Consumer Discretionary,Auto Components,Netherlands,Small Cap,AMS,EUR
KEX,Kirby Corporation,Industrials,Marine,United States,Mid Cap,NYQ,USD
KEYS,Keysight Technologies Inc,Information Technology,"Electronic Equipment, Instruments & Components",United States,Large Cap,NYQ,USD
KFRC,Kforce Inc.,Industrials,Professional Services,United States,Small Cap,NMS,USD
KFS,Kingsway Financial Services Inc.,Consumer Discretionary,Automobiles,United States,Small Cap,NYQ,USD
KFY,Korn Ferry,Industrials,Professional Services,United States,Mid Cap,NYQ,USD
KHC,Kraft Heinz Company,Consumer Staples,Food & Staples Retailing,United States,Large Cap,NMS,USD
KI2.F,"Kirkland's, Inc.",Consumer Discretionary,Specialty Retail,United States,Small Cap,FRA,EUR
KIDS,OrthoPediatrics Corp.,Health Care,Health Care Technology,United States,Small Cap,NMS,USD
KIND,Nextdoor Holdings Inc. Class A Common Stock,Information Technology,Software,United States,Small Cap,ASE,USD
KLA.DE,KLA-Tencor Corporation,Information Technology,,United States,Large Cap,GER,EUR
KLAC,KLA Corporation,Information Technology,Semiconductors & Semiconductor Equipment,United States,Large Cap,NMS,USD
KLC,KinderCare Learning Companies Inc. Common Stock,Consumer Staples,Household Products,United States,Small Cap,NYQ,USD
KLDI,KLDiscovery Inc.,Information Technology,Software,United States,Small Cap,PNK,USD
KLDO,"Kaleido Biosciences, Inc.",Health Care,Biotechnology,United States,Small Cap,NMS,USD
KLG,WK Kellogg Co Common Stock,Consumer Staples,,United States,Small Cap,ASE,USD
KLMR,KLM Royal Dutch Airlines,Industrials,Airlines,Netherlands,Small Cap,PNK,USD
KMB,Kimberly-Clark Corporation,Consumer Staples,Household Products,United States,Large Cap,NYQ,USD
KMI,Kinder Morgan Inc Class P,Energy,"Oil, Gas & Consumable Fuels",United States,Large Cap,NYQ,USD
KMIC34.SA,"Kinder Morgan Kansas, Inc.",Energy,"Oil, Gas & Consumable Fuels",United States,Large Cap,SAO,BRL
KMT,Kennametal Inc.,Industrials,Building Products,United States,Mid Cap,NYQ,USD
KMTS,Kestra Medical Technologies Ltd. Common Stock,Health Care,Health Care Technology,United States,Small Cap,NMS,USD
KMX,"CarMax, Inc.",Consumer Discretionary,Automobiles,United States,Mid Cap,NYQ,USD
KN,Knowles Corporation,Information Technology,Communications Equipment,United States,Mid Cap,NYQ,USD
KNL,"Knoll, Inc.",Industrials,Commercial Services & Supplies,United States,Small Cap,NYQ,USD
KNTK,Kinetik Holdings Inc. Class A Common Stock,Energy,"Oil, Gas & Consumable Fuels",United States,Mid Cap,NYQ,USD
KNX,Knight-Swift Transportation Holdings Inc.,Industrials,Transportation Infrastructure,United States,Large Cap,NYQ,USD
KO,Coca-Cola Company,Consumer Staples,Beverages,United States,Mega Cap,NYQ,USD
KOD,"Kodiak Sciences, Inc.",Health Care,Biotechnology,United States,Small Cap,NMS,USD
KODK,Eastman Kodak Company,Industrials,Professional Services,United States,Small Cap,NYQ,USD
KOP,Koppers Holdings Inc.,Materials,Chemicals,United States,Small Cap,NYQ,USD
KOPN,Kopin Corporation,Information Technology,"Electronic Equipment, Instruments & Components",United States,Small Cap,NMS,USD
KOS,Kosmos Energy Ltd.,Energy,"Oil, Gas & Consumable Fuels",United States,Small Cap,NYQ,USD
KPN.AS,Koninklijke KPN N.V.,Communication Services,Diversified Telecommunication Services,Netherlands,Large Cap,AMS,EUR
KR,The Kroger Co.,Consumer Staples,Food & Staples Retailing,United States,Large Cap,NYQ,USD
KRA,Kraton Corporation,Materials,Chemicals,United States,Small Cap,NYQ,USD
KRMN,Karman Holdings Inc.,Health Care,,United States,Large Cap,NYQ,USD
KRO,"Kronos Worldwide, Inc.",Materials,Chemicals,United States,Small Cap,NYQ,USD
KROS,"Keros Therapeutics, Inc.",Health Care,Biotechnology,United States,Small Cap,NMS,USD
KRP,"Kimbell Royalty Partners, LP",Energy,"Oil, Gas & Consumable Fuels",United States,Small Cap,NYQ,USD
KRT,"Karat Packaging, Inc.",Consumer Discretionary,Distributors,United States,Small Cap,NMS,USD
KRTX,"Karuna Therapeutics, Inc.",Health Care,Biotechnology,United States,Large Cap,NMS,USD
KRUS,"Kura Sushi USA, Inc.",Consumer Discretionary,"Hotels, Restaurants & Leisure",United States,Small Cap,NMS,USD
KRYS,"Krystal Biotech, Inc.",Health Care,Biotechnology,United States,Mid Cap,NMS,USD
KSS,Kohl's Corporation,Consumer Discretionary,Household Durables,United States,Small Cap,NYQ,USD
KSU,Kansas City Southern,Industrials,Road & Rail,United States,Large Cap,NYQ,USD
KTB,"Kontoor Brands, Inc.",Consumer Discretionary,"Textiles, Apparel & Luxury Goods",United States,Mid Cap,NYQ,USD
KTOS,"Kratos Defense & Security Solutions, Inc.",Industrials,Aerospace & Defense,United States,Large Cap,NMS,USD
KURA,"Kura Oncology, Inc.",Health Care,Biotechnology,United States,Small Cap,NMS,USD
KVUE,Kenvue Inc. Common Stock,Materials,Chemicals,United States,Large Cap,NYQ,USD
KVYO,Klaviyo Inc. Series A Common Stock,Information Technology,,United States,Mid Cap,NYQ,USD
KWR,Quaker Chemical Corporation,Materials,Chemicals,United States,Mid Cap,NYQ,USD
KYMR,"Kymera Therapeutics, Inc.",Health Care,Biotechnology,United States,Mid Cap,NMS,USD
KYTX,Kyverna Therapeutics Inc. Common Stock,Health Care,,United States,Small Cap,NMS,USD
LAB,Standard BioTools Inc. Common Stock,Health Care,Biotechnology,United States,Small Cap,NMS,USD
LAD,"Lithia Motors, Inc.",Consumer Discretionary,Automobiles,United States,Mid Cap,NYQ,USD
LANC,Lancaster Colony Corporation,Consumer Staples,Food & Staples Retailing,United States,Mid Cap,NMS,USD
LASR,"nLIGHT, Inc.",Information Technology,Semiconductors & Semiconductor Equipment,United States,Mid Cap,NMS,USD
LAUR,"Laureate Education, Inc.",Consumer Staples,Household Products,United States,Mid Cap,NMS,USD
LAWS,"Lawson Products, Inc.",Industrials,Trading Companies & Distributors,United States,Small Cap,NMS,USD
LAZR.MX,"Luminar Technologies, Inc.",Information Technology,Software,United States,Mid Cap,MEX,MXN
LB,"L Brands, Inc.",Consumer Discretionary,"Textiles, Apparel & Luxury Goods",United States,Mid Cap,NYQ,USD
LBPH,"Longboard Pharmaceuticals, Inc.",Health Care,Biotechnology,United States,Mid Cap,NGM,USD
LBRDA,Liberty Broadband Corporation,Communication Services,Entertainment,United States,Mid Cap,NMS,USD
LBRT,Liberty Oilfield Services Inc.,Energy,Energy Equipment & Services,United States,Mid Cap,NYQ,USD
LBRX,LB Pharmaceuticals Inc Common Stock,Health Care,Biotechnology,United States,Small Cap,NMS,USD
LCID,Lucid Group Inc. Common Stock,Consumer Discretionary,Automobiles,United States,Mid Cap,NMS,USD
LCII,LCI Industries,Consumer Discretionary,Automobiles,United States,Mid Cap,NYQ,USD
LCTX,"Lineage Cell Therapeutics, Inc.",Health Care,Biotechnology,United States,Small Cap,ASE,USD
LDL,"Lydall, Inc.",Industrials,Machinery,United States,Small Cap,NYQ,USD
LDOS,"Leidos Holdings, Inc.",Information Technology,IT Services,United States,Large Cap,NYQ,USD
LE,"Lands' End, Inc.",Consumer Discretionary,Specialty Retail,United States,Small Cap,NCM,USD
LE3.F,"Leslie's, Inc.",Consumer Discretionary,Household Durables,United States,Mid Cap,FRA,EUR
LEA,Lear Corporation,Consumer Discretionary,Auto Components,United States,Mid Cap,NYQ,USD
LEAF,Leaf Group Ltd.,Communication Services,Diversified Telecommunication Services,United States,Small Cap,NYQ,USD
LECO,"Lincoln Electric Holdings, Inc.",Industrials,Building Products,United States,Large Cap,NMS,USD
LEG,"Leggett & Platt, Incorporated",Consumer Discretionary,Household Durables,United States,Small Cap,NYQ,USD
LEGH,Legacy Housing Corporation,Industrials,Construction & Engineering,United States,Small Cap,NMS,USD
LEGN,Legend Biotech Corporation,Health Care,Biotechnology,United States,Mid Cap,NMS,USD
LEN,Lennar Corporation,Industrials,Construction & Engineering,United States,Large Cap,NYQ,USD
LENZ,LENZ Therapeutics Inc. Common Stock,Health Care,,United States,Small Cap,NMS,USD
LEU,Centrus Energy Corp.,Materials,Metals & Mining,United States,Mid Cap,NYQ,USD
LEVI,Levi Strauss & Co. Class A,Consumer Discretionary,"Textiles, Apparel & Luxury Goods",United States,Mid Cap,NYQ,USD
LFMDP,LifeMD Inc. 8.875% Series A Cumulative Perpetual Preferred Stock,Industrials,Professional Services,United States,Small Cap,NMS,USD
LFST,LifeStance Health Group Inc. Common Stock,Health Care,Health Care Equipment & Supplies,United States,Mid Cap,NMS,USD
LFTO,Liftoff Mobile Inc. Common Stock,Information Technology,Software,United States,Mid Cap,NMS,USD
LFUS,"Littelfuse, Inc.",Information Technology,"Electronic Equipment, Instruments & Components",United States,Mid Cap,NMS,USD
LGF-A,Lions Gate Entertainment Corp.,Communication Services,Entertainment,United States,Mid Cap,NYQ,USD
LGIH,"LGI Homes, Inc.",Industrials,Construction & Engineering,United States,Small Cap,NMS,USD
LGND,Ligand Pharmaceuticals Incorporated,Health Care,Biotechnology,United States,Mid Cap,NGM,USD
LGTY,Logility Supply Chain Solutions Inc. Common Stock,Information Technology,Software,United States,Small Cap,NMS,USD
LH,Laboratory Corporation of America Holdings,Health Care,Biotechnology,United States,Large Cap,NYQ,USD
LHCG,"LHC Group, Inc.",Health Care,Health Care Equipment & Supplies,United States,Mid Cap,NMS,USD
LHX,L3Harris Technologies Inc,Industrials,Aerospace & Defense,United States,Large Cap,NYQ,USD
LICT,LICT Corporation,Communication Services,Diversified Telecommunication Services,United States,Small Cap,PNK,USD
LIF,Life360 Inc. Common Stock,Information Technology,,United States,Mid Cap,NMS,USD
LIFE,"aTyr Pharma, Inc.",Health Care,Biotechnology,United States,Small Cap,NCM,USD
LIGHT.AS,Signify N.V.,Industrials,Electrical Equipment,Netherlands,Mid Cap,AMS,EUR
LII,Lennox International Inc.,Industrials,Machinery,United States,Large Cap,NYQ,USD
LILA,Liberty Latin America Ltd.,Communication Services,Diversified Telecommunication Services,United States,Small Cap,NMS,USD
LILAP,Liberty Latin America Ltd. 9.0% Fixed Rate Cumulative Perpetual Redeemable Series A Preference Shares,Communication Services,Entertainment,United States,Mid Cap,NMS,USD
LIME,Neutron Holdings Inc. Common Stock,Information Technology,Software,United States,Small Cap,NMS,USD
LINC,Lincoln Educational Services Corporation,Consumer Staples,Household Products,United States,Small Cap,NMS,USD
LIND,"Lindblad Expeditions Holdings, Inc.",Consumer Discretionary,"Hotels, Restaurants & Leisure",United States,Small Cap,NMS,USD
LION,Lionsgate Studios Corp. Common Shares,Consumer Discretionary,,United States,Mid Cap,NMS,USD
LITE,Lumentum Holdings Inc.,Information Technology,Communications Equipment,United States,Large Cap,NMS,USD
LKQ,LKQ Corporation,Consumer Discretionary,Auto Components,United States,Mid Cap,NMS,USD
LKU.F,"Lumber Liquidators Holdings, Inc.",Consumer Discretionary,Household Durables,United States,Small Cap,FRA,EUR
LLY,Eli Lilly and Company,Health Care,Pharmaceuticals,United States,Mega Cap,NYQ,USD
LLYVA,Liberty Media Corporation Series A Liberty Live Common Stock,Communication Services,Media,United States,Mid Cap,NMS,USD
LLYVK,Liberty Media Corporation Series C Liberty Live Common Stock,Communication Services,Media,United States,Mid Cap,NMS,USD
LMAT,"LeMaitre Vascular, Inc.",Health Care,Health Care Equipment & Supplies,United States,Mid Cap,NMS,USD
LMB,"Limbach Holdings, Inc.",Industrials,Construction & Engineering,United States,Small Cap,NMS,USD
LMNX,Luminex Corporation,Health Care,Health Care Equipment & Supplies,United States,Small Cap,NMS,USD
LMRI,Lumexa Imaging Holdings Inc. Common Stock,Health Care,Biotechnology,United States,Small Cap,NMS,USD
LMT,Lockheed Martin Corporation,Industrials,Aerospace & Defense,United States,Large Cap,NYQ,USD
LNDC,Landec Corporation,Consumer Staples,Food & Staples Retailing,United States,Small Cap,NMS,USD
LNG,"Cheniere Energy, Inc.",Energy,"Oil, Gas & Consumable Fuels",United States,Large Cap,NYQ,USD
LNN,Lindsay Corporation,Industrials,Machinery,United States,Small Cap,NYQ,USD
LNT,Alliant Energy Corporation,Utilities,Electric Utilities,United States,Large Cap,NMS,USD
LNTH,Lantheus Holdings Inc,Health Care,Biotechnology,United States,Mid Cap,NGM,USD
LNW,Light & Wonder Inc. Common Stock,Consumer Discretionary,"Hotels, Restaurants & Leisure",United States,Mid Cap,NMS,USD
LO91.F,VBI Vaccines Inc.,Health Care,Biotechnology,United States,Small Cap,FRA,EUR
LOAR,Loar Holdings Inc. Common Stock,Industrials,,United States,Mid Cap,NYQ,USD
LOCO,"El Pollo Loco Holdings, Inc.",Consumer Discretionary,"Hotels, Restaurants & Leisure",United States,Small Cap,NMS,USD
LOPE,"Grand Canyon Education, Inc.",Consumer Staples,Household Products,United States,Mid Cap,NMS,USD
LORL,Loral Space & Communications Inc.,Communication Services,Diversified Telecommunication Services,United States,Small Cap,NMS,USD
LOTZ,"CarLotz, Inc.",Consumer Discretionary,Automobiles,United States,Small Cap,NGM,USD
LOW,"Lowe's Companies, Inc.",Consumer Discretionary,Household Durables,United States,Large Cap,NYQ,USD
LPF.F,La Perla Fashion Holding N.V.,Consumer Discretionary,"Textiles, Apparel & Luxury Goods",Netherlands,Small Cap,FRA,EUR
LPG,Dorian LPG Ltd.,Energy,"Oil, Gas & Consumable Fuels",United States,Small Cap,NYQ,USD
LPI,"Laredo Petroleum, Inc.",Energy,"Oil, Gas & Consumable Fuels",United States,Small Cap,NYQ,USD
LPTH,"LightPath Technologies, Inc.",Information Technology,"Electronic Equipment, Instruments & Components",United States,Small Cap,NCM,USD
LPX,Louisiana-Pacific Corporation,Industrials,Building Products,United States,Mid Cap,NYQ,USD
LQDA,Liquidia Corporation,Health Care,Biotechnology,United States,Mid Cap,NMS,USD
LQDT,"Liquidity Services, Inc.",Consumer Discretionary,Internet & Direct Marketing Retail,United States,Small Cap,NMS,USD
LRCX,Lam Research Corporation,Information Technology,Semiconductors & Semiconductor Equipment,United States,Mega Cap,NMS,USD
LRMR,"Larimar Therapeutics, Inc.",Health Care,Biotechnology,United States,Small Cap,NMS,USD
LRN,"Stride, Inc.",Consumer Staples,Household Products,United States,Mid Cap,NYQ,USD
LRY.F,"TrueBlue, Inc.",Industrials,Professional Services,United States,Small Cap,FRA,EUR
LSCC,Lattice Semiconductor Corporation,Information Technology,Semiconductors & Semiconductor Equipment,United States,Large Cap,NMS,USD
LSMNF,lastminute.com N.V.,Consumer Discretionary,"Hotels, Restaurants & Leisure",Netherlands,Small Cap,PNK,USD
LSRM.F,CEL-SCI Corporation,Health Care,Biotechnology,United States,Small Cap,FRA,EUR
LSXM34.SA,Liberty Media Corporation,Communication Services,Entertainment,United States,Small Cap,SAO,BRL
LSXMA,The Liberty SiriusXM Group,Communication Services,Media,United States,Mid Cap,NMS,USD
LTBR,Lightbridge Corporation,Industrials,Electrical Equipment,United States,Small Cap,NCM,USD
LTH,Life Time Group Holdings Inc. Common Stock,Consumer Discretionary,"Hotels, Restaurants & Leisure",United States,Mid Cap,NYQ,USD
LTHM,Livent Corporation,Materials,Chemicals,United States,Mid Cap,NYQ,USD
LTRPB,"Liberty TripAdvisor Holdings, Inc.",Communication Services,Diversified Telecommunication Services,United States,Small Cap,NMS,USD
LUCK,Lucky Strike Entertainment Corporation Class A Common Stock,Consumer Discretionary,"Hotels, Restaurants & Leisure",United States,Small Cap,NYQ,USD
LUMN,"Lumen Technologies, Inc.",Communication Services,Diversified Telecommunication Services,United States,Mid Cap,NYQ,USD
LUNR,Intuitive Machines Inc. Class A Common Stock,Industrials,,United States,Mid Cap,NMS,USD
LUV,Southwest Airlines Co.,Industrials,Airlines,United States,Large Cap,NYQ,USD
LVO.F,"LivePerson, Inc.",Information Technology,Software,United States,Mid Cap,FRA,EUR
LVOX,LiveVox Holdings Inc. Class A Common Stock,Information Technology,Software,United States,Small Cap,NMS,USD
LVS,Las Vegas Sands Corp.,Consumer Discretionary,"Hotels, Restaurants & Leisure",United States,Large Cap,NYQ,USD
LVWR,LiveWire Group Inc. Common Stock,Consumer Discretionary,,United States,Small Cap,NYQ,USD
LW,"Lamb Weston Holdings, Inc.",Consumer Staples,Food & Staples Retailing,United States,Mid Cap,NYQ,USD
LWAY,"Lifeway Foods, Inc.",Consumer Staples,Food & Staples Retailing,United States,Small Cap,NMS,USD
LWLG,"Lightwave Logic, Inc.",Materials,Chemicals,United States,Small Cap,PNK,USD
LXEO,Lexeo Therapeutics Inc. Common Stock,Health Care,,United States,Small Cap,NMS,USD
LXRX,"Lexicon Pharmaceuticals, Inc.",Health Care,Biotechnology,United States,Small Cap,NMS,USD
LXU,"LSB Industries, Inc.",Materials,Chemicals,United States,Small Cap,NYQ,USD
LYB,LyondellBasell Industries NV,Materials,Chemicals,United States,Large Cap,NYQ,USD
LYEL,Lyell Immunopharma Inc. Common Stock,Health Care,Biotechnology,United States,Small Cap,NMS,USD
LYFT,"Lyft, Inc.",Information Technology,Software,United States,Mid Cap,NMS,USD
LYTS,LSI Industries Inc.,Information Technology,"Electronic Equipment, Instruments & Components",United States,Small Cap,NMS,USD
LYV,"Live Nation Entertainment, Inc.",Communication Services,Entertainment,United States,Large Cap,NYQ,USD
LZ,LegalZoom.com Inc. Common Stock,Communication Services,Diversified Telecommunication Services,United States,Small Cap,NMS,USD
LZB,La-Z-Boy Incorporated,Consumer Discretionary,Household Durables,United States,Small Cap,NYQ,USD
M,"Macy's, Inc.",Consumer Discretionary,Household Durables,United States,Mid Cap,NYQ,USD
M2A.F,"Mesa Air Group, Inc.",Industrials,Airlines,United States,Small Cap,FRA,EUR
M55.F,"MacroGenics, Inc.",Health Care,Biotechnology,United States,Mid Cap,FRA,EUR
MAGN,Magnera Corporation Common Stock,Materials,Paper & Forest Products,United States,Small Cap,NYQ,USD
MAMA,Mama's Creations Inc. Common Stock,Consumer Staples,Food & Staples Retailing,United States,Small Cap,NMS,USD
MAN,ManpowerGroup Inc.,Industrials,Professional Services,United States,Small Cap,NYQ,USD
MANE,Veradermics Incorporated Common Stock,Health Care,Biotechnology,United States,Small Cap,NYQ,USD
MANH,"Manhattan Associates, Inc.",Information Technology,Software,United States,Mid Cap,NMS,USD
MANT,ManTech International Corporation,Information Technology,Software,United States,Mid Cap,NMS,USD
MAR,"Marriott International, Inc. Class A",Consumer Discretionary,"Hotels, Restaurants & Leisure",United States,Large Cap,NMS,USD
MAS,Masco Corporation,Industrials,Building Products,United States,Large Cap,NYQ,USD
MASI,Masimo Corporation,Health Care,Health Care Equipment & Supplies,United States,Mid Cap,NMS,USD
MAT,"Mattel, Inc.",Consumer Discretionary,"Hotels, Restaurants & Leisure",United States,Mid Cap,NMS,USD
MATV,Mativ Holdings Inc. Common Stock,Materials,Chemicals,United States,Small Cap,NYQ,USD
MATW,Matthews International Corporation Class A,Industrials,Industrial Conglomerates,United States,Small Cap,NMS,USD
MATX,"Matson, Inc.",Industrials,Marine,United States,Mid Cap,NYQ,USD
MAX,"MediaAlpha, Inc.",Communication Services,Diversified Telecommunication Services,United States,Small Cap,NYQ,USD
MAXC,"MaxCyte, Inc.",Health Care,Biotechnology,United States,Small Cap,PNK,USD
MAXR,Maxar Technologies Inc.,Information Technology,Communications Equipment,United States,Mid Cap,NYQ,USD
MAZE,Maze Therapeutics Inc. Common Stock,Health Care,,United States,Mid Cap,NMS,USD
MBUU,"Malibu Boats, Inc.",Consumer Discretionary,Automobiles,United States,Small Cap,NGM,USD
MBX,MBX Biosciences Inc. Common Stock,Health Care,Biotechnology,United States,Small Cap,NMS,USD
MCD,McDonald's Corporation,Consumer Discretionary,"Hotels, Restaurants & Leisure",United States,Mega Cap,NYQ,USD
MCDA,"KMA Holding, Inc.",Health Care,Health Care Equipment & Supplies,United States,Small Cap,PNK,USD
MCF,Contango Oil & Gas Company,Energy,"Oil, Gas & Consumable Fuels",United States,Small Cap,ASE,USD
MCFE,McAfee Corp.,Information Technology,Software,United States,Mid Cap,NMS,USD
MCFT,"Mastercraft Boat Holdings, Inc.",Consumer Discretionary,Automobiles,United States,Small Cap,NMS,USD
MCHP,Microchip Technology Incorporated,Information Technology,Semiconductors & Semiconductor Equipment,United States,Large Cap,NMS,USD
MCHPP,Microchip Technology Incorporated Depositary Shares Each Representing a 1/20th Interest in a Share of 7.50% Series A Mandatory Convertible Preferred Stock,Information Technology,Semiconductors & Semiconductor Equipment,United States,Large Cap,NMS,USD
MCK,McKesson Corporation,Health Care,Health Care Providers & Services,United States,Large Cap,NYQ,USD
MCP.SG,LVMH Mo√´t Hennessy Louis Vuitton S.E.,Consumer Discretionary,,United States,Large Cap,STU,EUR
MCRI,"Monarch Casino & Resort, Inc.",Consumer Discretionary,"Hotels, Restaurants & Leisure",United States,Small Cap,NMS,USD
MCS,The Marcus Corporation,Communication Services,Entertainment,United States,Small Cap,NYQ,USD
MCW,Mister Car Wash Inc. Common Stock,Consumer Discretionary,,United States,Mid Cap,NMS,USD
MD,"MEDNAX, Inc.",Health Care,Health Care Equipment & Supplies,United States,Small Cap,NYQ,USD
MDB,"MongoDB, Inc. Class A",Information Technology,Software,United States,Large Cap,NMS,USD
MDC,"M.D.C. Holdings, Inc.",Industrials,Construction & Engineering,United States,Mid Cap,NYQ,USD
MDCA,MDC Partners Inc.,Communication Services,Diversified Telecommunication Services,United States,Small Cap,NMS,USD
MDF.F,"Medifast, Inc.",Consumer Discretionary,"Hotels, Restaurants & Leisure",United States,Mid Cap,FRA,EUR
MDGL,"Madrigal Pharmaceuticals, Inc.",Health Care,Biotechnology,United States,Mid Cap,NMS,USD
MDLA,"Medallia, Inc.",Information Technology,Software,United States,Mid Cap,NYQ,USD
MDLN,Medline Inc. Class A Common Stock,Health Care,Health Care Technology,United States,Large Cap,NMS,USD
MDLZ,"Mondelez International, Inc. Class A",Consumer Staples,Food & Staples Retailing,United States,Large Cap,NMS,USD
MDP,Meredith Corporation,Communication Services,Diversified Telecommunication Services,United States,Small Cap,NYQ,USD
MDRX,"Allscripts Healthcare Solutions, Inc.",Health Care,Health Care Providers & Services,United States,Small Cap,NMS,USD
MDU,"MDU Resources Group, Inc.",Materials,Construction Materials,United States,Mid Cap,NYQ,USD
MDXG,"MiMedx Group, Inc.",Health Care,Health Care Technology,United States,Small Cap,NMS,USD
ME5A.F,"Methode Electronics, Inc.",Information Technology,"Electronic Equipment, Instruments & Components",United States,Small Cap,FRA,EUR
MEC,"Mayville Engineering Company, Inc.",Industrials,Building Products,United States,Small Cap,NYQ,USD
MEDP,"Medpace Holdings, Inc.",Health Care,Biotechnology,United States,Large Cap,NMS,USD
MEG,"Montrose Environmental Group, Inc.",Industrials,Transportation Infrastructure,United States,Small Cap,NYQ,USD
META,Meta Platforms Inc Class A,Communication Services,Diversified Telecommunication Services,United States,Mega Cap,NMS,USD
METC,"Ramaco Resources, Inc.",Materials,Metals & Mining,United States,Small Cap,NMS,USD
METCB,Ramaco Resources Inc. Class B Common Stock,Materials,Metals & Mining,United States,Small Cap,NMS,USD
METCL,Ramaco Resources Inc. 9.00% Senior Notes due 2026,Materials,Metals & Mining,United States,Small Cap,NMS,USD
MFP,Midera Food Processing Inc. Common Stock,Information Technology,"Electronic Equipment, Instruments & Components",United States,Small Cap,NMS,USD
MFPVV,Midera Food Processing Inc. Common Stock When Issued,Information Technology,"Electronic Equipment, Instruments & Components",United States,Small Cap,NMS,USD
MG,"Mistras Group, Inc.",Industrials,Professional Services,United States,Small Cap,NYQ,USD
MGEE,"MGE Energy, Inc.",Utilities,Multi-Utilities,United States,Mid Cap,NMS,USD
MGLN,"Magellan Health, Inc.",Health Care,Health Care Providers & Services,United States,Mid Cap,NMS,USD
MGM,MGM Resorts International,Consumer Discretionary,"Hotels, Restaurants & Leisure",United States,Mid Cap,NYQ,USD
MGNI,"Magnite, Inc.",Communication Services,Diversified Telecommunication Services,United States,Small Cap,NMS,USD
MGPI,"MGP Ingredients, Inc.",Materials,Construction Materials,United States,Small Cap,NMS,USD
MGRC,McGrath RentCorp,Industrials,Commercial Services & Supplies,United States,Mid Cap,NMS,USD
MGTX,MeiraGTx Holdings plc,Health Care,Biotechnology,United States,Small Cap,NMS,USD
MGY,Magnolia Oil & Gas Corporation,Energy,"Oil, Gas & Consumable Fuels",United States,Mid Cap,NYQ,USD
MHK,"Mohawk Industries, Inc.",Consumer Discretionary,Household Durables,United States,Mid Cap,NYQ,USD
MHO,"M/I Homes, Inc.",Industrials,Construction & Engineering,United States,Mid Cap,NYQ,USD
MIC,Macquarie Infrastructure Corporation,Industrials,Air Freight & Logistics,United States,Mid Cap,NYQ,USD
MICC,The Magnum Ice Cream Company N.V. Ordinary Shares,Consumer Staples,Food & Staples Retailing,Netherlands,Mid Cap,NYQ,USD
MIDD,Middleby Corporation,Industrials,Machinery,United States,Mid Cap,NMS,USD
MIM.F,"The Michaels Companies, Inc.",Consumer Discretionary,,United States,Mid Cap,FRA,EUR
MIR,Mirion Technologies Inc. Class A Common Stock,Information Technology,"Electronic Equipment, Instruments & Components",United States,Mid Cap,NYQ,USD
MIRM,"Mirum Pharmaceuticals, Inc.",Health Care,Biotechnology,United States,Mid Cap,NMS,USD
MITK,"Mitek Systems, Inc.",Information Technology,Software,United States,Small Cap,NCM,USD
MIXT,MiX Telematics Limited,Information Technology,Software,United States,Small Cap,NYQ,USD
MKC,"McCormick & Company, Incorporated",Consumer Staples,Food & Staples Retailing,United States,Large Cap,NYQ,USD
MKR.JO,"Montauk Renewables, Inc.",Utilities,Multi-Utilities,United States,Small Cap,JNB,ZAC
MKSI,"MKS Instruments, Inc.",Information Technology,"Electronic Equipment, Instruments & Components",United States,Large Cap,NMS,USD
ML,MoneyLion Inc. Class A Common Stock,Information Technology,Software,United States,Small Cap,ASE,USD
MLAB,"Mesa Laboratories, Inc.",Information Technology,"Electronic Equipment, Instruments & Components",United States,Small Cap,NMS,USD
MLHR,"Herman Miller, Inc.",Consumer Discretionary,Household Durables,United States,Mid Cap,NMS,USD
MLI,"Mueller Industries, Inc.",Industrials,Building Products,United States,Large Cap,NYQ,USD
MLKN,MillerKnoll Inc. Common Stock,Industrials,Building Products,United States,Small Cap,NMS,USD
MLM,"Martin Marietta Materials, Inc.",Materials,Construction Materials,United States,Large Cap,NYQ,USD
MLR,"Miller Industries, Inc.",Consumer Discretionary,Auto Components,United States,Small Cap,NYQ,USD
MLTX,MoonLake Immunotherapeutics Class A Ordinary Shares,Health Care,Biotechnology,United States,Small Cap,NMS,USD
MLYS,Mineralys Therapeutics Inc. Common Stock,Health Care,Biotechnology,United States,Mid Cap,NMS,USD
MMED,MiniMed Group Inc. Common Stock,Health Care,Health Care Technology,United States,Mid Cap,NMS,USD
MMIA.F,"MEI Pharma, Inc.",Health Care,Biotechnology,United States,Small Cap,FRA,EUR
MMM,3M Company,Industrials,Machinery,United States,Large Cap,NYQ,USD
MMP,"Magellan Midstream Partners, L.P.",Energy,"Oil, Gas & Consumable Fuels",United States,Large Cap,NYQ,USD
MMS,"Maximus, Inc.",Industrials,Professional Services,United States,Mid Cap,NYQ,USD
MMSI,"Merit Medical Systems, Inc.",Health Care,Health Care Equipment & Supplies,United States,Mid Cap,NMS,USD
MNKD,MannKind Corporation,Health Care,Biotechnology,United States,Small Cap,NMS,USD
MNMD,Mind Medicine (MindMed) Inc.,Health Care,Biotechnology,United States,Small Cap,NCM,USD
MNPR,Monopar Therapeutics Inc.,Health Care,Biotechnology,United States,Small Cap,NMS,USD
MNRL,"Brigham Minerals, Inc.",Energy,"Oil, Gas & Consumable Fuels",United States,Small Cap,NYQ,USD
MNRO,"Monro, Inc.",Consumer Discretionary,Auto Components,United States,Small Cap,NMS,USD
MNST,Monster Beverage Corporation,Consumer Staples,Beverages,United States,Large Cap,NMS,USD
MNTV,Momentive Global Inc. Common Stock,Information Technology,Software,United States,Small Cap,NMS,USD
MO,"Altria Group, Inc.",Consumer Staples,Tobacco,United States,Large Cap,NYQ,USD
MOD,Modine Manufacturing Company,Consumer Discretionary,Auto Components,United States,Large Cap,NYQ,USD
MODG,Topgolf Callaway Brands Corp. Common Stock,Consumer Discretionary,"Hotels, Restaurants & Leisure",United States,Mid Cap,ASE,USD
MODN,"Model N, Inc.",Information Technology,Software,United States,Small Cap,NYQ,USD
MOG-A,Moog Inc.,Industrials,Aerospace & Defense,United States,Mid Cap,NYQ,USD
MOH,"Molina Healthcare, Inc.",Health Care,Health Care Providers & Services,United States,Mid Cap,NYQ,USD
MORF,"Morphic Holding, Inc.",Health Care,Biotechnology,United States,Mid Cap,NGM,USD
MOS,The Mosaic Company,Materials,Construction Materials,United States,Mid Cap,NYQ,USD
MOV,"Movado Group, Inc.",Consumer Discretionary,"Textiles, Apparel & Luxury Goods",United States,Small Cap,NYQ,USD
MP,MP Materials Corp.,Materials,Metals & Mining,United States,Large Cap,NYQ,USD
MPC,Marathon Petroleum Corporation,Energy,"Oil, Gas & Consumable Fuels",United States,Large Cap,NYQ,USD
MPLN,MultiPlan Corporation,Health Care,Health Care Providers & Services,United States,Small Cap,NYQ,USD
MPLT,MapLight Therapeutics Inc. Common Stock,Health Care,Biotechnology,United States,Small Cap,NMS,USD
MPLX,MPLX LP,Energy,"Oil, Gas & Consumable Fuels",United States,Large Cap,NYQ,USD
MPWR,"Monolithic Power Systems, Inc.",Information Technology,Semiconductors & Semiconductor Equipment,United States,Large Cap,NMS,USD
MQ,Marqeta Inc. Class A Common Stock,Information Technology,Software,United States,Small Cap,NMS,USD
MRC,MRC Global Inc.,Energy,Energy Equipment & Services,United States,Small Cap,NYQ,USD
MRCY,"Mercury Systems, Inc.",Industrials,Aerospace & Defense,United States,Mid Cap,NMS,USD
MRK,"Merck & Co., Inc.",Health Care,Pharmaceuticals,United States,Mega Cap,NYQ,USD
MRNA,"Moderna, Inc.",Health Care,Biotechnology,United States,Large Cap,NMS,USD
MRO,Marathon Oil Corporation,Energy,"Oil, Gas & Consumable Fuels",United States,Large Cap,NYQ,USD
MRTN,"Marten Transport, Ltd.",Industrials,Transportation Infrastructure,United States,Small Cap,NMS,USD
MRTX,"Mirati Therapeutics, Inc.",Health Care,Biotechnology,United States,Mid Cap,NMS,USD
MRUS,Merus N.V.,Health Care,Biotechnology,Netherlands,Mid Cap,NGM,USD
MRVI,"Maravai LifeSciences Holdings, Inc.",Health Care,Biotechnology,United States,Small Cap,NMS,USD
MRVL,"Marvell Technology, Inc.",Information Technology,Semiconductors & Semiconductor Equipment,United States,Large Cap,NMS,USD
MSA,MSA Safety Incorporated,Industrials,Professional Services,United States,Mid Cap,NYQ,USD
MSB,Mesabi Trust,Materials,Metals & Mining,United States,Small Cap,NYQ,USD
MSEX,Middlesex Water Company,Utilities,Water Utilities,United States,Small Cap,NMS,USD
MSF3.L,Leverage Shares 3x Microsoft ETC,Information Technology,Software,United States,Mega Cap,LSE,USD
MSFE.L,Leverage Shares 2x Microsoft ETP,Information Technology,Software,United States,Mega Cap,LSE,EUR
MSFS.L,Leverage Shares -1x Microsoft ETC,Information Technology,Software,United States,Mega Cap,LSE,USD
MSFT,Microsoft Corporation,Information Technology,Software,United States,Mega Cap,NMS,USD
MSGE,Madison Square Garden Entertainment Corp.,Communication Services,Entertainment,United States,Mid Cap,NYQ,USD
MSGS,Madison Square Garden Sports Corp.,Communication Services,Entertainment,United States,Mid Cap,NYQ,USD
MSI,"Motorola Solutions, Inc.",Information Technology,Communications Equipment,United States,Large Cap,NYQ,USD
MSM,"MSC Industrial Direct Co., Inc.",Industrials,Trading Companies & Distributors,United States,Mid Cap,NYQ,USD
MSON,"Misonix, Inc.",Health Care,Health Care Technology,United States,Small Cap,NMS,USD
MSP,Datto Holding Corp.,Information Technology,Software,United States,Mid Cap,NYQ,USD
MSSEL,Massachusetts Electric Company,Utilities,Electric Utilities,United States,Small Cap,PNK,USD
MSTR,MicroStrategy Incorporated,Information Technology,Software,United States,Large Cap,NMS,USD
MTCH,"Match Group, Inc.",Communication Services,Diversified Telecommunication Services,United States,Mid Cap,NMS,USD
MTD,"Mettler-Toledo International, Inc.",Health Care,Biotechnology,United States,Large Cap,NYQ,USD
MTDR,Matador Resources Company,Energy,"Oil, Gas & Consumable Fuels",United States,Mid Cap,NYQ,USD
MTH,Meritage Homes Corporation,Industrials,Construction & Engineering,United States,Mid Cap,NYQ,USD
MTN,"Vail Resorts, Inc.",Consumer Discretionary,"Hotels, Restaurants & Leisure",United States,Mid Cap,NYQ,USD
MTOR,"Meritor, Inc.",Consumer Discretionary,Auto Components,United States,Small Cap,NYQ,USD
MTRN,Materion Corporation,Materials,Metals & Mining,United States,Mid Cap,NYQ,USD
MTRX,Matrix Service Company,Industrials,Construction & Engineering,United States,Small Cap,NMS,USD
MTSI,"MACOM Technology Solutions Holdings, Inc.",Information Technology,Semiconductors & Semiconductor Equipment,United States,Large Cap,NMS,USD
MTSR,Metsera Inc. Common Stock,Health Care,,United States,Mid Cap,NMS,USD
MTTR,Matterport Inc. Class A Common Stock,Information Technology,Software,United States,Small Cap,NMS,USD
MTUS,Metallus Inc. Common Shares,Materials,Metals & Mining,United States,Small Cap,NYQ,USD
MTW,"Manitowoc Company, Inc.",Industrials,Machinery,United States,Small Cap,NYQ,USD
MTX,Minerals Technologies Inc.,Materials,Chemicals,United States,Mid Cap,NYQ,USD
MTXN.F,MTU Aero Engines AG,Industrials,,United States,Large Cap,FRA,EUR
MTZ,"MasTec, Inc.",Industrials,Construction & Engineering,United States,Large Cap,NYQ,USD
MU,"Micron Technology, Inc.",Information Technology,Semiconductors & Semiconductor Equipment,United States,Mega Cap,NMS,USD
MUR,Murphy Oil Corporation,Energy,"Oil, Gas & Consumable Fuels",United States,Mid Cap,NYQ,USD
MUSA,Murphy USA Inc.,Consumer Discretionary,Specialty Retail,United States,Mid Cap,NYQ,USD
MVST,Microvast Holdings Inc. Common Stock,Information Technology,"Electronic Equipment, Instruments & Components",United States,Small Cap,NMS,USD
MWA,"Mueller Water Products, Inc. Class A",Industrials,Machinery,United States,Mid Cap,NYQ,USD
MWK,"Aterian, Inc.",Information Technology,"Electronic Equipment, Instruments & Components",United States,Small Cap,NMS,USD
MWTR.OL,Meltwater N.V.,Communication Services,Diversified Telecommunication Services,United States,Small Cap,OSL,NOK
MXIM,"Maxim Integrated Products, Inc.",Information Technology,Semiconductors & Semiconductor Equipment,United States,Large Cap,NMS,USD
MXL,"MaxLinear, Inc.",Information Technology,Semiconductors & Semiconductor Equipment,United States,Small Cap,NYQ,USD
MYE,"Myers Industries, Inc.",Consumer Discretionary,Distributors,United States,Small Cap,NYQ,USD
MYGN,"Myriad Genetics, Inc.",Health Care,Biotechnology,United States,Small Cap,NMS,USD
MYRG,MYR Group Inc.,Industrials,Construction & Engineering,United States,Mid Cap,NMS,USD
MZTI,The Marzetti Company Common Stock,Consumer Staples,Food & Staples Retailing,United States,Mid Cap,NMS,USD
N4CN.F,"PARATEK PHARMACEUTICALS, INC.",Health Care,Biotechnology,United States,Small Cap,FRA,EUR
NABL,N-able Inc. Common Stock,Information Technology,Software,United States,Small Cap,NYQ,USD
NAGE,Niagen Bioscience Inc. Common Stock,Health Care,Biotechnology,United States,Small Cap,NMS,USD
NAMS,NewAmsterdam Pharma Company N.V. Ordinary Shares,Health Care,Biotechnology,Netherlands,Mid Cap,NMS,USD
NAPA,"The Duckhorn Portfolio, Inc.",Consumer Staples,Beverages,United States,Small Cap,NYQ,USD
NARI,"Inari Medical, Inc.",Health Care,Health Care Technology,United States,Mid Cap,NMS,USD
NATH,"Nathan's Famous, Inc.",Consumer Discretionary,"Hotels, Restaurants & Leisure",United States,Small Cap,NMS,USD
NATI,National Instruments Corporation,Information Technology,Software,United States,Mid Cap,NMS,USD
NATL,NCR Atleos Corporation,Information Technology,,United States,Mid Cap,NYQ,USD
NATR,"Nature's Sunshine Products, Inc.",Consumer Staples,Household Products,United States,Small Cap,NMS,USD
NAUT,"Nautilus Biotechnology, Inc.",Health Care,Biotechnology,United States,Small Cap,NMS,USD
NAV,Navistar International Corporation,Industrials,Machinery,United States,Mid Cap,NYQ,USD
NAVN,Navan Inc. Class A Common Stock,Information Technology,Software,United States,Mid Cap,NMS,USD
NB,NioCorp Developments Ltd. Common Stock,Materials,,United States,Small Cap,NMS,USD
NB11.F,"Vaxart, Inc.",Health Care,Biotechnology,United States,Small Cap,FRA,EUR
NBIS,Nebius Group N.V. Class A Ordinary Shares,Communication Services,Diversified Telecommunication Services,Netherlands,Large Cap,NMS,USD
NBIX,"Neurocrine Biosciences, Inc.",Health Care,Biotechnology,United States,Large Cap,NMS,USD
NBLX,Noble Midstream Partners LP,Energy,"Oil, Gas & Consumable Fuels",United States,Small Cap,NMS,USD
NC,"NACCO Industries, Inc.",Materials,Metals & Mining,United States,Small Cap,NYQ,USD
NCLH,Norwegian Cruise Line Holdings Ltd.,Consumer Discretionary,"Hotels, Restaurants & Leisure",United States,Large Cap,NYQ,USD
NCMI,"National CineMedia, Inc.",Communication Services,Diversified Telecommunication Services,United States,Small Cap,NMS,USD
NCNO,"nCino, Inc.",Information Technology,Software,United States,Small Cap,NMS,USD
NCR,NCR Corporation,Information Technology,IT Services,United States,Mid Cap,NYQ,USD
NDSN,Nordson Corporation,Industrials,Machinery,United States,Large Cap,NMS,USD
NEDAP.AS,Nedap N.V.,Information Technology,"Electronic Equipment, Instruments & Components",Netherlands,Small Cap,AMS,EUR
NEE,"NextEra Energy, Inc.",Utilities,Electric Utilities,United States,Large Cap,NYQ,USD
NEM,Newmont Corporation,Materials,Metals & Mining,United States,Large Cap,NYQ,USD
NEO,"NeoGenomics, Inc.",Health Care,Biotechnology,United States,Small Cap,NCM,USD
NEOG,Neogen Corporation,Health Care,Biotechnology,United States,Mid Cap,NMS,USD
NEP,"NextEra Energy Partners, LP",Utilities,Independent Power and Renewable Electricity Producers,United States,Small Cap,NYQ,USD
NESR,National Energy Services Reunit,Energy,Energy Equipment & Services,United States,Mid Cap,NCM,USD
NET,"Cloudflare, Inc.",Information Technology,Software,United States,Large Cap,NYQ,USD
NEU,NewMarket Corporation,Materials,Chemicals,United States,Mid Cap,NYQ,USD
NEVDF,Nevada Copper Corp.,Materials,Metals & Mining,United States,Small Cap,PNK,USD
NEWR,"NEW RELIC, INC.",Information Technology,Software,United States,Mid Cap,NYQ,USD
NEX,NexTier Oilfield Solutions Inc.,Energy,Energy Equipment & Services,United States,Mid Cap,NYQ,USD
NEXT,NextDecade Corporation,Energy,"Oil, Gas & Consumable Fuels",United States,Small Cap,NMS,USD
NFE,New Fortress Energy Inc.,Utilities,Gas Utilities,United States,Small Cap,NMS,USD
NFG,National Fuel Gas Company,Energy,"Oil, Gas & Consumable Fuels",United States,Mid Cap,NYQ,USD
NFLX,"Netflix, Inc.",Communication Services,Entertainment,United States,Mega Cap,NMS,USD
NGL,NGL Energy Partners LP,Energy,"Oil, Gas & Consumable Fuels",United States,Small Cap,NYQ,USD
NGS,"Natural Gas Services Group, Inc.",Energy,Energy Equipment & Services,United States,Small Cap,NYQ,USD
NGVC,"Natural Grocers by Vitamin Cottage, Inc.",Consumer Staples,Food & Staples Retailing,United States,Small Cap,NYQ,USD
NGVT,Ingevity Corporation,Materials,Chemicals,United States,Mid Cap,NYQ,USD
NHC,National HealthCare Corporation,Health Care,Health Care Equipment & Supplies,United States,Mid Cap,ASE,USD
NI,NISOURCE INC,Utilities,Gas Utilities,United States,Large Cap,NYQ,USD
NJR,New Jersey Resources Corporation,Utilities,Gas Utilities,United States,Mid Cap,NYQ,USD
NKE,"Nike, Inc.",Consumer Discretionary,"Textiles, Apparel & Luxury Goods",United States,Large Cap,NYQ,USD
NKTR,Nektar Therapeutics,Health Care,Biotechnology,United States,Small Cap,NMS,USD
NL,"NL Industries, Inc.",Industrials,Professional Services,United States,Small Cap,NYQ,USD
NLAB.ST,Enlabs AB (publ),Consumer Discretionary,,United States,Small Cap,STO,SEK
NLOK,NortonLifeLock Inc.,Information Technology,Software,United States,Large Cap,NMS,USD
NLSN,Nielsen Holdings plc,Industrials,Professional Services,United States,Mid Cap,NYQ,USD
NLST,"Netlist, Inc.",Information Technology,Semiconductors & Semiconductor Equipment,United States,Small Cap,PNK,USD
NMAX,Newsmax Inc. Class B Common Stock,Communication Services,Media,United States,Small Cap,NYQ,USD
NMRA,Neumora Therapeutics Inc. Common Stock,Health Care,,United States,Small Cap,NMS,USD
NN,NextNav Inc. Common Stock,Information Technology,"Electronic Equipment, Instruments & Components",United States,Mid Cap,NMS,USD
NNE,Nano Nuclear Energy Inc. Common Stock,Energy,,United States,Small Cap,NMS,USD
NO3.F,Noodles & Company,Consumer Discretionary,"Hotels, Restaurants & Leisure",United States,Small Cap,FRA,EUR
NOC,Northrop Grumman Corp.,Industrials,Aerospace & Defense,United States,Large Cap,NYQ,USD
NOG,"Northern Oil and Gas, Inc.",Energy,"Oil, Gas & Consumable Fuels",United States,Mid Cap,NYQ,USD
NOV,NOV Inc.,Energy,Energy Equipment & Services,United States,Mid Cap,NYQ,USD
NOVT,Novanta Inc.,Information Technology,"Electronic Equipment, Instruments & Components",United States,Mid Cap,NMS,USD
NOW,"ServiceNow, Inc.",Information Technology,Software,United States,Large Cap,NYQ,USD
NP,"Neenah, Inc.",Materials,Paper & Forest Products,United States,Mid Cap,NYQ,USD
NPCE,"NeuroPace, Inc.",Health Care,Health Care Technology,United States,Small Cap,NMS,USD
NPK,"National Presto Industries, Inc.",Industrials,Aerospace & Defense,United States,Small Cap,NYQ,USD
NPKI,NPK International Inc. Common Stock,Energy,Energy Equipment & Services,United States,Small Cap,NYQ,USD
NPO,"EnPro Industries, Inc.",Industrials,Machinery,United States,Mid Cap,NYQ,USD
NPTN,NeoPhotonics Corporation,Information Technology,Semiconductors & Semiconductor Equipment,United States,Small Cap,NYQ,USD
NPWR,NET Power Inc.,Energy,,United States,Small Cap,NYQ,USD
NR,"Newpark Resources, Inc.",Energy,Energy Equipment & Services,United States,Small Cap,NYQ,USD
NRC,National Research Corporation,Health Care,Biotechnology,United States,Small Cap,NMS,USD
NRDS,NerdWallet Inc. Class A Common Stock,Communication Services,Diversified Telecommunication Services,United States,Small Cap,NMS,USD
NRG,"NRG Energy, Inc.",Utilities,Independent Power and Renewable Electricity Producers,United States,Large Cap,NYQ,USD
NRGV,Energy Vault Holdings Inc. Common Stock,Utilities,Electric Utilities,United States,Small Cap,NYQ,USD
NRIX,"Nurix Therapeutics, Inc.",Health Care,Biotechnology,United States,Small Cap,NGM,USD
NRP,Natural Resource Partners L.P.,Materials,Metals & Mining,United States,Small Cap,NYQ,USD
NS,NuStar Energy L.P.,Energy,"Oil, Gas & Consumable Fuels",United States,Mid Cap,NYQ,USD
NSARO,NSTAR Electric Company,Utilities,Electric Utilities,United States,Mid Cap,PNK,USD
NSC,Norfolk Southern Corporation,Industrials,Road & Rail,United States,Large Cap,NYQ,USD
NSIT,"Insight Enterprises, Inc.",Information Technology,IT Services,United States,Mid Cap,NMS,USD
NSP,"Insperity, Inc.",Industrials,Professional Services,United States,Small Cap,NYQ,USD
NSSC,"Napco Security Technologies, Inc.",Industrials,Professional Services,United States,Small Cap,NMS,USD
NTAP,"NetApp, Inc.",Information Technology,"Technology Hardware, Storage & Peripherals",United States,Large Cap,NMS,USD
NTCT,"NetScout Systems, Inc.",Information Technology,Software,United States,Mid Cap,NMS,USD
NTGR,"NETGEAR, Inc.",Information Technology,Communications Equipment,United States,Small Cap,NMS,USD
NTLA,"Intellia Therapeutics, Inc.",Health Care,Biotechnology,United States,Small Cap,NMS,USD
NTNX,"Nutanix, Inc. Class A",Information Technology,Software,United States,Large Cap,NMS,USD
NTR.F,"SPECTRUM PHARMACEUTICALS, INC.",Health Care,Biotechnology,United States,Small Cap,FRA,EUR
NTRA,"Natera, Inc.",Health Care,Biotechnology,United States,Large Cap,NMS,USD
NTSK,Netskope Inc. Class A Common Stock,Information Technology,Software,United States,Mid Cap,NMS,USD
NTUS,Natus Medical Incorporated,Health Care,Health Care Technology,United States,Small Cap,NMS,USD
NTXVF,Nexteer Automotive Group Limited,Consumer Discretionary,Auto Components,United States,Mid Cap,PNK,USD
NUAN,"Nuance Communications, Inc.",Information Technology,Software,United States,Large Cap,NMS,USD
NUE,Nucor Corporation,Materials,Metals & Mining,United States,Large Cap,NYQ,USD
NUNZ,Nunzia Pharmaceutical Corporation,Health Care,Pharmaceuticals,United States,Small Cap,PNK,USD
NUS,"Nu Skin Enterprises, Inc. Class A",Consumer Staples,Household Products,United States,Small Cap,NYQ,USD
NUTX,Nutex Health Inc. Common Stock,Information Technology,Software,United States,Small Cap,NMS,USD
NUVA,"NUVASIVE, INC.",Health Care,Health Care Technology,United States,Mid Cap,NMS,USD
NUVB,Nuvation Bio Inc.,Health Care,Biotechnology,United States,Mid Cap,NYQ,USD
NUVL,Nuvalent Inc. Class A Common Stock,Health Care,Biotechnology,United States,Mid Cap,NMS,USD
NVAX,"Novavax, Inc.",Health Care,Biotechnology,United States,Small Cap,NMS,USD
NVDA,NVIDIA Corporation,Information Technology,Semiconductors & Semiconductor Equipment,United States,Mega Cap,NMS,USD
NVEC,NVE Corporation,Information Technology,Semiconductors & Semiconductor Equipment,United States,Small Cap,NCM,USD
NVEE,"NV5 Global, Inc.",Industrials,Construction & Engineering,United States,Small Cap,NMS,USD
NVR,"NVR, Inc.",Industrials,Construction & Engineering,United States,Large Cap,NYQ,USD
NVRI,Enviri Corporation Common Stock,Industrials,Professional Services,United States,Small Cap,NYQ,USD
NVST,Envista Holdings Corporation,Health Care,Health Care Equipment & Supplies,United States,Mid Cap,NYQ,USD
NVTS,Navitas Semiconductor Corporation Common Stock,Information Technology,Semiconductors & Semiconductor Equipment,United States,Mid Cap,NMS,USD
NWBO,"Northwest Biotherapeutics, Inc.",Health Care,Biotechnology,United States,Small Cap,PNK,USD
NWE,NorthWestern Corporation,Utilities,Multi-Utilities,United States,Mid Cap,NMS,USD
NWL,Newell Brands Inc.,Consumer Staples,Household Products,United States,Small Cap,NMS,USD
NWN,Northwest Natural Holding Co.,Utilities,Gas Utilities,United States,Mid Cap,NYQ,USD
NWPX,Northwest Pipe Company,Industrials,Building Products,United States,Small Cap,NMS,USD
NWS,News Corporation,Communication Services,Media,United States,Large Cap,NMS,USD
NX,CTS Corporation,Information Technology,"Electronic Equipment, Instruments & Components",United States,Small Cap,NYQ,USD
NXEN.F,"Seelos Therapeutics, Inc.",Health Care,Biotechnology,United States,Small Cap,FRA,EUR
NXGN,"NextGen Healthcare, Inc.",Health Care,Health Care Providers & Services,United States,Small Cap,NMS,USD
NXPI,NXP Semiconductors NV,Information Technology,Semiconductors & Semiconductor Equipment,Netherlands,Large Cap,NMS,USD
NXST,"Nexstar Media Group, Inc.",Communication Services,Media,United States,Mid Cap,NMS,USD
NXT,Nextracker Inc. Class A Common Stock,Information Technology,Semiconductors & Semiconductor Equipment,United States,Large Cap,NMS,USD
NYT,New York Times Company Class A,Communication Services,Diversified Telecommunication Services,United States,Large Cap,NYQ,USD
NZW2.F,"Molecular Templates, Inc.",Health Care,Biotechnology,United States,Small Cap,FRA,EUR
OAS,Oasis Petroleum Inc.,Energy,"Oil, Gas & Consumable Fuels",United States,Small Cap,NMS,USD
OC,Owens Corning,Industrials,Building Products,United States,Mid Cap,NYQ,USD
OCDX,Ortho Clinical Diagnostics Holdings plc,Health Care,Biotechnology,United States,Mid Cap,NMS,USD
OCGN,"Ocugen, Inc.",Health Care,Biotechnology,United States,Small Cap,NCM,USD
OCI.AS,OCI N.V.,Materials,Chemicals,Netherlands,Mid Cap,AMS,EUR
OCTVV,Octave Intelligence plc Class B Ordinary Shares When Issued,Information Technology,Software,United States,Mid Cap,NMS,USD
OCUL,"Ocular Therapeutix, Inc.",Health Care,Biotechnology,United States,Small Cap,NGM,USD
ODC,Oil-Dri Corporation of America,Materials,Chemicals,United States,Small Cap,NYQ,USD
ODFL,"Old Dominion Freight Line, Inc.",Industrials,Transportation Infrastructure,United States,Large Cap,NMS,USD
ODP,The ODP Corporation,Consumer Discretionary,Specialty Retail,United States,Small Cap,NMS,USD
OFIX,Orthofix Medical Inc.,Health Care,Health Care Technology,United States,Small Cap,NMS,USD
OFLX,"Omega Flex, Inc.",Industrials,Machinery,United States,Small Cap,NMS,USD
OGE,OGE Energy Corp.,Utilities,Electric Utilities,United States,Large Cap,NYQ,USD
OGN,Organon & Co. Common Stock ,Health Care,Biotechnology,United States,Small Cap,NYQ,USD
OI,"O-I Glass, Inc.",Consumer Discretionary,Distributors,United States,Mid Cap,NYQ,USD
OII,"Oceaneering International, Inc.",Energy,Energy Equipment & Services,United States,Mid Cap,NYQ,USD
OILY,Sino American Oil Company,Energy,"Oil, Gas & Consumable Fuels",United States,Small Cap,PNK,USD
OIS,"Oil States International, Inc.",Energy,Energy Equipment & Services,United States,Small Cap,NYQ,USD
OJU1.F,Oramed Pharmaceuticals Inc.,Health Care,Biotechnology,United States,Small Cap,FRA,EUR
OKLO,Oklo Inc.,Energy,,United States,Mid Cap,NYQ,USD
OKTA,"Okta, Inc. Class A",Information Technology,Software,United States,Large Cap,NMS,USD
OLED,Universal Display Corporation,Information Technology,Semiconductors & Semiconductor Equipment,United States,Mid Cap,NMS,USD
OLLI,Ollie's Bargain Outlet Holdings Inc,Consumer Staples,Household Products,United States,Mid Cap,NGM,USD
OLMA,"Olema Pharmaceuticals, Inc.",Health Care,Biotechnology,United States,Small Cap,NMS,USD
OLN,Olin Corporation,Materials,Chemicals,United States,Mid Cap,NYQ,USD
OLO,Olo Inc.,Information Technology,Software,United States,Small Cap,NYQ,USD
OLPX,Olaplex Holdings Inc. Common Stock,Industrials,Professional Services,United States,Small Cap,NMS,USD
OMC,Omnicom Group Inc.,Communication Services,Diversified Telecommunication Services,United States,Large Cap,NYQ,USD
OMCL,"Omnicell, Inc.",Health Care,Health Care Providers & Services,United States,Small Cap,NMS,USD
OMDA,Omada Health Inc. Common Stock,Health Care,Health Care Equipment & Supplies,United States,Small Cap,NMS,USD
OMER,Omeros Corporation,Health Care,Biotechnology,United States,Small Cap,NGM,USD
OMP,Oasis Midstream Partners LP,Energy,"Oil, Gas & Consumable Fuels",United States,Small Cap,NMS,USD
ON,ON Semiconductor Corporation,Information Technology,Semiconductors & Semiconductor Equipment,United States,Large Cap,NMS,USD
ONDS,Ondas Holdings Inc.,Information Technology,Communications Equipment,United States,Mid Cap,NMS,USD
ONEM,"1Life Healthcare, Inc.",Health Care,Health Care Providers & Services,United States,Mid Cap,NMS,USD
ONT,Onterris Inc. Common Stock,Industrials,Professional Services,United States,Small Cap,NYQ,USD
ONTF,"ON24, Inc.",Information Technology,Software,United States,Small Cap,NYQ,USD
ONTO,"Onto Innovation, Inc.",Information Technology,Semiconductors & Semiconductor Equipment,United States,Large Cap,NYQ,USD
OOMA,"Ooma, Inc.",Communication Services,Diversified Telecommunication Services,United States,Small Cap,NYQ,USD
OPAL,OPAL Fuels Inc. Class A Common Stock,Energy,"Oil, Gas & Consumable Fuels",United States,Small Cap,NMS,USD
OPCH,"Option Care Health, Inc.",Health Care,Health Care Equipment & Supplies,United States,Mid Cap,NMS,USD
OPFI,OppFi Inc. Class A Common Stock,Information Technology,Software,United States,Small Cap,NYQ,USD
OPK,"OPKO Health, Inc.",Health Care,Biotechnology,United States,Small Cap,NMS,USD
OPTU,Optimum Communications Inc. Class A common stock,Communication Services,Entertainment,United States,Small Cap,NYQ,USD
ORA,"Ormat Technologies, Inc.",Utilities,Independent Power and Renewable Electricity Producers,United States,Mid Cap,NYQ,USD
ORANW.AS,Oranjewoud N.V.,Industrials,Construction & Engineering,Netherlands,Small Cap,AMS,EUR
ORBC,ORBCOMM Inc.,Communication Services,Diversified Telecommunication Services,United States,Small Cap,NMS,USD
ORCL,Oracle Corporation,Information Technology,Software,United States,Mega Cap,NYQ,USD
ORDI.AS,Ordina N.V.,Information Technology,IT Services,Netherlands,Small Cap,AMS,EUR
ORGO,"Organogenesis Holdings, Inc. Class A",Health Care,Pharmaceuticals,United States,Small Cap,NMS,USD
ORIC,"Oric Pharmaceuticals, Inc.",Health Care,Biotechnology,United States,Small Cap,NMS,USD
ORKA,Oruka Therapeutics Inc. Common Stock,Health Care,Biotechnology,United States,Small Cap,NMS,USD
ORLY,"O'Reilly Automotive, Inc.",Consumer Discretionary,Specialty Retail,United States,Large Cap,NMS,USD
ORN,"Orion Group Holdings, Inc.",Industrials,Construction & Engineering,United States,Small Cap,NYQ,USD
OSCR,"Oscar Health, Inc.",Health Care,Health Care Providers & Services,United States,Mid Cap,NYQ,USD
OSH,"OAK STREET HEALTH, INC.",Health Care,Health Care Equipment & Supplies,United States,Mid Cap,NYQ,USD
OSIS,"OSI Systems, Inc.",Information Technology,"Electronic Equipment, Instruments & Components",United States,Mid Cap,NMS,USD
OSK,Oshkosh Corporation,Industrials,Machinery,United States,Large Cap,NYQ,USD
OSTK,"Overstock.com, Inc.",Consumer Discretionary,Internet & Direct Marketing Retail,United States,Small Cap,NGM,USD
OTIS,Otis Worldwide Corporation,Industrials,Machinery,United States,Large Cap,NYQ,USD
OTLKW,"Outlook Therapeutics, Inc.",Health Care,Biotechnology,United States,Small Cap,NCM,USD
OTTR,Otter Tail Corporation,Utilities,Multi-Utilities,United States,Mid Cap,NMS,USD
OUST,"Ouster, Inc.",Information Technology,"Electronic Equipment, Instruments & Components",United States,Small Cap,NYQ,USD
OVV,Ovintiv Inc. (DE),Energy,"Oil, Gas & Consumable Fuels",United States,Large Cap,NYQ,USD
OWLT,Owlet Inc. Class A Common Stock,Health Care,Health Care Technology,United States,Small Cap,NYQ,USD
OXI.F,"GT Biopharma, Inc.",Health Care,Biotechnology,United States,Small Cap,FRA,EUR
OXM,"Oxford Industries, Inc.",Consumer Discretionary,"Textiles, Apparel & Luxury Goods",United States,Small Cap,NYQ,USD
OXSQG,Oxford Square Capital Corp. 5.50% Notes due 2028,Consumer Staples,Household Products,United States,Small Cap,NMS,USD
OXY,Occidental Petroleum Corporatio,Energy,"Oil, Gas & Consumable Fuels",United States,Large Cap,NYQ,USD
OYST,"Oyster Point Pharma, Inc.",Health Care,Biotechnology,United States,Small Cap,NMS,USD
OZSC,"Ozop Energy Solutions, Inc.",Industrials,Electrical Equipment,United States,Small Cap,PNK,USD
PAA,"Plains All American Pipeline, L.P.",Energy,"Oil, Gas & Consumable Fuels",United States,Large Cap,NMS,USD
PACB,"Pacific Biosciences of California, Inc.",Health Care,Biotechnology,United States,Small Cap,NMS,USD
PACK,Ranpak Holdings Corp.,Consumer Discretionary,Distributors,United States,Small Cap,NYQ,USD
PACS,PACS Group Inc.,Health Care,,United States,Mid Cap,NYQ,USD
PAE,PAE Incorporated,Industrials,Professional Services,United States,Small Cap,NMS,USD
PAG,"Penske Automotive Group, Inc.",Consumer Discretionary,Automobiles,United States,Large Cap,NYQ,USD
PAGP,"Plains GP Holdings, L.P.",Energy,"Oil, Gas & Consumable Fuels",United States,Mid Cap,NMS,USD
PAHC,Phibro Animal Health Corporation Class A,Health Care,Pharmaceuticals,United States,Mid Cap,NGM,USD
PANL,"Pangaea Logistics Solutions, Ltd.",Industrials,Marine,United States,Small Cap,NMS,USD
PAR,PAR Technology Corporation,Information Technology,Software,United States,Small Cap,NYQ,USD
PARA,Paramount Global Class B Common Stock,Consumer Discretionary,"Hotels, Restaurants & Leisure",United States,Mid Cap,NMS,USD
PARAA,Paramount Global Class A Common Stock,Consumer Discretionary,"Hotels, Restaurants & Leisure",United States,Large Cap,NMS,USD
PARAP,Paramount Global 5.75% Series A Mandatory Convertible Preferred Stock,Consumer Discretionary,"Hotels, Restaurants & Leisure",United States,Mid Cap,NMS,USD
PARR,"Par Pacific Holdings, Inc.",Energy,"Oil, Gas & Consumable Fuels",United States,Mid Cap,NYQ,USD
PATH,"UiPath, Inc. Class A",Information Technology,Software,United States,Mid Cap,NYQ,USD
PATK,"Patrick Industries, Inc.",Consumer Discretionary,Automobiles,United States,Mid Cap,NMS,USD
PAVMW,PAVmed Inc.,Health Care,Health Care Technology,United States,Small Cap,NMS,USD
PAY,Paymentus Holdings Inc. Class A Common Stock,Information Technology,Software,United States,Mid Cap,NYQ,USD
PAYA,Paya Holdings Inc.,Information Technology,Software,United States,Small Cap,NMS,USD
PAYC,"Paycom Software, Inc.",Information Technology,Software,United States,Mid Cap,NYQ,USD
PAYO,Payoneer Global Inc. Common Stock,Information Technology,Software,United States,Small Cap,NMS,USD
PAYX,"Paychex, Inc.",Industrials,Professional Services,United States,Large Cap,NMS,USD
PBF,PBF Energy Inc.,Energy,"Oil, Gas & Consumable Fuels",United States,Mid Cap,NYQ,USD
PBFX,PBF Logistics LP,Energy,"Oil, Gas & Consumable Fuels",United States,Small Cap,NYQ,USD
PBH,Prestige Consumer Healthcare Inc.,Health Care,Health Care Providers & Services,United States,Mid Cap,NYQ,USD
PBI,Pitney Bowes Inc.,Industrials,Commercial Services & Supplies,United States,Small Cap,NYQ,USD
PBLS,Parabilis Medicines Inc. Common Stock,Health Care,Biotechnology,United States,Mid Cap,NMS,USD
PBPB,Potbelly Corporation,Consumer Discretionary,"Hotels, Restaurants & Leisure",United States,Small Cap,NMS,USD
PBS.F,"Precision BioSciences, Inc.",Health Care,Biotechnology,United States,Small Cap,FRA,EUR
PBT,Permian Basin Royalty Trust,Energy,"Oil, Gas & Consumable Fuels",United States,Small Cap,NYQ,USD
PCAR,PACCAR Inc,Industrials,Machinery,United States,Large Cap,NMS,USD
PCG,PG&E Corporation,Utilities,Electric Utilities,United States,Large Cap,NYQ,USD
PCG-PA,Pacific Gas and Electric Company,Utilities,,United States,Mid Cap,ASE,USD
PCOR,Procore Technologies Inc. Common Stock,Information Technology,Software,United States,Mid Cap,NYQ,USD
PCRX,"Pacira Biosciences, Inc.",Health Care,Pharmaceuticals,United States,Small Cap,NMS,USD
PCT,"PureCycle Technologies, Inc.",Industrials,Construction & Engineering,United States,Small Cap,NCM,USD
PCTY,Paylocity Holding Corporation,Information Technology,Software,United States,Mid Cap,NMS,USD
PCVX,"Vaxcyte, Inc.",Health Care,Biotechnology,United States,Mid Cap,NMS,USD
PD,"PagerDuty, Inc.",Information Technology,Software,United States,Small Cap,NYQ,USD
PDCE,"PDC Energy, Inc.",Energy,"Oil, Gas & Consumable Fuels",United States,Mid Cap,NMS,USD
PDCO,"Patterson Companies, Inc.",Health Care,Health Care Providers & Services,United States,Mid Cap,NMS,USD
PDFS,"PDF Solutions, Inc.",Information Technology,Software,United States,Small Cap,NMS,USD
PDYN,Palladyne AI Corp. Common Stock,Industrials,Building Products,United States,Small Cap,NMS,USD
PEG,Public Service Enterprise Group Inc,Utilities,Multi-Utilities,United States,Large Cap,NYQ,USD
PEGA,Pegasystems Inc.,Information Technology,Software,United States,Mid Cap,NMS,USD
PEN,"Penumbra, Inc.",Health Care,Health Care Technology,United States,Large Cap,NYQ,USD
PENG,Penguin Solutions Inc. Ordinary Shares,Information Technology,Semiconductors & Semiconductor Equipment,United States,Small Cap,NMS,USD
PENN,"Penn National Gaming, Inc.",Consumer Discretionary,"Hotels, Restaurants & Leisure",United States,Mid Cap,NMS,USD
PEP,"PepsiCo, Inc.",Consumer Staples,Beverages,United States,Mega Cap,NMS,USD
PEPG,PepGen Inc. Common Stock,Health Care,Biotechnology,United States,Small Cap,NMS,USD
PETQ,"PetIQ, Inc.",Health Care,Pharmaceuticals,United States,Small Cap,NMS,USD
PFE,"Pfizer, Inc.",Health Care,Pharmaceuticals,United States,Large Cap,NYQ,USD
PFGC,Performance Food Group Company,Consumer Staples,Food & Staples Retailing,United States,Large Cap,NYQ,USD
PFPT,"Proofpoint, Inc.",Information Technology,Software,United States,Mid Cap,NMS,USD
PG,The Procter & Gamble Company,Consumer Staples,Household Products,United States,Mega Cap,NYQ,USD
PGEN,Precigen Inc,Health Care,Biotechnology,United States,Small Cap,NMS,USD
PGNY,"Progyny, Inc.",Health Care,Health Care Providers & Services,United States,Small Cap,NMS,USD
PGTI,"PGT Innovations, Inc.",Industrials,Building Products,United States,Mid Cap,NYQ,USD
PH,Parker-Hannifin Corporation,Industrials,Machinery,United States,Large Cap,NYQ,USD
PHARM.AS,Pharming Group N.V.,Health Care,Biotechnology,Netherlands,Small Cap,AMS,EUR
PHAT,"Phathom Pharmaceuticals, Inc.",Health Care,Biotechnology,United States,Small Cap,NMS,USD
PHIA.AS,Koninklijke Philips N.V.,Health Care,Biotechnology,Netherlands,Large Cap,AMS,EUR
PHLT,Performant Healthcare Inc. Common Stock,Consumer Staples,Household Products,United States,Small Cap,NMS,USD
PHM,"PulteGroup, Inc.",Industrials,Construction & Engineering,United States,Large Cap,NYQ,USD
PHR,"Phreesia, Inc.",Health Care,Health Care Providers & Services,United States,Small Cap,NYQ,USD
PHVS,Pharvaris N.V.,Health Care,Biotechnology,Netherlands,Small Cap,NMS,USD
PI,"Impinj, Inc.",Information Technology,Communications Equipment,United States,Mid Cap,NMS,USD
PII,Polaris Inc.,Consumer Discretionary,Automobiles,United States,Mid Cap,NYQ,USD
PINC,"Premier, Inc.",Health Care,Health Care Providers & Services,United States,Mid Cap,NMS,USD
PING,Ping Identity Holding Corp.,Information Technology,Software,United States,Small Cap,NYQ,USD
PINS,"Pinterest, Inc.",Communication Services,Diversified Telecommunication Services,United States,Large Cap,NYQ,USD
PJP.F,X5 RETAIL GROUP N.V.,Consumer Staples,Food & Staples Retailing,Netherlands,Mid Cap,FRA,EUR
PKE,Park Aerospace Corp.,Industrials,Aerospace & Defense,United States,Small Cap,NYQ,USD
PKG,Packaging Corporation of America,Consumer Discretionary,Distributors,United States,Large Cap,NYQ,USD
PKI,"PerkinElmer, Inc.",Health Care,Biotechnology,United States,Large Cap,NYQ,USD
PKOH,Park-Ohio Holdings Corp.,Industrials,Trading Companies & Distributors,United States,Small Cap,NMS,USD
PLAB,"Photronics, Inc.",Information Technology,Semiconductors & Semiconductor Equipment,United States,Mid Cap,NMS,USD
PLAN,"Anaplan, Inc.",Information Technology,Software,United States,Mid Cap,NYQ,USD
PLAY,"Dave & Buster's Entertainment, Inc.",Consumer Discretionary,"Hotels, Restaurants & Leisure",United States,Small Cap,NMS,USD
PLLWF,Polarean Imaging plc,Health Care,Health Care Technology,United States,Small Cap,PNK,USD
PLM,PolyMet Mining Corp.,Materials,Metals & Mining,United States,Small Cap,ASE,USD
PLNHF,Planet 13 Holdings Inc.,Health Care,Pharmaceuticals,United States,Small Cap,PNK,USD
PLNT,"Planet Fitness, Inc. Class A",Consumer Discretionary,"Hotels, Restaurants & Leisure",United States,Mid Cap,NYQ,USD
PLOW,"Douglas Dynamics, Inc.",Consumer Discretionary,Auto Components,United States,Small Cap,NYQ,USD
PLPC,Preformed Line Products Company,Industrials,Electrical Equipment,United States,Small Cap,NMS,USD
PLSE,"Pulse Biosciences, Inc.",Health Care,Health Care Equipment & Supplies,United States,Small Cap,NCM,USD
PLT,"Plantronics, Inc.",Information Technology,Communications Equipment,United States,Small Cap,NYQ,USD
PLTR,Palantir Technologies Inc. Class A,Information Technology,Software,United States,Mega Cap,NYQ,USD
PLUG,Plug Power Inc.,Industrials,Electrical Equipment,United States,Mid Cap,NMS,USD
PLUS,ePlus inc.,Information Technology,Software,United States,Mid Cap,NMS,USD
PLXS,Plexus Corp.,Information Technology,"Electronic Equipment, Instruments & Components",United States,Mid Cap,NMS,USD
PLYA,Playa Hotels & Resorts N.V.,Consumer Discretionary,"Hotels, Restaurants & Leisure",United States,Small Cap,NMS,USD
PM,Philip Morris International Inc.,Consumer Staples,Tobacco,United States,Mega Cap,NYQ,USD
PNL.AS,PostNL N.V.,Industrials,Air Freight & Logistics,Netherlands,Mid Cap,AMS,EUR
PNM,"PNM Resources, Inc.",Utilities,Electric Utilities,United States,Mid Cap,NYQ,USD
PNRG,PrimeEnergy Resources Corporation,Energy,"Oil, Gas & Consumable Fuels",United States,Small Cap,NMS,USD
PNT,POINT Biopharma Global Inc. Common Stock,Health Care,Biotechnology,United States,Small Cap,NMS,USD
PNTG,Pennant Group Inc,Health Care,Health Care Equipment & Supplies,United States,Small Cap,NMS,USD
PNW,Pinnacle West Capital Corp,Utilities,Electric Utilities,United States,Large Cap,NYQ,USD
PODD,Insulet Corporation,Health Care,Health Care Technology,United States,Large Cap,NMS,USD
POSH,"Poshmark, Inc.",Consumer Discretionary,Internet & Direct Marketing Retail,United States,Mid Cap,NMS,USD
POST,"Post Holdings, Inc.",Consumer Staples,Food & Staples Retailing,United States,Mid Cap,NYQ,USD
POWI,"Power Integrations, Inc.",Information Technology,Semiconductors & Semiconductor Equipment,United States,Mid Cap,NMS,USD
POWL,"Powell Industries, Inc.",Industrials,Electrical Equipment,United States,Mid Cap,NMS,USD
POWWP,"AMMO, Inc.",Industrials,Aerospace & Defense,United States,Mid Cap,NCM,USD
PPC,Pilgrim's Pride Corporation,Consumer Staples,Food & Staples Retailing,United States,Large Cap,NMS,USD
PPD,"PPD, Inc.",Health Care,Pharmaceuticals,United States,Large Cap,NMS,USD
PPG,"PPG Industries, Inc.",Materials,Chemicals,United States,Large Cap,NYQ,USD
PPL,PPL Corporation,Utilities,Electric Utilities,United States,Large Cap,NYQ,USD
PPLI,People Incorporated Common Stock,Communication Services,Diversified Telecommunication Services,United States,Mid Cap,NMS,USD
PPTA,Perpetua Resources Corp.,Materials,Metals & Mining,United States,Mid Cap,NCM,USD
PPWLM,PacifiCorp,Utilities,Multi-Utilities,United States,Large Cap,PNK,USD
PQG,PQ Group Holdings Inc.,Materials,Chemicals,United States,Mid Cap,NYQ,USD
PQM.SG,Piquadro S.p.A.,Consumer Discretionary,,United States,Small Cap,STU,EUR
PR,Permian Resources Corporation Class A Common Stock,Energy,"Oil, Gas & Consumable Fuels",United States,Large Cap,NYQ,USD
PRAH,"PRA Health Sciences, Inc.",Health Care,Biotechnology,United States,Large Cap,NMS,USD
PRAX,"Praxis Precision Medicines, Inc.",Health Care,Biotechnology,United States,Mid Cap,NMS,USD
PRCH,Porch Group Inc.,Information Technology,Software,United States,Small Cap,NMS,USD
PRCT,PROCEPT BioRobotics Corporation Common Stock,Health Care,Biotechnology,United States,Small Cap,NMS,USD
PRDO,Perdoceo Education Corporation,Consumer Staples,Household Products,United States,Mid Cap,NMS,USD
PRF0.F,ModivCare Inc.,Health Care,Health Care Equipment & Supplies,United States,Mid Cap,FRA,EUR
PRFT,"Perficient, Inc.",Information Technology,IT Services,United States,Mid Cap,NMS,USD
PRG,"PROG Holdings, Inc.",Industrials,Commercial Services & Supplies,United States,Small Cap,NYQ,USD
PRGS,Progress Software Corporation,Information Technology,Software,United States,Small Cap,NMS,USD
PRIM,Primoris Services Corporation,Industrials,Construction & Engineering,United States,Mid Cap,NMS,USD
PRKS,United Parks & Resorts Inc. Common Stock,Health Care,Health Care Technology,United States,Small Cap,NYQ,USD
PRLB,"Proto Labs, Inc.",Industrials,Building Products,United States,Small Cap,NYQ,USD
PRM,Perimeter Solutions SA Ordinary Shares,Communication Services,Diversified Telecommunication Services,United States,Mid Cap,NYQ,USD
PRME,Prime Medicine Inc. Common Stock,Health Care,Biotechnology,United States,Small Cap,NMS,USD
PRMW,Primo Water Corporation,Consumer Staples,Beverages,United States,Mid Cap,NYQ,USD
PRO,"PROS Holdings, Inc.",Information Technology,Software,United States,Small Cap,NYQ,USD
PROK,ProKidney Corp. Class A Ordinary Shares,Health Care,Biotechnology,United States,Small Cap,NMS,USD
PRSP,Perspecta Inc.,Information Technology,IT Services,United States,Mid Cap,NYQ,USD
PRSU,Pursuit Attractions and Hospitality Inc. Common Stock,Industrials,Professional Services,United States,Small Cap,NYQ,USD
PRTC,PureTech Health plc,Health Care,Biotechnology,United States,Small Cap,NMS,USD
PRTH,"Priority Technology Holdings, Inc.",Information Technology,IT Services,United States,Small Cap,NMS,USD
PRTY,PARTY CITY HOLDCO INC.,Consumer Discretionary,Specialty Retail,United States,Small Cap,NYQ,USD
PRVA,"Privia Health Group, Inc.",Health Care,Health Care Providers & Services,United States,Mid Cap,NMS,USD
PRVB,"Provention Bio, Inc.",Health Care,Biotechnology,United States,Mid Cap,NMS,USD
PRX.AS,Prosus N.V.,Communication Services,Diversified Telecommunication Services,Netherlands,Large Cap,AMS,EUR
PS1.F,"Computer Programs and Systems, Inc.",Health Care,Health Care Providers & Services,United States,Small Cap,FRA,EUR
PSIX,"Power Solutions International, Inc.",Industrials,Machinery,United States,Small Cap,PNK,USD
PSKY,Paramount Skydance Corporation Class B Common Stock,Communication Services,Media,United States,Large Cap,NMS,USD
PSMT,"PriceSmart, Inc.",Consumer Staples,Household Products,United States,Mid Cap,NMS,USD
PSN,Parsons Corporation,Industrials,Machinery,United States,Mid Cap,NYQ,USD
PSNL,"Personalis, Inc.",Health Care,Biotechnology,United States,Small Cap,NGM,USD
PSTG,"Pure Storage, Inc.",Information Technology,"Technology Hardware, Storage & Peripherals",United States,Large Cap,NYQ,USD
PSTX,"POSEIDA THERAPEUTICS, INC.",Health Care,Biotechnology,United States,Small Cap,NMS,USD
PSX,Phillips 66,Energy,"Oil, Gas & Consumable Fuels",United States,Large Cap,NYQ,USD
PTC,PTC Inc.,Information Technology,Software,United States,Large Cap,NMS,USD
PTCT,"PTC Therapeutics, Inc.",Health Care,Biotechnology,United States,Mid Cap,NMS,USD
PTEN,"Patterson-UTI Energy, Inc.",Energy,"Oil, Gas & Consumable Fuels",United States,Mid Cap,NMS,USD
PTGX,"Protagonist Therapeutics, Inc.",Health Care,Biotechnology,United States,Mid Cap,NGM,USD
PTLO,Portillo's Inc. Class A Common Stock,Consumer Discretionary,"Hotels, Restaurants & Leisure",United States,Small Cap,NMS,USD
PTON,"Peloton Interactive, Inc. Class A",Consumer Discretionary,"Hotels, Restaurants & Leisure",United States,Small Cap,NMS,USD
PTSI,"P.A.M. Transportation Services, Inc.",Industrials,Transportation Infrastructure,United States,Small Cap,NGM,USD
PTVE,Pactiv Evergreen Inc.,Consumer Discretionary,Distributors,United States,Mid Cap,NMS,USD
PUBM,"PubMatic, Inc.",Information Technology,Software,United States,Small Cap,NGM,USD
PUMP,ProPetro Holding Corp.,Energy,Energy Equipment & Services,United States,Small Cap,NYQ,USD
PURR,Hyperliquid Strategies Inc Common Stock,Health Care,Biotechnology,United States,Small Cap,NMS,USD
PVH,PVH Corp.,Consumer Discretionary,"Textiles, Apparel & Luxury Goods",United States,Mid Cap,NYQ,USD
PVLA,Palvella Therapeutics Inc. Common Stock,Health Care,Biotechnology,United States,Small Cap,NMS,USD
PWFL,"PowerFleet, Inc.",Information Technology,Communications Equipment,United States,Small Cap,NMS,USD
PWR,"Quanta Services, Inc.",Industrials,Construction & Engineering,United States,Large Cap,NYQ,USD
PWSC,PowerSchool Holdings Inc. Class A Common Stock,Information Technology,Software,United States,Mid Cap,ASE,USD
PX91.F,"Cassava Sciences, Inc.",Health Care,Biotechnology,United States,Small Cap,FRA,EUR
PXED,Phoenix Education Partners Inc. Common Stock,Consumer Staples,Household Products,United States,Small Cap,NYQ,USD
PYCR,Paycor HCM Inc. Common Stock,Information Technology,Software,United States,Mid Cap,NMS,USD
PZZA,"Papa John's International, Inc.",Consumer Discretionary,"Hotels, Restaurants & Leisure",United States,Small Cap,NMS,USD
Q8Q.F,"QEP Resources, Inc.",Energy,,United States,Small Cap,FRA,EUR
QADA,QAD Inc.,Information Technology,Software,United States,Small Cap,NMS,USD
QBTS,D-Wave Quantum Inc. Common Shares,Information Technology,Software,United States,Mid Cap,NYQ,USD
QCOM,QUALCOMM Incorporated,Information Technology,Semiconductors & Semiconductor Equipment,United States,Large Cap,NMS,USD
QDEL,Quidel Corporation,Health Care,Biotechnology,United States,Small Cap,NMS,USD
QGEN,QIAGEN N.V.,Health Care,Biotechnology,Netherlands,Large Cap,NYQ,USD
QLYS,"Qualys, Inc.",Information Technology,Software,United States,Mid Cap,NMS,USD
QMLS,QumulusAI Inc. Common Stock,Information Technology,Software,United States,Small Cap,NMS,USD
QNST,"QuinStreet, Inc.",Communication Services,Diversified Telecommunication Services,United States,Small Cap,NMS,USD
QNT2.F,Quantum Corporation,Information Technology,"Technology Hardware, Storage & Peripherals",United States,Small Cap,FRA,EUR
QRTEB,"Qurate Retail, Inc.",Consumer Discretionary,Internet & Direct Marketing Retail,United States,Small Cap,NMS,USD
QRVO,"Qorvo, Inc.",Information Technology,Semiconductors & Semiconductor Equipment,United States,Mid Cap,NMS,USD
QS,QuantumScape Corporation,Consumer Discretionary,Auto Components,United States,Mid Cap,NYQ,USD
QSOA.F,"Surface Oncology, Inc.",Health Care,Biotechnology,United States,Small Cap,FRA,EUR
QTRX,Quanterix Corporation,Health Care,Health Care Technology,United States,Small Cap,NGM,USD
QTWO,"Q2 Holdings, Inc.",Information Technology,Software,United States,Mid Cap,NYQ,USD
QUAD,"Quad/Graphics, Inc.",Industrials,Professional Services,United States,Small Cap,NYQ,USD
QUBT,"Quantum Computing, Inc.",Information Technology,"Technology Hardware, Storage & Peripherals",United States,Small Cap,PNK,USD
QUOT,Quotient Technology Inc.,Communication Services,Diversified Telecommunication Services,United States,Small Cap,NYQ,USD
QURE,uniQure N.V.,Health Care,Biotechnology,Netherlands,Small Cap,NMS,USD
QVCGB,QVC Group Inc. Series B Common Stock,Consumer Discretionary,,United States,Small Cap,NMS,USD
QXO,QXO Inc. Common Stock,Information Technology,Software,United States,Large Cap,NMS,USD
R,"Stem, Inc.",Information Technology,Software,United States,Mid Cap,NYQ,USD
RADI,"Radius Global Infrastructure, Inc.",Communication Services,Diversified Telecommunication Services,United States,Small Cap,NGM,USD
RAMP,"LiveRamp Holdings, Inc.",Information Technology,IT Services,United States,Small Cap,NYQ,USD
RAND.AS,Randstad N.V.,Industrials,Professional Services,Netherlands,Large Cap,AMS,EUR
RAPP,Rapport Therapeutics Inc. Common Stock,Health Care,,United States,Small Cap,NMS,USD
RAPT,"RAPT Therapeutics, Inc.",Health Care,Biotechnology,United States,Small Cap,NMS,USD
RARE,Ultragenyx Pharmaceutical Inc.,Health Care,Biotechnology,United States,Mid Cap,NMS,USD
RAVN,"Raven Industries, Inc.",Industrials,Machinery,United States,Small Cap,NMS,USD
RAZFF,Razer Inc.,Information Technology,"Technology Hardware, Storage & Peripherals",United States,Mid Cap,PNK,USD
RBBN,"Ribbon Communications, Inc.",Communication Services,Diversified Telecommunication Services,United States,Small Cap,NMS,USD
RBC,Regal Beloit Corporation,Industrials,Machinery,United States,Large Cap,NYQ,USD
RBCP,RBC Bearings Incorporated 5.00% Series A Mandatory Convertible Preferred Stock,Energy,Energy Equipment & Services,United States,Mid Cap,ASE,USD
RBLX,Roblox Corporation,Communication Services,Interactive Media & Services,United States,Large Cap,NYQ,USD
RBRK,Rubrik Inc. Class A Common Stock,Information Technology,,United States,Large Cap,NYQ,USD
RCAT,"Red Cat Holdings, Inc.",Information Technology,,United States,Small Cap,NMS,USD
RCII,"Rent-A-Center, Inc.",Industrials,Commercial Services & Supplies,United States,Mid Cap,NMS,USD
RCKT,"Rocket Pharmaceuticals, Inc.",Health Care,Biotechnology,United States,Small Cap,NMS,USD
RCKY,"Rocky Brands, Inc.",Consumer Discretionary,"Textiles, Apparel & Luxury Goods",United States,Small Cap,NMS,USD
RCL,Royal Caribbean Group,Consumer Discretionary,"Hotels, Restaurants & Leisure",United States,Large Cap,NYQ,USD
RCM,R1 RCM Inc.,Health Care,Health Care Providers & Services,United States,Mid Cap,NMS,USD
RCO.F,"Resources Connection, Inc.",Industrials,Professional Services,United States,Small Cap,FRA,EUR
RCUS,"Arcus Biosciences, Inc.",Health Care,Biotechnology,United States,Mid Cap,NYQ,USD
RDDT,Reddit Inc. Class A Common Stock,Communication Services,,United States,Large Cap,NYQ,USD
RDNT,"RadNet, Inc.",Health Care,Biotechnology,United States,Mid Cap,NGM,USD
RDUS,"Radius Health, Inc.",Health Care,Pharmaceuticals,United States,Small Cap,NMS,USD
RDVT,"Red Violet, Inc.",Information Technology,Software,United States,Small Cap,NCM,USD
RDW,Redwire Corporation Common Stock,Industrials,Aerospace & Defense,United States,Small Cap,NYQ,USD
REAL,"The RealReal, Inc.",Consumer Discretionary,Specialty Retail,United States,Small Cap,NMS,USD
REGI,"Renewable Energy Group, Inc.",Energy,"Oil, Gas & Consumable Fuels",United States,Mid Cap,NMS,USD
REGN,"Regeneron Pharmaceuticals, Inc.",Health Care,Biotechnology,United States,Large Cap,NMS,USD
RELY,Remitly Global Inc. Common Stock,Information Technology,Software,United States,Mid Cap,NMS,USD
REPL,"Replimune Group, Inc.",Health Care,Biotechnology,United States,Small Cap,NMS,USD
REPX,"Riley Exploration Permian, Inc.",Energy,"Oil, Gas & Consumable Fuels",United States,Small Cap,ASE,USD
RES,"RPC, Inc.",Energy,Energy Equipment & Services,United States,Small Cap,NYQ,USD
RETA,"REATA PHARMACEUTICALS, INC.",Health Care,Biotechnology,United States,Mid Cap,NMS,USD
REV,"Revlon, Inc.",Consumer Staples,Household Products,United States,Small Cap,NYQ,USD
REX,American Resources Corporation,Materials,Metals & Mining,United States,Small Cap,NYQ,USD
REYN,Reynolds Consumer Products Inc,Consumer Discretionary,Distributors,United States,Mid Cap,NMS,USD
REZI,"Resideo Technologies, Inc.",Industrials,Professional Services,United States,Mid Cap,NYQ,USD
RGEN,Repligen Corporation,Health Care,Health Care Equipment & Supplies,United States,Mid Cap,NMS,USD
RGI.F,Regis Corporation,Consumer Discretionary,"Hotels, Restaurants & Leisure",United States,Small Cap,FRA,EUR
RGLD,"Royal Gold, Inc.",Materials,Metals & Mining,United States,Large Cap,NMS,USD
RGLS,Regulus Therapeutics Inc.,Health Care,Biotechnology,United States,Small Cap,NCM,USD
RGNX,REGENXBIO Inc.,Health Care,Biotechnology,United States,Small Cap,NMS,USD
RGR,"Sturm, Ruger & Company, Inc.",Industrials,Aerospace & Defense,United States,Small Cap,NYQ,USD
RGTI,Rigetti Computing Inc. Common Stock,Information Technology,Software,United States,Mid Cap,NMS,USD
RH,RH,Consumer Discretionary,Specialty Retail,United States,Mid Cap,NYQ,USD
RHI,Robert Half International Inc.,Industrials,Professional Services,United States,Mid Cap,NYQ,USD
RIDE,Lordstown Motors Corp.,Consumer Discretionary,Automobiles,United States,Small Cap,NMS,USD
RIGL,"Rigel Pharmaceuticals, Inc.",Health Care,Biotechnology,United States,Small Cap,NMS,USD
RIK.F,"RCI Hospitality Holdings, Inc.",Consumer Discretionary,"Hotels, Restaurants & Leisure",United States,Small Cap,FRA,EUR
RIOT,"Riot Blockchain, Inc.",Information Technology,Software,United States,Mid Cap,NMS,USD
RIVN,Rivian Automotive Inc. Class A Common Stock,Consumer Discretionary,Automobiles,United States,Large Cap,NMS,USD
RKLB,Rocket Lab USA Inc. Common Stock,Industrials,Aerospace & Defense,United States,Large Cap,NMS,USD
RL,Ralph Lauren Corporation Class A,Consumer Discretionary,"Textiles, Apparel & Luxury Goods",United States,Large Cap,NYQ,USD
RLAY,"Relay Therapeutics, Inc.",Health Care,Biotechnology,United States,Small Cap,NGM,USD
RLGT,"Radiant Logistics, Inc.",Industrials,Air Freight & Logistics,United States,Small Cap,ASE,USD
RLLWF,Reliance Worldwide Corporation Limited,Industrials,Building Products,United States,Mid Cap,PNK,USD
RLMD,Relmada Therapeutics Inc,Health Care,Pharmaceuticals,United States,Small Cap,NMS,USD
RMBS,Rambus Inc.,Information Technology,Semiconductors & Semiconductor Equipment,United States,Large Cap,NMS,USD
RMD,ResMed Inc.,Health Care,Health Care Equipment & Supplies,United States,Large Cap,NYQ,USD
RMIX,Suncrete Inc. Class A Common Stock,Materials,Construction Materials,United States,Small Cap,NMS,USD
RMNI,"Rimini Street, Inc.",Information Technology,Software,United States,Small Cap,NMS,USD
RMO,"Romeo Power, Inc.",Consumer Discretionary,Auto Components,United States,Small Cap,NYQ,USD
RN3N.MU,"ARENA PHARMA.NEW DL-,0001",Health Care,,United States,Small Cap,MUN,EUR
RNA,"Avidity Biosciences, Inc.",Health Care,Biotechnology,United States,Mid Cap,NGM,USD
RNG,"RingCentral, Inc. Class A",Information Technology,Software,United States,Mid Cap,NYQ,USD
RNGR,"Ranger Energy Services, Inc.",Energy,Energy Equipment & Services,United States,Small Cap,NYQ,USD
ROAD,"Construction Partners, Inc. Class A",Industrials,Construction & Engineering,United States,Mid Cap,NMS,USD
ROCK,"Gibraltar Industries, Inc.",Industrials,Building Products,United States,Small Cap,NMS,USD
ROG,Rogers Corporation,Information Technology,"Electronic Equipment, Instruments & Components",United States,Small Cap,NYQ,USD
ROK,"Rockwell Automation, Inc.",Industrials,Machinery,United States,Large Cap,NYQ,USD
ROKU,"Roku, Inc. Class A",Communication Services,Entertainment,United States,Large Cap,NMS,USD
ROL,"Rollins, Inc.",Consumer Discretionary,"Hotels, Restaurants & Leisure",United States,Large Cap,NYQ,USD
ROLL,RBC Bearings Incorporated,Industrials,Building Products,United States,Mid Cap,NMS,USD
ROP,"Roper Technologies, Inc.",Industrials,Machinery,United States,Large Cap,NYQ,USD
ROST,"Ross Stores, Inc.",Consumer Discretionary,"Textiles, Apparel & Luxury Goods",United States,Large Cap,NMS,USD
ROVR,Rover Group Inc. Class A Common Stock,Consumer Staples,Household Products,United States,Small Cap,NMS,USD
RPD,"Rapid7, Inc.",Information Technology,Software,United States,Small Cap,NMS,USD
RPM,RPM International Inc.,Materials,Chemicals,United States,Large Cap,NYQ,USD
RPRX,Royalty Pharma Plc Class A,Health Care,Biotechnology,United States,Large Cap,NMS,USD
RR,Richtech Robotics Inc. Class B Common Stock,Industrials,,United States,Small Cap,NMS,USD
RRC,Range Resources Corporation,Energy,"Oil, Gas & Consumable Fuels",United States,Mid Cap,NYQ,USD
RRD,R. R. Donnelley & Sons Company,Industrials,Professional Services,United States,Small Cap,NYQ,USD
RRN.F,"Red Robin Gourmet Burgers, Inc.",Consumer Discretionary,"Hotels, Restaurants & Leisure",United States,Small Cap,FRA,EUR
RRR,"Red Rock Resorts, Inc.",Consumer Discretionary,"Hotels, Restaurants & Leisure",United States,Mid Cap,NMS,USD
RRX,Regal Rexnord Corporation Common Stock,Energy,Energy Equipment & Services,United States,Large Cap,NYQ,USD
RS,Reliance Steel & Aluminum Co.,Materials,Metals & Mining,United States,Large Cap,NYQ,USD
RSG,"Republic Services, Inc.",Industrials,Transportation Infrastructure,United States,Large Cap,NYQ,USD
RSI,"Rush Street Interactive, Inc.",Consumer Discretionary,"Hotels, Restaurants & Leisure",United States,Mid Cap,NYQ,USD
RSVR,Reservoir Media Inc. Common Stock,Consumer Discretionary,"Hotels, Restaurants & Leisure",United States,Small Cap,NMS,USD
RTA1.F,Rite Aid Corporation,Health Care,Pharmaceuticals,United States,Small Cap,FRA,EUR
RTLR,Rattler Midstream LP,Energy,"Oil, Gas & Consumable Fuels",United States,Small Cap,NMS,USD
RTX,Raytheon Technologies Corporation,Industrials,Aerospace & Defense,United States,Mega Cap,NYQ,USD
RUBY,"Rubius Therapeutics, Inc.",Health Care,Biotechnology,United States,Mid Cap,NMS,USD
RUM,Rumble Inc. Class A Common Stock,Information Technology,Software,United States,Mid Cap,NMS,USD
RUN,Sunrun Inc.,Information Technology,"Technology Hardware, Storage & Peripherals",United States,Mid Cap,NMS,USD
RUSHA,"Rush Enterprises, Inc.",Consumer Discretionary,Automobiles,United States,Mid Cap,NMS,USD
RUTH,"Ruth's Hospitality Group, Inc.",Consumer Discretionary,"Hotels, Restaurants & Leisure",United States,Small Cap,NMS,USD
RVLV,"Revolve Group, Inc.",Consumer Discretionary,Internet & Direct Marketing Retail,United States,Mid Cap,NYQ,USD
RVMD,"Revolution Medicines, Inc.",Health Care,Biotechnology,United States,Large Cap,NMS,USD
RVNC,"REVANCE THERAPEUTICS, INC.",Health Care,Biotechnology,United States,Small Cap,NMS,USD
RVTY,Revvity Inc. Common Stock,Health Care,Biotechnology,United States,Large Cap,NYQ,USD
RWWI,"Rand Worldwide, Inc.",Information Technology,Software,United States,Small Cap,PNK,USD
RXDX,"Prometheus Biosciences, Inc.",Health Care,Biotechnology,United States,Mid Cap,NMS,USD
RXN,Rexnord Corporation,Industrials,Machinery,United States,Mid Cap,NYQ,USD
RXO,RXO Inc. Common Stock,Industrials,,United States,Mid Cap,NYQ,USD
RXRX,"Recursion Pharmaceuticals, Inc.",Health Care,Biotechnology,United States,Small Cap,NMS,USD
RXST,RxSight Inc. Common Stock,Health Care,Health Care Technology,United States,Small Cap,NMS,USD
RXT,"Rackspace Technology, Inc.",Information Technology,Software,United States,Small Cap,NMS,USD
RYAM,Rayonier Advanced Materials Inc,Materials,Chemicals,United States,Small Cap,NYQ,USD
RYDAF,Royal Dutch Shell plc,Energy,"Oil, Gas & Consumable Fuels",Netherlands,Large Cap,PNK,USD
RYI,Ryerson Holding Corporation,Industrials,Building Products,United States,Small Cap,NYQ,USD
RYI.F,"Viracta Therapeutics, Inc.",Health Care,Biotechnology,United States,Small Cap,FRA,EUR
RYZ,Ryerson Holding Corporation Common Stock,Energy,Energy Equipment & Services,United States,Small Cap,NYQ,USD
RYZB,RayzeBio Inc. Common Stock,Health Care,,United States,Mid Cap,NMS,USD
RZLT,"Rezolute, Inc.",Health Care,Biotechnology,United States,Small Cap,NCM,USD
S,SentinelOne Inc. Class A Common Stock,Information Technology,Software,United States,Mid Cap,NYQ,USD
S0Z.F,"Sientra, Inc.",Health Care,Health Care Technology,United States,Small Cap,FRA,EUR
S1TE34.SA,STERIS Corporation,Health Care,Health Care Equipment & Supplies,United States,Large Cap,SAO,BRL
S64.F,"SPIRIT AIRLINES, INC.",Industrials,Airlines,United States,Mid Cap,FRA,EUR
SABR,Sabre Corporation,Information Technology,IT Services,United States,Small Cap,NMS,USD
SAEYY,Shop Apotheke Europe N.V.,Health Care,Pharmaceuticals,Netherlands,Mid Cap,PNK,USD
SAFM,"Sanderson Farms, Inc.",Consumer Staples,Food & Staples Retailing,United States,Mid Cap,NMS,USD
SAGE,"Sage Therapeutics, Inc.",Health Care,Biotechnology,United States,Small Cap,NMS,USD
SAH,"Sonic Automotive, Inc.",Consumer Discretionary,Automobiles,United States,Mid Cap,NYQ,USD
SAIA,"Saia, Inc.",Industrials,Transportation Infrastructure,United States,Large Cap,NMS,USD
SAIC,Science Applications International Corporation,Information Technology,IT Services,United States,Mid Cap,NYQ,USD
SAM,"Boston Beer Company, Inc. Class A",Consumer Staples,Beverages,United States,Mid Cap,NYQ,USD
SANA,"Sana Biotechnology, Inc.",Health Care,Biotechnology,United States,Small Cap,NMS,USD
SANM,Sanmina Corporation,Information Technology,"Electronic Equipment, Instruments & Components",United States,Mid Cap,NMS,USD
SARO,StandardAero Inc. Common Stock,Industrials,Aerospace & Defense,United States,Large Cap,NYQ,USD
SATS,EchoStar Corporation,Information Technology,Communications Equipment,United States,Large Cap,NMS,USD
SBC,SBC Medical Group Holdings Incorporated Common Stock,Health Care,Health Care Equipment & Supplies,United States,Small Cap,NMS,USD
SBGI,"Sinclair Broadcast Group, Inc.",Communication Services,Media,United States,Small Cap,NMS,USD
SBH,"Sally Beauty Holdings, Inc.",Consumer Discretionary,Specialty Retail,United States,Small Cap,NYQ,USD
SBMO.AS,SBM Offshore N.V.,Energy,Energy Equipment & Services,Netherlands,Mid Cap,AMS,EUR
SBMT,Silver Bow Mining Corp. Common Shares,Materials,Metals & Mining,United States,Small Cap,ASE,USD
SBOW,"SILVERBOW RESOURCES, INC.",Energy,"Oil, Gas & Consumable Fuels",United States,Small Cap,NYQ,USD
SBR,Sabine Royalty Trust,Energy,"Oil, Gas & Consumable Fuels",United States,Small Cap,NYQ,USD
SBTX,"Silverback Therapeutics, Inc.",Health Care,Biotechnology,United States,Small Cap,NMS,USD
SBUX,Starbucks Corporation,Consumer Discretionary,"Hotels, Restaurants & Leisure",United States,Large Cap,NMS,USD
SCCO,Southern Copper Corporation,Materials,Metals & Mining,United States,Large Cap,NYQ,USD
SCHL,Scholastic Corporation,Communication Services,Diversified Telecommunication Services,United States,Small Cap,NMS,USD
SCHN,"Schnitzer Steel Industries, Inc.",Materials,Metals & Mining,United States,Small Cap,NMS,USD
SCI,Service Corporation International,Consumer Discretionary,"Hotels, Restaurants & Leisure",United States,Large Cap,NYQ,USD
SCL,Stepan Company,Materials,Chemicals,United States,Small Cap,NYQ,USD
SCPH,scPharmaceuticals Inc.,Health Care,Biotechnology,United States,Small Cap,NMS,USD
SCPL,SCIPLAY CORPORATION,Communication Services,Interactive Media & Services,United States,Mid Cap,NMS,USD
SCS,Steelcase Inc.,Industrials,Commercial Services & Supplies,United States,Small Cap,NYQ,USD
SCSC,"ScanSource, Inc.",Information Technology,"Electronic Equipment, Instruments & Components",United States,Small Cap,NMS,USD
SCVL,"Shoe Carnival, Inc.",Consumer Discretionary,"Textiles, Apparel & Luxury Goods",United States,Small Cap,NMS,USD
SCWX,SecureWorks Corp.,Information Technology,Software,United States,Small Cap,NMS,USD
SD,"SandRidge Energy, Inc.",Energy,"Oil, Gas & Consumable Fuels",United States,Small Cap,NYQ,USD
SD3.F,"Simulations Plus, Inc.",Health Care,Health Care Providers & Services,United States,Small Cap,FRA,EUR
SDGR,"Schrodinger, Inc.",Health Care,Health Care Providers & Services,United States,Small Cap,NMS,USD
SDHC,Smith Douglas Homes Corp. Class A Common Stock,Industrials,,United States,Small Cap,NYQ,USD
SEAS,"SeaWorld Entertainment, Inc.",Consumer Discretionary,"Hotels, Restaurants & Leisure",United States,Mid Cap,NYQ,USD
SEB,Seaboard Corporation,Industrials,Industrial Conglomerates,United States,Mid Cap,ASE,USD
SEE,SEALED AIR CORPORATION,Consumer Discretionary,Distributors,United States,Mid Cap,NYQ,USD
SEI,Solaris Energy Infrastructure Inc. Class A Common Stock,Energy,Energy Equipment & Services,United States,Mid Cap,NYQ,USD
SEM,Select Medical Holdings Corporation,Health Care,Health Care Equipment & Supplies,United States,Small Cap,NYQ,USD
SEMR,"SEMrush Holdings, Inc.",Information Technology,Software,United States,Small Cap,NYQ,USD
SENEA,Seneca Foods Corporation,Consumer Staples,Food & Staples Retailing,United States,Small Cap,NMS,USD
SENS,"Senseonics Holdings, Inc.",Health Care,Biotechnology,United States,Small Cap,NMS,USD
SEPN,Septerna Inc. Common Stock,Health Care,,United States,Small Cap,NMS,USD
SERV,Serve Robotics Inc. Common Stock,Materials,Chemicals,United States,Small Cap,NMS,USD
SESN,"Sesen Bio, Inc.",Health Care,Biotechnology,United States,Small Cap,NMS,USD
SET.F,"Somero Enterprises, Inc.",Industrials,Machinery,United States,Small Cap,FRA,EUR
SFD,Smithfield Foods Inc. Common Stock,Consumer Staples,Food & Staples Retailing,United States,Mid Cap,NMS,USD
SFIX,"Stitch Fix, Inc.",Consumer Discretionary,Specialty Retail,United States,Small Cap,NMS,USD
SFM,"Sprouts Farmers Market, Inc.",Consumer Staples,Food & Staples Retailing,United States,Mid Cap,NMS,USD
SG,Sweetgreen Inc. Class A Common Stock,Consumer Discretionary,"Hotels, Restaurants & Leisure",United States,Small Cap,NYQ,USD
SGEN,Seagen Inc.,Health Care,Biotechnology,United States,Large Cap,NMS,USD
SGFY,"Signify Health, Inc.",Health Care,Health Care Providers & Services,United States,Mid Cap,NYQ,USD
SGH,"SMART Global Holdings, Inc.",Information Technology,Semiconductors & Semiconductor Equipment,United States,Small Cap,NMS,USD
SGI,Somnigroup International Inc. Common Stock,Consumer Discretionary,Household Durables,United States,Large Cap,NYQ,USD
SGMS,Scientific Games Corporation,Consumer Discretionary,"Hotels, Restaurants & Leisure",United States,Mid Cap,NMS,USD
SGP,SpyGlass Pharma Inc. Common Stock,Health Care,Health Care Technology,United States,Small Cap,NMS,USD
SGRY,"Surgery Partners, Inc.",Health Care,Health Care Equipment & Supplies,United States,Mid Cap,NMS,USD
SGU,"Star Group, L.P.",Energy,"Oil, Gas & Consumable Fuels",United States,Small Cap,NYQ,USD
SHAK,Shake Shack Inc.,Consumer Discretionary,"Hotels, Restaurants & Leisure",United States,Mid Cap,NYQ,USD
SHC,Sotera Health Company,Health Care,Biotechnology,United States,Mid Cap,NMS,USD
SHCR,Sharecare Inc. Class A Common Stock,Information Technology,Software,United States,Small Cap,NMS,USD
SHEN,Shenandoah Telecommunications Company,Communication Services,Diversified Telecommunication Services,United States,Small Cap,NMS,USD
SHLS,"Shoals Technologies Group, Inc.",Information Technology,"Technology Hardware, Storage & Peripherals",United States,Small Cap,NGM,USD
SHLX,"Shell Midstream Partners, L.P.",Energy,"Oil, Gas & Consumable Fuels",United States,Mid Cap,NYQ,USD
SHMP,NaturalShrimp Incorporated,Consumer Staples,Household Products,United States,Small Cap,PNK,USD
SHOO,"Steven Madden, Ltd.",Consumer Discretionary,"Textiles, Apparel & Luxury Goods",United States,Mid Cap,NMS,USD
SHW,Sherwin-Williams Company,Materials,Chemicals,United States,Large Cap,NYQ,USD
SHYF,"The Shyft Group, Inc.",Industrials,Machinery,United States,Small Cap,NMS,USD
SIFG.AS,Sif Holding N.V.,Industrials,Building Products,Netherlands,Small Cap,AMS,EUR
SIGA,"SIGA Technologies, Inc.",Health Care,Biotechnology,United States,Small Cap,NMS,USD
SILK,"Silk Road Medical, Inc",Health Care,Health Care Technology,United States,Small Cap,NMS,USD
SION,Sionna Therapeutics Inc. Common Stock,Health Care,Biotechnology,United States,Small Cap,NMS,USD
SIRI,Sirius XM Holdings Inc.,Communication Services,Media,United States,Mid Cap,NMS,USD
SITM,SiTime Corporation,Information Technology,Semiconductors & Semiconductor Equipment,United States,Large Cap,NMS,USD
SIX,Six Flags Entertainment Corporation,Consumer Discretionary,"Hotels, Restaurants & Leisure",United States,Mid Cap,NYQ,USD
SJI,"South Jersey Industries, Inc.",Utilities,Multi-Utilities,United States,Mid Cap,NYQ,USD
SJM,J.M. Smucker Company,Consumer Staples,Food & Staples Retailing,United States,Large Cap,NYQ,USD
SJW,SJW Group,Utilities,Water Utilities,United States,Small Cap,NYQ,USD
SKLZ-WT,Skillz Inc,Communication Services,Interactive Media & Services,United States,Mid Cap,NYQ,USD
SKX,"Skechers U.S.A., Inc.",Consumer Discretionary,"Textiles, Apparel & Luxury Goods",United States,Mid Cap,NYQ,USD
SKY,Skyline Champion Corporation,Industrials,Construction & Engineering,United States,Mid Cap,NYQ,USD
SKYH,Sky Harbour Group Corporation Class A Common Stock,Industrials,Aerospace & Defense,United States,Small Cap,NYQ,USD
SKYT,"SkyWater Technology, Inc.",Information Technology,Semiconductors & Semiconductor Equipment,United States,Small Cap,NMS,USD
SKYW,"SkyWest, Inc.",Industrials,Airlines,United States,Mid Cap,NMS,USD
SL2.F,Sleep Number Corporation,Consumer Discretionary,Household Durables,United States,Mid Cap,FRA,EUR
SLAB,Silicon Laboratories Inc.,Information Technology,Semiconductors & Semiconductor Equipment,United States,Mid Cap,NMS,USD
SLB,Schlumberger Limited,Energy,Energy Equipment & Services,United States,Large Cap,NYQ,USD
SLCA,"U.S. Silica Holdings, Inc.",Energy,Energy Equipment & Services,United States,Small Cap,NYQ,USD
SLDB,Solid Biosciences Inc.,Health Care,Pharmaceuticals,United States,Small Cap,NMS,USD
SLDP,Solid Power Inc. Class A Common Stock,Industrials,Electrical Equipment,United States,Small Cap,NMS,USD
SLGC,SomaLogic Inc. Class A Common Stock,Health Care,Biotechnology,United States,Small Cap,NMS,USD
SLGN,Silgan Holdings Inc.,Consumer Discretionary,Distributors,United States,Mid Cap,NMS,USD
SLIGR.AS,Sligro Food Group N.V.,Consumer Staples,Food & Staples Retailing,Netherlands,Small Cap,AMS,EUR
SLMNP,"A. Schulman, Inc.",Materials,Chemicals,United States,Large Cap,PNK,USD
SLNHP,Soluna Holdings Inc 9.0% Series A Cumulative Perpetual Preferred Stock ,Information Technology,Software,United States,Small Cap,NMS,USD
SLNO,"Soleno Therapeutics, Inc.",Health Care,Biotechnology,United States,Mid Cap,NMS,USD
SLS,"SELLAS Life Sciences Group, Inc.",Health Care,Biotechnology,United States,Small Cap,NCM,USD
SLVM,Sylvamo Corporation Common Stock,Materials,Paper & Forest Products,United States,Small Cap,NYQ,USD
SM,SM Energy Company,Energy,"Oil, Gas & Consumable Fuels",United States,Mid Cap,NYQ,USD
SMAR,SMARTSHEET INC.,Information Technology,Software,United States,Mid Cap,NYQ,USD
SMC,Summit Midstream Corporation Common Stock,Energy,"Oil, Gas & Consumable Fuels",United States,Small Cap,NYQ,USD
SMCI,"Super Micro Computer, Inc.",Information Technology,"Technology Hardware, Storage & Peripherals",United States,Large Cap,NMS,USD
SMCIP,Super Micro Computer Inc. Depositary Shares representing a 1/20th Interest in a Share of 7% Series A Mandatory Convertible Preferred Stock,Information Technology,"Technology Hardware, Storage & Peripherals",United States,Large Cap,NMS,USD
SMG,The Scotts Miracle-Gro Company,Materials,Construction Materials,United States,Mid Cap,NYQ,USD
SMLP,"Summit Midstream Partners, LP",Energy,"Oil, Gas & Consumable Fuels",United States,Small Cap,NYQ,USD
SMLR,"Semler Scientific, Inc.",Health Care,Health Care Technology,United States,Small Cap,PNK,USD
SMMT,Summit Therapeutics Inc.,Health Care,Biotechnology,United States,Large Cap,NMS,USD
SMP,"Standard Motor Products, Inc.",Consumer Discretionary,Auto Components,United States,Small Cap,NYQ,USD
SMPL,The Simply Good Foods Company,Consumer Staples,Food & Staples Retailing,United States,Small Cap,NCM,USD
SMR,NuScale Power Corporation Class A Common Stock,Industrials,Electrical Equipment,United States,Mid Cap,NYQ,USD
SMTC,Semtech Corporation,Information Technology,Semiconductors & Semiconductor Equipment,United States,Mid Cap,NMS,USD
SNA,Snap-on Incorporated,Industrials,Building Products,United States,Large Cap,NYQ,USD
SNAP,Snap Inc.,Communication Services,Diversified Telecommunication Services,United States,Mid Cap,NYQ,USD
SNCY,"Sun Country Airlines Holdings, Inc.",Industrials,Airlines,United States,Small Cap,NMS,USD
SNDA,Sonida Senior Living Inc. Common Stock,Health Care,Health Care Equipment & Supplies,United States,Small Cap,NYQ,USD
SNDK,Sandisk Corporation Common Stock,Information Technology,"Electronic Equipment, Instruments & Components",United States,Large Cap,NMS,USD
SNDKV,Sandisk Corporation Common Stock When-Issued,Information Technology,"Electronic Equipment, Instruments & Components",United States,Mid Cap,NMS,USD
SNDR,"Schneider National, Inc.",Industrials,Transportation Infrastructure,United States,Mid Cap,NYQ,USD
SNDX,Syndax Pharmaceuticals Inc,Health Care,Biotechnology,United States,Small Cap,NMS,USD
SNOW,"Snowflake, Inc.",Information Technology,Software,United States,Large Cap,NYQ,USD
SNPO,Snap One Holdings Corp. Common Stock,Consumer Discretionary,,United States,Small Cap,NMS,USD
SNPS,"Synopsys, Inc.",Information Technology,Software,United States,Large Cap,NMS,USD
SNX,TD SYNNEX Corporation,Information Technology,IT Services,United States,Large Cap,NYQ,USD
SO,The Southern Company,Utilities,Electric Utilities,United States,Large Cap,NYQ,USD
SOI,"Solaris Oilfield Infrastructure, Inc.",Energy,Energy Equipment & Services,United States,Small Cap,NYQ,USD
SOLSV,Solstice Advanced Materials Inc. Common Stock When Issued,Industrials,Aerospace & Defense,United States,Mid Cap,NMS,USD
SOLV,Solventum Corporation Common Stock,Health Care,Health Care Technology,United States,Large Cap,NYQ,USD
SOLY,"Soliton, Inc.",Health Care,Health Care Technology,United States,Small Cap,NCM,USD
SON,Sonoco Products Company,Consumer Discretionary,Distributors,United States,Mid Cap,NYQ,USD
SONO,"Sonos, Inc.",Information Technology,"Electronic Equipment, Instruments & Components",United States,Small Cap,NMS,USD
SOT.DE,Southern Company,Utilities,,United States,Large Cap,GER,EUR
SOUN,SoundHound AI Inc Class A Common Stock,Information Technology,Software,United States,Mid Cap,NMS,USD
SOVO,Sovos Brands Inc. Common Stock,Consumer Staples,Food & Staples Retailing,United States,Mid Cap,NMS,USD
SP,SP Plus Corporation,Industrials,Professional Services,United States,Small Cap,NMS,USD
SPB,"Spectrum Brands Holdings, Inc.",Consumer Staples,Household Products,United States,Small Cap,NYQ,USD
SPCE.MX,"Virgin Galactic Holdings, Inc.",Industrials,Aerospace & Defense,United States,Mid Cap,MEX,MXN
SPH,"Suburban Propane Partners, L.P.",Utilities,Gas Utilities,United States,Small Cap,NYQ,USD
SPHR,Sphere Entertainment Co.,Consumer Discretionary,,United States,Mid Cap,NYQ,USD
SPKE,"Spark Energy, Inc.",Utilities,Electric Utilities,United States,Small Cap,NMS,USD
SPLK,Splunk Inc.,Information Technology,Software,United States,Large Cap,NMS,USD
SPLP,Steel Partners Holdings L.P.,Industrials,Industrial Conglomerates,United States,Small Cap,NYQ,USD
SPNE,SeaSpine Holdings Corporation,Health Care,Health Care Technology,United States,Small Cap,NMS,USD
SPR,"Spirit AeroSystems Holdings, Inc.",Industrials,Aerospace & Defense,United States,Mid Cap,NYQ,USD
SPRY,ARS Pharmaceuticals Inc. Common Stock,Health Care,Biotechnology,United States,Small Cap,NMS,USD
SPSC,"SPS Commerce, Inc.",Information Technology,Software,United States,Mid Cap,NMS,USD
SPT,"Sprout Social, Inc.",Information Technology,Software,United States,Small Cap,NMS,USD
SPTN,SpartanNash Company,Consumer Staples,Food & Staples Retailing,United States,Small Cap,NMS,USD
SPXC,SPX Corporation,Industrials,Machinery,United States,Large Cap,NYQ,USD
SQ,"Square, Inc.",Information Technology,Software,United States,Large Cap,NYQ,USD
SQSP,"Squarespace, Inc.",Information Technology,Software,United States,Mid Cap,NYQ,USD
SR,Spire Inc.,Utilities,Gas Utilities,United States,Mid Cap,NYQ,USD
SRCL,"Stericycle, Inc.",Industrials,Transportation Infrastructure,United States,Mid Cap,NMS,USD
SRDX,"Surmodics, Inc.",Health Care,Health Care Technology,United States,Small Cap,NMS,USD
SRE,Sempra Energy,Utilities,Multi-Utilities,United States,Large Cap,NYQ,USD
SRLP,Sprague Resources LP,Energy,"Oil, Gas & Consumable Fuels",United States,Small Cap,NYQ,USD
SRNE,"Sorrento Therapeutics, Inc.",Health Care,Biotechnology,United States,Small Cap,NMS,USD
SRPT,"Sarepta Therapeutics, Inc.",Health Care,Biotechnology,United States,Small Cap,NMS,USD
SRRK,Scholar Rock Holding Corporation,Health Care,Biotechnology,United States,Mid Cap,NMS,USD
SSD,"Simpson Manufacturing Co., Inc.",Industrials,Building Products,United States,Mid Cap,NYQ,USD
SSP,E. W. Scripps Company Class A,Communication Services,Media,United States,Small Cap,NMS,USD
SSTK,"Shutterstock, Inc.",Communication Services,Diversified Telecommunication Services,United States,Small Cap,NYQ,USD
SSYS,Stratasys Ltd.,Information Technology,"Technology Hardware, Storage & Peripherals",United States,Small Cap,NMS,USD
ST,Sensata Technologies Holding plc,Information Technology,"Electronic Equipment, Instruments & Components",United States,Mid Cap,NYQ,USD
STAA,STAAR Surgical Company,Health Care,Health Care Equipment & Supplies,United States,Small Cap,NGM,USD
STAY,"Extended Stay America, Inc.",Consumer Discretionary,"Hotels, Restaurants & Leisure",United States,Mid Cap,NMS,USD
STER,Sterling Check Corp. Common Stock,Information Technology,Software,United States,Small Cap,NMS,USD
STLA,Stellantis N.V.,Consumer Discretionary,Automobiles,Netherlands,Large Cap,NYQ,USD
STLD,"Steel Dynamics, Inc.",Materials,Metals & Mining,United States,Large Cap,NMS,USD
STMP,Stamps.com Inc.,Information Technology,Software,United States,Mid Cap,NMS,USD
STOK,"Stoke Therapeutics, Inc.",Health Care,Biotechnology,United States,Mid Cap,NMS,USD
STR,Sitio Royalties Corp. Class A Common Stock,Energy,"Oil, Gas & Consumable Fuels",United States,Mid Cap,ASE,USD
STRA,"Strategic Education, Inc.",Consumer Staples,Household Products,United States,Small Cap,NMS,USD
STRC,Sarcos Technology and Robotics Corporation Common Stock,Industrials,Building Products,United States,Large Cap,NMS,USD
STRD,MicroStrategy Incorporated 10.00% Series A Perpetual Stride Preferred Stock,Information Technology,Software,United States,Large Cap,NMS,USD
STRK,MicroStrategy Incorporated 8.00% Series A Perpetual Strike Preferred Stock,Information Technology,Software,United States,Large Cap,NMS,USD
STRL,"Sterling Construction Company, Inc.",Industrials,Construction & Engineering,United States,Large Cap,NMS,USD
STRO,"Sutro Biopharma, Inc.",Health Care,Biotechnology,United States,Small Cap,NGM,USD
STRT,Strattec Security Corporation,Consumer Discretionary,Auto Components,United States,Small Cap,NGM,USD
STUB,StubHub Holdings Inc. Class A Common Stock,Consumer Discretionary,"Hotels, Restaurants & Leisure",United States,Mid Cap,NYQ,USD
STZ,"Constellation Brands, Inc.",Consumer Staples,Beverages,United States,Large Cap,NYQ,USD
SU5.F,"Perry Ellis International, Inc.",Consumer Discretionary,,United States,Small Cap,FRA,EUR
SUIC,Sino United Worldwide Consolidated Ltd.,Information Technology,IT Services,United States,Small Cap,PNK,USD
SUJA,Suja Life Inc. Class A Common Stock,Consumer Staples,Beverages,United States,Small Cap,NMS,USD
SUM,"Summit Materials, Inc.",Materials,Construction Materials,United States,Mid Cap,NYQ,USD
SUMO,"SUMO LOGIC, INC.",Information Technology,Software,United States,Small Cap,NMS,USD
SUN,Sunoco LP,Energy,"Oil, Gas & Consumable Fuels",United States,Large Cap,NYQ,USD
SUNB,Sunbelt Rentals Holdings Inc. Common Stock,Industrials,Professional Services,United States,Large Cap,NYQ,USD
SUNC,"Suncast Solar Energy, Inc.",Industrials,Transportation Infrastructure,United States,Mid Cap,PNK,USD
SUPN,"Supernus Pharmaceuticals, Inc.",Health Care,Pharmaceuticals,United States,Mid Cap,NGM,USD
SVMK,SVMK Inc.,Information Technology,Software,United States,Mid Cap,NMS,USD
SVRA,Savara Inc.,Health Care,Biotechnology,United States,Small Cap,NMS,USD
SVV,Savers Value Village Inc. Common Stock,Consumer Discretionary,Automobiles,United States,Small Cap,NYQ,USD
SWAV,"SHOCKWAVE MEDICAL, INC.",Health Care,Health Care Technology,United States,Large Cap,NMS,USD
SWBI,"Smith & Wesson Brands, Inc.",Industrials,Aerospace & Defense,United States,Small Cap,NMS,USD
SWCH,"Switch, Inc.",Information Technology,IT Services,United States,Mid Cap,NYQ,USD
SWI,SolarWinds Corporation,Information Technology,Software,United States,Mid Cap,NYQ,USD
SWIM,"Latham Group, Inc.",Industrials,Building Products,United States,Small Cap,NMS,USD
SWK,"Stanley Black & Decker, Inc.",Industrials,Building Products,United States,Large Cap,NYQ,USD
SWKS,"Skyworks Solutions, Inc.",Information Technology,Semiconductors & Semiconductor Equipment,United States,Mid Cap,NMS,USD
SWM,"Schweitzer-Mauduit International, Inc.",Materials,Paper & Forest Products,United States,Small Cap,NYQ,USD
SWMR,Swarmer Inc Common Stock,Information Technology,Software,United States,Small Cap,NMS,USD
SWN,Southwestern Energy Company,Energy,"Oil, Gas & Consumable Fuels",United States,Mid Cap,NYQ,USD
SWTX,"SpringWorks Therapeutics, Inc.",Health Care,Biotechnology,United States,Mid Cap,NMS,USD
SWX,"Southwest Gas Holdings, Inc.",Utilities,Gas Utilities,United States,Mid Cap,NYQ,USD
SXC,"SunCoke Energy, Inc.",Materials,Metals & Mining,United States,Small Cap,NYQ,USD
SXI,Standex International Corporation,Industrials,Machinery,United States,Mid Cap,NYQ,USD
SXT,Sensient Technologies Corporation,Materials,Chemicals,United States,Mid Cap,NYQ,USD
SYK,Stryker Corporation,Health Care,Health Care Technology,United States,Large Cap,NYQ,USD
SYKE,"Sykes Enterprises, Incorporated",Information Technology,IT Services,United States,Small Cap,NMS,USD
SYNA,Synaptics Incorporated,Information Technology,Semiconductors & Semiconductor Equipment,United States,Mid Cap,NMS,USD
SYNH,"Syneos Health, Inc.",Health Care,Biotechnology,United States,Mid Cap,NMS,USD
SYRE,Spyre Therapeutics Inc. Common Stock,Health Care,Biotechnology,United States,Mid Cap,NMS,USD
SYRSW,"Syros Pharmaceuticals, Inc.",Health Care,Biotechnology,United States,Small Cap,PNK,USD
SYV.F,3D Systems Corporation,Information Technology,"Technology Hardware, Storage & Peripherals",United States,Mid Cap,FRA,EUR
SYX,Systemax Inc.,Industrials,Trading Companies & Distributors,United States,Small Cap,NYQ,USD
SYY,Sysco Corporation,Consumer Staples,Food & Staples Retailing,United States,Large Cap,NYQ,USD
T,AT&T Inc.,Communication Services,Diversified Telecommunication Services,United States,Large Cap,NYQ,USD
TA,TravelCenters of America Inc.,Consumer Discretionary,Specialty Retail,United States,Small Cap,NMS,USD
TACO,"Del Taco Restaurants, Inc.",Consumer Discretionary,"Hotels, Restaurants & Leisure",United States,Small Cap,NCM,USD
TALK,Talkspace Inc. Common Stock,Health Care,Health Care Providers & Services,United States,Small Cap,NMS,USD
TALO,Talos Energy Inc.,Energy,"Oil, Gas & Consumable Fuels",United States,Mid Cap,NYQ,USD
TAP,Molson Coors Beverage Company,Consumer Staples,Beverages,United States,Mid Cap,NYQ,USD
TARA,"Protara Therapeutics, Inc.",Health Care,Biotechnology,United States,Small Cap,NGM,USD
TARS,"Tarsus Pharmaceuticals, Inc.",Health Care,Biotechnology,United States,Mid Cap,NMS,USD
TASK,TaskUs Inc. Class A Common Stock,Information Technology,Software,United States,Small Cap,NMS,USD
TAST,"Carrols Restaurant Group, Inc.",Consumer Discretionary,"Hotels, Restaurants & Leisure",United States,Small Cap,NMS,USD
TCMD,"Tactile Systems Technology, Inc.",Health Care,Health Care Technology,United States,Small Cap,NMS,USD
TCNNF,Trulieve Cannabis Corp.,Health Care,Pharmaceuticals,United States,Mid Cap,PNK,USD
TDAY,USA TODAY Co. Inc. Common Stock,Communication Services,Diversified Telecommunication Services,United States,Small Cap,NYQ,USD
TDC,Teradata Corporation,Information Technology,IT Services,United States,Mid Cap,NYQ,USD
TDCX,TDCX Inc. American Depositary Shares each representing one Class A ordinary share,Information Technology,Software,United States,Small Cap,ASE,USD
TDG,TransDigm Group Incorporated,Industrials,Aerospace & Defense,United States,Large Cap,NYQ,USD
TDOC,"Teladoc Health, Inc.",Health Care,Health Care Providers & Services,United States,Small Cap,NYQ,USD
TDUP,ThredUp Inc.,Consumer Discretionary,Internet & Direct Marketing Retail,United States,Small Cap,NMS,USD
TDW,Tidewater Inc.,Energy,Energy Equipment & Services,United States,Mid Cap,NYQ,USD
TDY,Teledyne Technologies Incorporated,Information Technology,"Electronic Equipment, Instruments & Components",United States,Large Cap,NYQ,USD
TECH,Bio-Techne Corporation,Health Care,Biotechnology,United States,Mid Cap,NMS,USD
TECX,Tectonic Therapeutic Inc. Common Stock,Health Care,,United States,Small Cap,NMS,USD
TELL,Tellurian Inc.,Energy,"Oil, Gas & Consumable Fuels",United States,Small Cap,NMS,USD
TELZ,Tellurian Inc. 8.25% Senior Notes due 2028,Energy,"Oil, Gas & Consumable Fuels",United States,Large Cap,ASE,USD
TEM,Tempus AI Inc. Class A Common Stock,Communication Services,Diversified Telecommunication Services,United States,Mid Cap,NMS,USD
TEN,Tenneco Inc.,Consumer Discretionary,Auto Components,United States,Small Cap,NYQ,USD
TENB,"Enable Holdings, Inc.",Consumer Discretionary,Internet & Direct Marketing Retail,United States,Mid Cap,NMS,USD
TER,"Teradyne, Inc.",Information Technology,Semiconductors & Semiconductor Equipment,United States,Large Cap,NMS,USD
TERN,"Terns Pharmaceuticals, Inc.",Health Care,Biotechnology,United States,Mid Cap,NMS,USD
TEX,Terex Corporation,Industrials,Machinery,United States,Mid Cap,NYQ,USD
TFAN,TradeFan Inc.,Consumer Discretionary,"Textiles, Apparel & Luxury Goods",United States,Small Cap,PNK,USD
TFX,Teleflex Incorporated,Health Care,Health Care Equipment & Supplies,United States,Mid Cap,NYQ,USD
TG,Tredegar Corporation,Materials,Chemicals,United States,Small Cap,NYQ,USD
TGAN,"Transphorm, Inc.",Information Technology,Semiconductors & Semiconductor Equipment,United States,Small Cap,PNK,USD
TGI,"Triumph Group, Inc.",Industrials,Aerospace & Defense,United States,Mid Cap,NYQ,USD
TGNA,TEGNA Inc.,Communication Services,Media,United States,Mid Cap,NYQ,USD
TGT,Target Corporation,Consumer Staples,Household Products,United States,Large Cap,NYQ,USD
TGTX,"TG Therapeutics, Inc.",Health Care,Biotechnology,United States,Mid Cap,NCM,USD
TH,Target Hospitality Corp.,Energy,Energy Equipment & Services,United States,Small Cap,NCM,USD
TH1.F,"TTEC Holdings, Inc.",Information Technology,IT Services,United States,Mid Cap,FRA,EUR
THC,Tenet Healthcare Corporation,Health Care,Health Care Equipment & Supplies,United States,Large Cap,NYQ,USD
THO,"Thor Industries, Inc.",Consumer Discretionary,Automobiles,United States,Mid Cap,NYQ,USD
THR,"Thermon Group Holdings, Inc.",Industrials,Machinery,United States,Small Cap,NYQ,USD
THRM,Gentherm Incorporated,Consumer Discretionary,Auto Components,United States,Small Cap,NMS,USD
THRN,Thorne Healthtech Inc. Common Stock,Consumer Staples,Food & Staples Retailing,United States,Small Cap,NMS,USD
THS,"TreeHouse Foods, Inc.",Consumer Staples,Food & Staples Retailing,United States,Small Cap,NYQ,USD
TILE,"Interface, Inc.",Consumer Discretionary,Household Durables,United States,Small Cap,NMS,USD
TITN,Titan Machinery Inc.,Industrials,Trading Companies & Distributors,United States,Small Cap,NMS,USD
TJ9.F,"Cutera, Inc.",Health Care,Health Care Technology,United States,Small Cap,FRA,EUR
TJX,TJX Companies Inc,Consumer Discretionary,"Textiles, Apparel & Luxury Goods",United States,Large Cap,NYQ,USD
TKO,TKO Group Holdings Inc. Class A Common Stock,Communication Services,,United States,Large Cap,NYQ,USD
TKR,Timken Company,Industrials,Building Products,United States,Mid Cap,NYQ,USD
TKWY.AS,Just Eat Takeaway.com N.V.,Consumer Discretionary,Internet & Direct Marketing Retail,Netherlands,Large Cap,AMS,EUR
TLFP.F,DZS Inc.,Information Technology,Communications Equipment,United States,Small Cap,FRA,EUR
TLMD,"SOC Telemed, Inc.",Health Care,Health Care Equipment & Supplies,United States,Small Cap,NMS,USD
TLN,Talen Energy Corporation Common Stock,Utilities,Electric Utilities,United States,Large Cap,NMS,USD
TMDX,"TransMedics Group, Inc.",Health Care,Health Care Technology,United States,Mid Cap,NMS,USD
TMHC,Taylor Morrison Home Corporation,Industrials,Construction & Engineering,United States,Mid Cap,NYQ,USD
TMO,Thermo Fisher Scientific Inc.,Health Care,Biotechnology,United States,Large Cap,NYQ,USD
TMST,TimkenSteel Corporation,Materials,Metals & Mining,United States,Small Cap,NYQ,USD
TMUS,"T-Mobile US, Inc.",Communication Services,Diversified Telecommunication Services,United States,Mega Cap,NMS,USD
TMX,"Terminix Global Holdings, Inc.",Consumer Discretionary,"Hotels, Restaurants & Leisure",United States,Mid Cap,NYQ,USD
TNC,Tennant Company,Industrials,Machinery,United States,Small Cap,NYQ,USD
TNDM,"Tandem Diabetes Care, Inc.",Health Care,Health Care Technology,United States,Small Cap,NMS,USD
TNET,"TriNet Group, Inc.",Industrials,Professional Services,United States,Small Cap,NYQ,USD
TNGX,Tango Therapeutics Inc.,Health Care,Biotechnology,United States,Small Cap,NMS,USD
TNL,Travel + Leisure Co.,Consumer Discretionary,"Hotels, Restaurants & Leisure",United States,Mid Cap,NYQ,USD
TOGL,Toga Limited,Information Technology,Software,United States,Small Cap,PNK,USD
TOL,"Toll Brothers, Inc.",Industrials,Construction & Engineering,United States,Large Cap,NYQ,USD
TOM2.AS,TomTom N.V.,Information Technology,Software,Netherlands,Small Cap,AMS,EUR
TOST,Toast Inc. Class A Common Stock,Information Technology,Software,United States,Large Cap,NYQ,USD
TPB,Turning Point Brands Inc,Consumer Staples,Tobacco,United States,Mid Cap,NYQ,USD
TPC,Tutor Perini Corporation,Industrials,Construction & Engineering,United States,Mid Cap,NYQ,USD
TPCO,Tribune Publishing Company,Communication Services,Diversified Telecommunication Services,United States,Small Cap,NGM,USD
TPH,"Tri Pointe Homes, Inc.",Industrials,Construction & Engineering,United States,Mid Cap,NYQ,USD
TPL,Texas Pacific Land Corporation,Energy,"Oil, Gas & Consumable Fuels",United States,Large Cap,NYQ,USD
TPR,"Tapestry, Inc.",Consumer Discretionary,"Textiles, Apparel & Luxury Goods",United States,Large Cap,NYQ,USD
TPTX,"Turning Point Therapeutics, Inc.",Health Care,Biotechnology,United States,Mid Cap,NMS,USD
TPX,"Tempur Sealy International, Inc.",Consumer Discretionary,Household Durables,United States,Large Cap,NYQ,USD
TR,"Tootsie Roll Industries, Inc.",Consumer Staples,Food & Staples Retailing,United States,Mid Cap,NYQ,USD
TR5.F,Trinseo S.A.,Materials,Chemicals,United States,Mid Cap,FRA,EUR
TRAX,First Tracks Biotherapeutics Inc. Ordinary Shares ,Health Care,Biotechnology,United States,Small Cap,NMS,USD
TRAXV,First Tracks Biotherapeutics Inc. Ordinary Shares When-Issued,Health Care,Biotechnology,United States,Small Cap,NMS,USD
TRC,Tejon Ranch Co.,Industrials,Industrial Conglomerates,United States,Small Cap,NYQ,USD
TRDA,Entrada Therapeutics Inc. Common Stock,Health Care,Biotechnology,United States,Small Cap,NMS,USD
TREX,"Trex Company, Inc.",Industrials,Building Products,United States,Mid Cap,NYQ,USD
TRGP,Targa Resources Corp.,Energy,"Oil, Gas & Consumable Fuels",United States,Large Cap,NYQ,USD
TRIP,"TripAdvisor, Inc.",Consumer Discretionary,"Hotels, Restaurants & Leisure",United States,Small Cap,NMS,USD
TRMB,Trimble Inc.,Information Technology,"Electronic Equipment, Instruments & Components",United States,Large Cap,NMS,USD
TRML,Tourmaline Bio Inc. Common Stock,Health Care,,United States,Small Cap,NMS,USD
TRN,"Trinity Industries, Inc.",Industrials,Road & Rail,United States,Mid Cap,NYQ,USD
TRNS,"Transcat, Inc.",Industrials,Trading Companies & Distributors,United States,Small Cap,NGM,USD
TROX,Tronox Holdings plc,Materials,Chemicals,United States,Small Cap,NYQ,USD
TRS,TriMas Corporation,Industrials,Machinery,United States,Small Cap,NMS,USD
TRTK,TORtec Group Corporation,Industrials,Transportation Infrastructure,United States,Small Cap,PNK,USD
TRU,TransUnion,Industrials,Professional Services,United States,Large Cap,NYQ,USD
TRVI,"Trevi Therapeutics, Inc.",Health Care,Biotechnology,United States,Small Cap,NMS,USD
TSCO,Tractor Supply Company,Consumer Discretionary,Specialty Retail,United States,Large Cap,NMS,USD
TSHA,"Taysha Gene Therapies, Inc.",Health Care,Biotechnology,United States,Small Cap,NMS,USD
TSLA,"Tesla, Inc.",Consumer Discretionary,Automobiles,United States,Mega Cap,NMS,USD
TSN,"Tyson Foods, Inc. Class A",Consumer Staples,Household Products,United States,Large Cap,NYQ,USD
TTAN,ServiceTitan Inc. Class A Common Stock,Information Technology,Software,United States,Mid Cap,NMS,USD
TTC,The Toro Company,Industrials,Building Products,United States,Mid Cap,NYQ,USD
TTD,"The Trade Desk, Inc.",Information Technology,Software,United States,Large Cap,NGM,USD
TTEK,"Tetra Tech, Inc.",Industrials,Construction & Engineering,United States,Mid Cap,NMS,USD
TTI,"TETRA Technologies, Inc.",Energy,Energy Equipment & Services,United States,Small Cap,NYQ,USD
TTMI,"TTM Technologies, Inc.",Information Technology,"Electronic Equipment, Instruments & Components",United States,Large Cap,NMS,USD
TUP.F,Tupperware Brands Corporation,Consumer Discretionary,Distributors,United States,Small Cap,FRA,EUR
TVTX,"Travere Therapeutics, Inc.",Health Care,Biotechnology,United States,Mid Cap,NGM,USD
TVTY,"Tivity Health, Inc.",Health Care,Health Care Equipment & Supplies,United States,Small Cap,NMS,USD
TWEKA.AS,TKH Group N.V.,Information Technology,Communications Equipment,Netherlands,Mid Cap,AMS,EUR
TWI,"Titan International, Inc.",Industrials,Machinery,United States,Small Cap,NYQ,USD
TWKS,Thoughtworks Holding Inc. Common Stock,Information Technology,Software,United States,Small Cap,NMS,USD
TWLO,Twilio Inc.,Communication Services,Diversified Telecommunication Services,United States,Large Cap,NYQ,USD
TWNK,"Hostess Brands, Inc.",Consumer Staples,Food & Staples Retailing,United States,Mid Cap,NMS,USD
TWST,Twist Bioscience Corp.,Health Care,Biotechnology,United States,Mid Cap,NMS,USD
TWTR,"TWITTER, INC.",Communication Services,Diversified Telecommunication Services,United States,Large Cap,NYQ,USD
TXG,"10x Genomics, Inc.",Health Care,Health Care Providers & Services,United States,Mid Cap,NMS,USD
TXN,Texas Instruments Incorporated,Information Technology,Semiconductors & Semiconductor Equipment,United States,Large Cap,NMS,USD
TXNM,TXNM Energy Inc. Common Stock,Utilities,Electric Utilities,United States,Mid Cap,NYQ,USD
TXO,TXO Energy Partners L.P. Common Units Representing Limited Partner Interests,Energy,"Oil, Gas & Consumable Fuels",United States,Small Cap,NYQ,USD
TXRH,"Texas Roadhouse, Inc.",Consumer Discretionary,"Hotels, Restaurants & Leisure",United States,Large Cap,NMS,USD
TXT,Textron Inc.,Industrials,Aerospace & Defense,United States,Large Cap,NYQ,USD
TYL,"Tyler Technologies, Inc.",Information Technology,Software,United States,Large Cap,NYQ,USD
TYRA,Tyra Biosciences Inc. Common Stock,Health Care,Biotechnology,United States,Small Cap,NMS,USD
U,Unity Software Inc.,Information Technology,Software,United States,Mid Cap,NYQ,USD
UA,"Under Armour, Inc. Class A",Consumer Discretionary,"Textiles, Apparel & Luxury Goods",United States,Mid Cap,NYQ,USD
UAL,"United Airlines Holdings, Inc.",Industrials,Airlines,United States,Large Cap,NMS,USD
UAMY,United States Antimony Corporation,Materials,Metals & Mining,United States,Small Cap,NYQ,USD
UAN,"CVR Partners, LP",Materials,Construction Materials,United States,Small Cap,NYQ,USD
UBER,"Uber Technologies, Inc.",Information Technology,Software,United States,Large Cap,NYQ,USD
UCTT,"Ultra Clean Holdings, Inc.",Information Technology,Semiconductors & Semiconductor Equipment,United States,Mid Cap,NMS,USD
UDMY,Udemy Inc. Common Stock,Information Technology,,United States,Small Cap,NMS,USD
UE1.F,Universal Electronics Inc.,Information Technology,"Electronic Equipment, Instruments & Components",United States,Small Cap,FRA,EUR
UEC,Uranium Energy Corp.,Materials,Metals & Mining,United States,Mid Cap,ASE,USD
UELMO,Union Electric Company,Utilities,Electric Utilities,United States,Large Cap,PNK,USD
UFPI,"UFP Industries, Inc.",Materials,Paper & Forest Products,United States,Mid Cap,NMS,USD
UFPT,"UFP Technologies, Inc.",Consumer Discretionary,Distributors,United States,Small Cap,NMS,USD
UFS,Domtar Corporation,Materials,Paper & Forest Products,United States,Mid Cap,NYQ,USD
UGI,UGI Corporation,Utilities,Gas Utilities,United States,Mid Cap,NYQ,USD
UHAL,AMERCO,Industrials,Commercial Services & Supplies,United States,Mid Cap,NMS,USD
UHS,"Universal Health Services, Inc. Class B",Health Care,Health Care Equipment & Supplies,United States,Large Cap,NYQ,USD
UI,Ubiquiti Inc.,Information Technology,Communications Equipment,United States,Large Cap,NYQ,USD
ULCC,"Frontier Group Holdings, Inc.",Industrials,Airlines,United States,Small Cap,NMS,USD
ULH,"Universal Logistics Holdings, Inc.",Industrials,Transportation Infrastructure,United States,Small Cap,NMS,USD
ULS,UL Solutions Inc.,Industrials,,United States,Large Cap,NYQ,USD
ULTA,Ulta Beauty Inc.,Consumer Discretionary,Specialty Retail,United States,Large Cap,NMS,USD
UMAC,Unusual Machines Inc.,Industrials,,United States,Small Cap,ASE,USD
UMLGF,United Malt Group Limited,Consumer Staples,Beverages,United States,Small Cap,PNK,USD
UNF,UniFirst Corporation,Industrials,Professional Services,United States,Mid Cap,NYQ,USD
UNFI,"United Natural Foods, Inc.",Consumer Staples,Food & Staples Retailing,United States,Mid Cap,NYQ,USD
UNH,UnitedHealth Group Incorporated,Health Care,Health Care Providers & Services,United States,Mega Cap,NYQ,USD
UNP,Union Pacific Corporation,Industrials,Road & Rail,United States,Large Cap,NYQ,USD
UNVR,Univar Solutions Inc.,Materials,Chemicals,United States,Mid Cap,NYQ,USD
UPB,Upstream Bio Inc. Common Stock,Health Care,,United States,Small Cap,NMS,USD
UPBD,Upbound Group Inc. Common Stock,Information Technology,Software,United States,Small Cap,NMS,USD
UPS,"United Parcel Service, Inc.",Industrials,Air Freight & Logistics,United States,Large Cap,NYQ,USD
UPWK,Upwork Inc.,Industrials,Professional Services,United States,Small Cap,NMS,USD
URBN,"Urban Outfitters, Inc.",Consumer Discretionary,"Textiles, Apparel & Luxury Goods",United States,Mid Cap,NMS,USD
URG,Ur-Energy Inc.,Materials,Metals & Mining,United States,Small Cap,ASE,USD
URGN,UroGen Pharma Ltd.,Health Care,Biotechnology,United States,Small Cap,NGM,USD
URI,"United Rentals, Inc.",Industrials,Commercial Services & Supplies,United States,Large Cap,NYQ,USD
USAC,"USA Compression Partners, LP",Energy,Energy Equipment & Services,United States,Mid Cap,NYQ,USD
USAP,"Universal Stainless & Alloy Products, Inc.",Materials,Metals & Mining,United States,Small Cap,NMS,USD
USAR,USA Rare Earth Inc. Class A Common Stock,Materials,Metals & Mining,United States,Mid Cap,NMS,USD
USAU,U.S. Gold Corp.,Materials,Metals & Mining,United States,Small Cap,NCM,USD
USCR,"U.S. Concrete, Inc.",Materials,Construction Materials,United States,Small Cap,NMS,USD
USFD,US Foods Holding Corp.,Consumer Staples,Food & Staples Retailing,United States,Large Cap,NYQ,USD
USLM,"United States Lime & Minerals, Inc.",Materials,Construction Materials,United States,Mid Cap,NMS,USD
USM,United States Cellular Corporat,Communication Services,Diversified Telecommunication Services,United States,Mid Cap,NYQ,USD
USNA,"USANA Health Sciences, Inc.",Consumer Staples,Household Products,United States,Small Cap,NYQ,USD
USPH,"U.S. Physical Therapy, Inc.",Health Care,Health Care Equipment & Supplies,United States,Small Cap,NYQ,USD
USX,"U.S. Xpress Enterprises, Inc.",Industrials,Transportation Infrastructure,United States,Small Cap,NYQ,USD
USY.L,Unisys Corporation,Information Technology,IT Services,United States,Small Cap,LSE,USD
UTHR,United Therapeutics Corporation,Health Care,Biotechnology,United States,Large Cap,NMS,USD
UTI,"Universal Technical Institute, Inc.",Consumer Staples,Household Products,United States,Small Cap,NYQ,USD
UTL,Unitil Corporation,Utilities,Multi-Utilities,United States,Small Cap,NYQ,USD
UTZ,"Utz Brands, Inc.",Consumer Staples,Food & Staples Retailing,United States,Small Cap,NYQ,USD
UUUU,Energy Fuels Inc,Materials,Metals & Mining,United States,Mid Cap,ASE,USD
UVV,Universal Corporation,Consumer Staples,Tobacco,United States,Small Cap,NYQ,USD
UZF,United States Cellular Corporation 5.500% Senior Notes due 2070,Communication Services,Diversified Telecommunication Services,United States,Small Cap,NYQ,USD
VA21.F,"Vapotherm, Inc.",Health Care,Health Care Technology,United States,Small Cap,FRA,EUR
VAC,Marriott Vacations Worldwide Corporation,Consumer Discretionary,"Hotels, Restaurants & Leisure",United States,Mid Cap,NYQ,USD
VC,Visteon Corporation,Consumer Discretionary,Auto Components,United States,Mid Cap,NMS,USD
VCEL,Vericel Corporation,Health Care,Biotechnology,United States,Small Cap,NCM,USD
VCRA,"Vocera Communications, Inc.",Information Technology,Communications Equipment,United States,Small Cap,NYQ,USD
VCYT,"Veracyte, Inc.",Health Care,Biotechnology,United States,Mid Cap,NMS,USD
VEC,"Vectrus, Inc.",Industrials,Aerospace & Defense,United States,Small Cap,NYQ,USD
VECO,Veeco Instruments Inc.,Information Technology,Semiconductors & Semiconductor Equipment,United States,Small Cap,NMS,USD
VEEV,Veeva Systems Inc Class A,Health Care,Health Care Providers & Services,United States,Large Cap,NYQ,USD
VEI,Vine Energy Inc.,Energy,"Oil, Gas & Consumable Fuels",United States,Small Cap,NYQ,USD
VEON.AS,VEON Ltd.,Communication Services,Diversified Telecommunication Services,Netherlands,Mid Cap,AMS,EUR
VERA,"Vera Therapeutics, Inc.",Health Care,,United States,Mid Cap,NMS,USD
VERV,Verve Therapeutics Inc. Common Stock,Health Care,Biotechnology,United States,Small Cap,NMS,USD
VERX,"Vertex, Inc.",Information Technology,Software,United States,Mid Cap,NGM,USD
VFC,V.F. Corporation,Consumer Discretionary,"Textiles, Apparel & Luxury Goods",United States,Mid Cap,NYQ,USD
VG,Vonage Holdings Corp.,Communication Services,Diversified Telecommunication Services,United States,Large Cap,NMS,USD
VGR,Vector Group Ltd.,Consumer Staples,Tobacco,United States,Mid Cap,NYQ,USD
VGZ,Vista Gold Corp.,Materials,Metals & Mining,United States,Small Cap,ASE,USD
VHI,"Valhi, Inc.",Materials,Chemicals,United States,Small Cap,NYQ,USD
VIA,Via Renewables Inc. Class A Common Stock,Utilities,Electric Utilities,United States,Small Cap,NMS,USD
VIAC,ViacomCBS Inc.,Communication Services,Entertainment,United States,Large Cap,NMS,USD
VIAV,Viavi Solutions Inc,Information Technology,Communications Equipment,United States,Mid Cap,NMS,USD
VICR,Vicor Corporation,Information Technology,"Electronic Equipment, Instruments & Components",United States,Mid Cap,NMS,USD
VIGL,Vigil Neuroscience Inc. Common Stock,Health Care,Biotechnology,United States,Small Cap,NMS,USD
VIR,"Vir Biotechnology, Inc.",Health Care,Biotechnology,United States,Small Cap,NMS,USD
VISN,Vistance Networks Inc. Common Stock,Information Technology,Communications Equipment,United States,Mid Cap,NMS,USD
VITL,"Vital Farms, Inc.",Consumer Staples,Household Products,United States,Small Cap,NGM,USD
VIVO,"Meridian Bioscience, Inc.",Health Care,Biotechnology,United States,Small Cap,NMS,USD
VKTX,"Viking Therapeutics, Inc.",Health Care,Biotechnology,United States,Mid Cap,NCM,USD
VLDR,"Velodyne Lidar, Inc.",Information Technology,"Electronic Equipment, Instruments & Components",United States,Mid Cap,NMS,USD
VLGEA,"Village Super Market, Inc.",Consumer Staples,Food & Staples Retailing,United States,Small Cap,NMS,USD
VLO,Valero Energy Corporation,Energy,"Oil, Gas & Consumable Fuels",United States,Large Cap,NYQ,USD
VLTO,Veralto Corp Common Stock ,Industrials,,United States,Large Cap,NYQ,USD
VMC,Vulcan Materials Company,Materials,Construction Materials,United States,Large Cap,NYQ,USD
VMD,"Viemed Healthcare, Inc.",Health Care,Health Care Technology,United States,Small Cap,NMS,USD
VMEO,Vimeo Inc. Common Stock,Information Technology,Software,United States,Small Cap,NMS,USD
VMI,"Valmont Industries, Inc.",Industrials,Building Products,United States,Mid Cap,NYQ,USD
VMW,VMWARE LLC,Information Technology,Software,United States,Large Cap,NYQ,USD
VN2.F,VirnetX Holding Corp,Information Technology,Software,United States,Small Cap,FRA,EUR
VNDA,Vanda Pharmaceuticals Inc.,Health Care,Biotechnology,United States,Small Cap,NMS,USD
VNM.F,"Varian Medical Systems, Inc.",Health Care,,United States,Large Cap,FRA,EUR
VNOM,Viper Energy Partners LP,Energy,"Oil, Gas & Consumable Fuels",United States,Large Cap,NMS,USD
VNT,Vontier Corporation,Information Technology,"Electronic Equipment, Instruments & Components",United States,Mid Cap,NYQ,USD
VOR,Vor Biopharma Inc.,Health Care,Biotechnology,United States,Small Cap,NMS,USD
VOX.F,VOXX International Corporation,Information Technology,"Electronic Equipment, Instruments & Components",United States,Small Cap,FRA,EUR
VOYG,Voyager Technologies Inc. Class A Common Stock,Industrials,Aerospace & Defense,United States,Small Cap,NYQ,USD
VPG,"Vishay Precision Group, Inc.",Information Technology,"Electronic Equipment, Instruments & Components",United States,Small Cap,NYQ,USD
VPK.AS,Royal Vopak N.V.,Energy,Energy Equipment & Services,Netherlands,Mid Cap,AMS,EUR
VQKB.F,ReneSola Ltd,Information Technology,"Technology Hardware, Storage & Peripherals",United States,Small Cap,FRA,EUR
VRDN,"Viridian Therapeutics, Inc.",Health Care,Biotechnology,United States,Mid Cap,NMS,USD
VREX,Varex Imaging Corporation,Health Care,Health Care Technology,United States,Small Cap,NMS,USD
VRM.MX,"Vroom, Inc.",Consumer Discretionary,Automobiles,United States,Mid Cap,MEX,MXN
VRNS,"Varonis Systems, Inc.",Information Technology,Software,United States,Mid Cap,NMS,USD
VRNT,Verint Systems Inc.,Information Technology,Software,United States,Small Cap,NMS,USD
VRRM,Verra Mobility Corporation,Industrials,Professional Services,United States,Mid Cap,NCM,USD
VRS,Verso Corporation,Materials,Paper & Forest Products,United States,Small Cap,NYQ,USD
VRSK,"Verisk Analytics, Inc.",Industrials,Professional Services,United States,Large Cap,NMS,USD
VRSN,"VeriSign, Inc.",Information Technology,Software,United States,Large Cap,NMS,USD
VRT,Vertiv Holdings Co,Industrials,Electrical Equipment,United States,Large Cap,NYQ,USD
VRTV,VERITIV CORPORATION,Industrials,Industrial Conglomerates,United States,Mid Cap,NYQ,USD
VRTX,Vertex Pharmaceuticals Incorporated,Health Care,Biotechnology,United States,Large Cap,NMS,USD
VSAT,"Viasat, Inc.",Information Technology,Communications Equipment,United States,Mid Cap,NMS,USD
VSCO,Victorias Secret & Co. Common Stock ,Consumer Discretionary,,United States,Mid Cap,NYQ,USD
VSEC,VSE Corporation,Industrials,Aerospace & Defense,United States,Mid Cap,NMS,USD
VSH,"Vishay Intertechnology, Inc.",Information Technology,Semiconductors & Semiconductor Equipment,United States,Mid Cap,NYQ,USD
VSNT,Versant Media Group Inc. Class A Common Stock ,Communication Services,Media,United States,Mid Cap,NMS,USD
VSNTV,Versant Media Group Inc. Class A Common Stock When-Issued,Communication Services,Media,United States,Mid Cap,NMS,USD
VST,Vistra Corp.,Utilities,Independent Power and Renewable Electricity Producers,United States,Large Cap,NYQ,USD
VSTO,Vista Outdoor Inc.,Consumer Discretionary,"Hotels, Restaurants & Leisure",United States,Mid Cap,NYQ,USD
VSTS,Vestis Corporation Common Stock,Industrials,,United States,Small Cap,NYQ,USD
VTLE,Vital Energy Inc. Common Stock par value $0.01 per share,Energy,"Oil, Gas & Consumable Fuels",United States,Small Cap,ASE,USD
VTOL,Bristow Group Inc.,Energy,Energy Equipment & Services,United States,Small Cap,NYQ,USD
VTRS,"Viatris, Inc.",Health Care,Pharmaceuticals,United States,Large Cap,NMS,USD
VTS,Vitesse Energy Inc. Common Stock,Energy,"Oil, Gas & Consumable Fuels",United States,Small Cap,NYQ,USD
VTYX,Ventyx Biosciences Inc. Common Stock,Health Care,Biotechnology,United States,Small Cap,NMS,USD
VVI,Viad Corp.,Industrials,Professional Services,United States,Small Cap,NYQ,USD
VVNT,"Vivint Smart Home, Inc.",Industrials,Professional Services,United States,Mid Cap,NYQ,USD
VVV,Valvoline Inc.,Energy,"Oil, Gas & Consumable Fuels",United States,Mid Cap,NYQ,USD
VVX,V2X Inc. Common Stock,Information Technology,,United States,Mid Cap,NYQ,USD
VYGR,"Voyager Therapeutics, Inc.",Health Care,Biotechnology,United States,Small Cap,NMS,USD
VYGVF,Voyager Digital Ltd.,Information Technology,Software,United States,Mid Cap,PNK,USD
VYX,NCR Voyix Corporation,Information Technology,,United States,Small Cap,NYQ,USD
VZ,Verizon Communications Inc.,Communication Services,Diversified Telecommunication Services,United States,Mega Cap,NYQ,USD
VZIO,VIZIO Holding Corp.,Information Technology,"Electronic Equipment, Instruments & Components",United States,Mid Cap,NYQ,USD
W,Wayfair Inc.,Consumer Discretionary,Internet & Direct Marketing Retail,United States,Mid Cap,NYQ,USD
W8NB.F,"AquaBounty Technologies, Inc.",Consumer Staples,Household Products,United States,Small Cap,FRA,EUR
WAB,Westinghouse Air Brake Technologies Corporation,Industrials,Road & Rail,United States,Large Cap,NYQ,USD
WAT,Waters Corporation,Health Care,Biotechnology,United States,Large Cap,NYQ,USD
WAY,Waystar Holding Corp. Common Stock,Health Care,,United States,Mid Cap,NMS,USD
WBA,"Walgreens Boots Alliance, Inc.",Health Care,Pharmaceuticals,United States,Large Cap,NMS,USD
WBD,Warner Bros. Discovery Inc. Series A Common Stock ,Communication Services,Entertainment,United States,Large Cap,NMS,USD
WBT,"Welbilt, Inc.",Industrials,Machinery,United States,Mid Cap,NYQ,USD
WCC,"WESCO International, Inc.",Industrials,Trading Companies & Distributors,United States,Large Cap,NYQ,USD
WDAY,"Workday, Inc. Class A",Information Technology,Software,United States,Large Cap,NMS,USD
WDC,Western Digital Corporation,Information Technology,"Technology Hardware, Storage & Peripherals",United States,Large Cap,NMS,USD
WDFC,WD-40 Company,Materials,Chemicals,United States,Mid Cap,NMS,USD
WEAV,Weave Communications Inc. Common Stock,Information Technology,Software,United States,Small Cap,NYQ,USD
WEC,WEC Energy Group Inc,Utilities,Electric Utilities,United States,Large Cap,NYQ,USD
WELPP,Wisconsin Electric Power Company PFD 3.60%,Utilities,,United States,Mid Cap,PNK,USD
WEN,Wendy's Company,Consumer Discretionary,"Hotels, Restaurants & Leisure",United States,Small Cap,NMS,USD
WERN,"Werner Enterprises, Inc.",Industrials,Transportation Infrastructure,United States,Mid Cap,NMS,USD
WES,"Western Midstream Partners, LP",Energy,"Oil, Gas & Consumable Fuels",United States,Large Cap,NYQ,USD
WEST,Westrock Coffee Company Common Stock,Consumer Staples,Food & Staples Retailing,United States,Small Cap,NMS,USD
WEX,WEX Inc.,Information Technology,Software,United States,Mid Cap,NYQ,USD
WFRD,Weatherford International plc Ordinary Shares,Energy,Energy Equipment & Services,United States,Mid Cap,NMS,USD
WFTLF,Weatherford International plc,Energy,Energy Equipment & Services,United States,Small Cap,PNK,USD
WGO,"Winnebago Industries, Inc.",Consumer Discretionary,Automobiles,United States,Small Cap,NYQ,USD
WGS,GeneDx Holdings Corp. Class A Common Stock,Information Technology,Software,United States,Mid Cap,NMS,USD
WH,"Wyndham Hotels & Resorts, Inc.",Consumer Discretionary,"Hotels, Restaurants & Leisure",United States,Mid Cap,NYQ,USD
WHD,"Cactus, Inc. Class A",Energy,Energy Equipment & Services,United States,Mid Cap,NYQ,USD
WHR,Pool Corporation,Consumer Discretionary,"Hotels, Restaurants & Leisure",United States,Mid Cap,NYQ,USD
WIFI,"Boingo Wireless, Inc.",Communication Services,Diversified Telecommunication Services,United States,Small Cap,NMS,USD
WINA,Winmark Corporation,Consumer Discretionary,Specialty Retail,United States,Small Cap,NMS,USD
WING,Wingstop Inc.,Consumer Discretionary,"Hotels, Restaurants & Leisure",United States,Mid Cap,NMS,USD
WIRE,Encore Wire Corporation,Industrials,Electrical Equipment,United States,Mid Cap,NMS,USD
WISH.MX,ContextLogic Inc.,Consumer Discretionary,Internet & Direct Marketing Retail,United States,Mid Cap,MEX,MXN
WK,Workiva Inc.,Information Technology,Software,United States,Mid Cap,NYQ,USD
WKC,World Kinect Corporation,Energy,,United States,Small Cap,NYQ,USD
WKL.AS,Wolters Kluwer N.V.,Communication Services,Diversified Telecommunication Services,Netherlands,Large Cap,AMS,EUR
WLDN,"Willdan Group, Inc.",Industrials,Construction & Engineering,United States,Small Cap,NMS,USD
WLFC,Willis Lease Finance Corporation,Industrials,Commercial Services & Supplies,United States,Small Cap,NMS,USD
WLK,Westlake Corporation,Materials,Chemicals,United States,Large Cap,NYQ,USD
WLKP,Westlake Chemical Partners LP,Materials,Chemicals,United States,Small Cap,NYQ,USD
WLL,Whiting Petroleum Corporation,Energy,"Oil, Gas & Consumable Fuels",United States,Small Cap,NYQ,USD
WLY,John Wiley & Sons Inc. Common Stock,Communication Services,Diversified Telecommunication Services,United States,Small Cap,NYQ,USD
WM,"Waste Management, Inc.",Industrials,Transportation Infrastructure,United States,Large Cap,NYQ,USD
WMB,"The Williams Companies, Inc.",Energy,"Oil, Gas & Consumable Fuels",United States,Large Cap,NYQ,USD
WMG,Warner Music Group Corp. Class A,Communication Services,Entertainment,United States,Large Cap,NMS,USD
WMK,"Weis Markets, Inc.",Consumer Staples,Food & Staples Retailing,United States,Small Cap,NYQ,USD
WMS,"Advanced Drainage Systems, Inc.",Industrials,Building Products,United States,Large Cap,NYQ,USD
WMT,Walmart Inc.,Consumer Staples,Household Products,United States,Mega Cap,NYQ,USD
WNC,Wabash National Corporation,Industrials,Machinery,United States,Small Cap,NYQ,USD
WOLF,Wolfspeed Inc. Common Stock,Information Technology,Semiconductors & Semiconductor Equipment,United States,Small Cap,NYQ,USD
WOOF,"Petco Health and Wellness Company, Inc.",Consumer Discretionary,Specialty Retail,United States,Small Cap,NMS,USD
WOR,"Worthington Industries, Inc.",Industrials,Building Products,United States,Mid Cap,NYQ,USD
WORK,"Slack Technologies, Inc.",Information Technology,Software,United States,Large Cap,NYQ,USD
WOW,"WideOpenWest, Inc.",Communication Services,Entertainment,United States,Small Cap,NYQ,USD
WRBY,Warby Parker Inc. Class A Common Stock,Health Care,Health Care Equipment & Supplies,United States,Mid Cap,NYQ,USD
WRK,WestRock Company,Consumer Discretionary,Distributors,United States,Large Cap,NYQ,USD
WS,Worthington Steel Inc.,Materials,,United States,Mid Cap,NYQ,USD
WSC,WillScot Mobile Mini Holdings Corp.,Industrials,Commercial Services & Supplies,United States,Mid Cap,NCM,USD
WSM,"Williams-Sonoma, Inc.",Consumer Discretionary,Specialty Retail,United States,Large Cap,NYQ,USD
WSO,"Watsco, Inc.",Industrials,Trading Companies & Distributors,United States,Large Cap,NYQ,USD
WST,"West Pharmaceutical Services, Inc.",Health Care,Health Care Equipment & Supplies,United States,Large Cap,NYQ,USD
WTI,"W&T Offshore, Inc.",Energy,"Oil, Gas & Consumable Fuels",United States,Small Cap,NYQ,USD
WTRG,"Essential Utilities, Inc.",Utilities,Water Utilities,United States,Large Cap,NYQ,USD
WTS,"Watts Water Technologies, Inc. Class A",Industrials,Machinery,United States,Large Cap,NYQ,USD
WTTR,"Select Energy Services, Inc.",Energy,Energy Equipment & Services,United States,Small Cap,NYQ,USD
WW6.F,"WW International, Inc.",Consumer Discretionary,"Hotels, Restaurants & Leisure",United States,Mid Cap,FRA,EUR
WWD,"Woodward, Inc.",Industrials,Aerospace & Defense,United States,Large Cap,NMS,USD
WWE,"WORLD WRESTLING ENTERTAINMENT, LLC",Communication Services,Entertainment,United States,Mid Cap,NYQ,USD
WWIN,"AllyMe Group, Inc.",Industrials,Professional Services,United States,Small Cap,PNK,USD
WWW,"Wolverine World Wide, Inc.",Consumer Discretionary,"Textiles, Apparel & Luxury Goods",United States,Small Cap,NYQ,USD
WYNN,"Wynn Resorts, Limited",Consumer Discretionary,"Hotels, Restaurants & Leisure",United States,Large Cap,NMS,USD
X,UNITED STATES STEEL CORPORATION,Materials,Metals & Mining,United States,Large Cap,NYQ,USD
XE7C.F,"Cardiff Oncology, Inc.",Health Care,Biotechnology,United States,Small Cap,FRA,EUR
XEC,Cimarex Energy Co.,Energy,"Oil, Gas & Consumable Fuels",United States,Mid Cap,NYQ,USD
XEJ.F,Accuray Incorporated,Health Care,Health Care Technology,United States,Small Cap,FRA,EUR
XEL,Xcel Energy Inc.,Utilities,Electric Utilities,United States,Large Cap,NMS,USD
XENT,"Intersect ENT, Inc.",Health Care,Health Care Technology,United States,Small Cap,NGM,USD
XERS,"Xeris Pharmaceuticals, Inc.",Health Care,Biotechnology,United States,Small Cap,NMS,USD
XFOR,"X4 Pharmaceuticals, Inc.",Health Care,Biotechnology,United States,Small Cap,NCM,USD
XIFR,XPLR Infrastructure LP Common Units representing limited partner interests,Utilities,Electric Utilities,United States,Small Cap,NYQ,USD
XL,XL Fleet Corp.,Consumer Discretionary,Auto Components,United States,Small Cap,NYQ,USD
XLNX,"Xilinx, Inc.",Information Technology,Semiconductors & Semiconductor Equipment,United States,Large Cap,NMS,USD
XLRN,Acceleron Pharma Inc.,Health Care,Biotechnology,United States,Mid Cap,NMS,USD
XM,Qualtrics International Inc.,Information Technology,Software,United States,Large Cap,NMS,USD
XMTR,Xometry Inc. Class A Common Stock,Information Technology,"Electronic Equipment, Instruments & Components",United States,Mid Cap,NMS,USD
XNCR,"Xencor, Inc.",Health Care,Biotechnology,United States,Small Cap,NGM,USD
XOG,"Extraction Oil & Gas, Inc.",Energy,"Oil, Gas & Consumable Fuels",United States,Small Cap,NMS,USD
XOM,Exxon Mobil Corporation,Energy,"Oil, Gas & Consumable Fuels",United States,Mega Cap,NYQ,USD
XOMA,XOMA Corporation,Health Care,Biotechnology,United States,Small Cap,NGM,USD
XPEL,"XPEL, Inc.",Consumer Discretionary,Auto Components,United States,Small Cap,NCM,USD
XPO,"XPO, Inc.",Industrials,Air Freight & Logistics,United States,Large Cap,NYQ,USD
XPRO,Expro Group Holdings N.V. Common Stock,Energy,Energy Equipment & Services,United States,Mid Cap,NYQ,USD
XRAY,DENTSPLY SIRONA Inc.,Health Care,Health Care Equipment & Supplies,United States,Mid Cap,NMS,USD
XRX,Xerox Holdings Corporation,Information Technology,IT Services,United States,Small Cap,NYQ,USD
XXY.F,"Cross Country Healthcare, Inc.",Industrials,Professional Services,United States,Small Cap,FRA,EUR
XYL,Xylem Inc.,Industrials,Machinery,United States,Large Cap,NYQ,USD
XYZ,Block Inc. Class A Common Stock,Information Technology,Software,United States,Large Cap,NYQ,USD
YAG2.F,"Atossa Therapeutics, Inc.",Health Care,Biotechnology,United States,Small Cap,FRA,EUR
YEL.F,Yellow Corporation,Industrials,Transportation Infrastructure,United States,Small Cap,FRA,EUR
YELP,Yelp Inc.,Communication Services,Diversified Telecommunication Services,United States,Small Cap,NYQ,USD
YETI,"YETI Holdings, Inc.",Consumer Discretionary,"Hotels, Restaurants & Leisure",United States,Mid Cap,NYQ,USD
YEXT,"Yext, Inc.",Information Technology,Software,United States,Small Cap,NYQ,USD
YMAB,"Y-mAbs Therapeutics, Inc.",Health Care,Biotechnology,United States,Small Cap,NMS,USD
YNDX,Yandex N.V.,Communication Services,Diversified Telecommunication Services,Netherlands,Large Cap,NMS,USD
YORW,The York Water Company,Utilities,Water Utilities,United States,Small Cap,NMS,USD
YOU,Clear Secure Inc. Class A Common Stock,Information Technology,Software,United States,Mid Cap,NYQ,USD
YSS,York Space Systems Inc. Common Stock,Industrials,Aerospace & Defense,United States,Mid Cap,NYQ,USD
YSWY,Yesway Inc. Class A Common Stock,Consumer Staples,Food & Staples Retailing,United States,Small Cap,NMS,USD
YUM,"Yum! Brands, Inc.",Consumer Discretionary,"Hotels, Restaurants & Leisure",United States,Large Cap,NYQ,USD
YUMC,"China Holdings, Inc.",Health Care,Biotechnology,United States,Large Cap,NYQ,USD
Z,"Zillow Group, Inc.",Communication Services,Diversified Telecommunication Services,United States,Large Cap,NMS,USD
ZBH,"Zimmer Biomet Holdings, Inc.",Health Care,Health Care Technology,United States,Large Cap,NYQ,USD
ZBIO,Zenas BioPharma Inc. Common Stock,Health Care,Biotechnology,United States,Small Cap,NMS,USD
ZBRA,Zebra Technologies Corporation Class A,Information Technology,Communications Equipment,United States,Large Cap,NMS,USD
ZD,Ziff Davis Inc. Common Stock,Communication Services,Diversified Telecommunication Services,United States,Small Cap,NMS,USD
ZEN,"Zendesk, Inc.",Information Technology,Software,United States,Large Cap,NYQ,USD
ZEUS,"Olympic Steel, Inc.",Materials,Metals & Mining,United States,Small Cap,NMS,USD
ZGNX,"Zogenix, Inc.",Health Care,Biotechnology,United States,Small Cap,NMS,USD
ZI,ZoomInfo Technologies Inc.,Information Technology,Software,United States,Mid Cap,NMS,USD
ZIMV,ZimVie Inc. Common Stock,Health Care,Health Care Technology,United States,Small Cap,NMS,USD
ZIOP,"ZIOPHARM Oncology, Inc.",Health Care,Biotechnology,United States,Small Cap,NMS,USD
ZIXI,Zix Corporation,Information Technology,Software,United States,Small Cap,NMS,USD
ZM,"Zoom Video Communications, Inc.",Communication Services,Diversified Telecommunication Services,United States,Large Cap,NMS,USD
ZNGA,Zynga Inc.,Communication Services,Interactive Media & Services,United States,Large Cap,NMS,USD
ZS,"Zscaler, Inc.",Information Technology,Software,United States,Large Cap,NMS,USD
ZSQR,Z Squared Inc. Common Stock,Health Care,Biotechnology,United States,Small Cap,NMS,USD
ZUMZ,Zumiez Inc.,Consumer Discretionary,"Textiles, Apparel & Luxury Goods",United States,Small Cap,NMS,USD
ZUO,"Zuora, Inc.",Information Technology,Software,United States,Small Cap,NYQ,USD
ZUUS,"Zeuus, Inc.",Industrials,Professional Services,United States,Small Cap,PNK,USD
ZVRA,Zevra Therapeutics Inc. Common Stock,Health Care,Biotechnology,United States,Small Cap,NMS,USD
ZWS,Zurn Elkay Water Solutions Corporation Common Stock,Industrials,Transportation Infrastructure,United States,Mid Cap,NYQ,USD
ZY,Zymergen Inc.,Materials,Chemicals,United States,Mid Cap,NMS,USD
