symbol,name,sector,industry,country,market_cap,exchange,currency
06S.F,"Sportsman's Warehouse Holdings, Inc.",Consumer Discretionary,"Hotels, Restaurants & Leisure",United States,Small Cap,FRA,EUR
0A43.L,"Inovio Pharmaceuticals, Inc.",Health Care,Biotechnology,United States,Small Cap,LSE,USD
0A4B.L,"AgEagle Aerial Systems, Inc.",Industrials,Aerospace & Defense,United States,Small Cap,LSE,USD
0A4F.L,"Ideanomics, Inc.",Information Technology,Software,United States,Small Cap,LSE,USD
0A4T.L,Tonix Pharmaceuticals Holding Corp.,Health Care,Biotechnology,United States,Small Cap,LSE,USD
0C1.F,"ATRECA, INC.",Health Care,Biotechnology,United States,Small Cap,FRA,EUR
0CG.F,"Chegg, Inc.",Consumer Staples,Household Products,United States,Large Cap,FRA,EUR
0F1.F,"NanoString Technologies, Inc.",Health Care,Health Care Equipment & Supplies,United States,Mid Cap,FRA,EUR
0HX7.L,"Adicet Bio, Inc.",Health Care,Biotechnology,United States,Small Cap,LSE,USD
0IFM.L,eGain Corporation,Information Technology,Software,United States,Small Cap,LSE,USD
0JVN.F,"iBio, Inc.",Health Care,Biotechnology,United States,Small Cap,FRA,
0JW.F,"JELD-WEN Holding, Inc.",Industrials,Building Products,United States,Mid Cap,FRA,EUR
0K17.L,"MicroVision, Inc.",Information Technology,"Electronic Equipment, Instruments & Components",United States,Mid Cap,LSE,USD
0M2A.L,Xperi Holding Corporation,Information Technology,Semiconductors & Semiconductor Equipment,United States,Mid Cap,LSE,USD
0M4.F,"Mersana Therapeutics, Inc.",Health Care,Biotechnology,United States,Small Cap,FRA,EUR
0NU.SG,Nutanix Inc. Reg. Shares CL A o,Information Technology,,United States,Small Cap,STU,EUR
0PB.F,"Puma Biotechnology, Inc.",Health Care,Biotechnology,United States,Small Cap,FRA,EUR
0PQ.F,ProQR Therapeutics N.V.,Health Care,Biotechnology,Netherlands,Small Cap,FRA,EUR
0R0V.L,SunPower Corporation,Information Technology,"Technology Hardware, Storage & Peripherals",United States,Mid Cap,LSE,USD
0WF.F,"SmileDirectClub, Inc.",Health Care,Health Care Technology,United States,Mid Cap,FRA,EUR
0Z2.F,"Alector, Inc.",Health Care,Biotechnology,United States,Small Cap,FRA,EUR
1521.HK,Frontage Holdings Corporation,Health Care,Biotechnology,United States,Small Cap,HKG,HKD
16U.F,"Upland Software, Inc.",Information Technology,Software,United States,Small Cap,FRA,EUR
1FG.F,"FibroGen, Inc.",Health Care,Biotechnology,United States,Small Cap,FRA,EUR
1N7.F,Nevro Corp.,Health Care,Health Care Technology,United States,Mid Cap,FRA,EUR
1ON.F,"Domo, Inc. Class B",Information Technology,Software,United States,Small Cap,FRA,EUR
1P6.F,Berry Corporation,Energy,"Oil, Gas & Consumable Fuels",United States,Small Cap,FRA,EUR
1S7.F,"Selecta Biosciences, Inc.",Health Care,Biotechnology,United States,Small Cap,FRA,EUR
1S9.F,"Seres Therapeutics, Inc.",Health Care,Biotechnology,United States,Mid Cap,FRA,EUR
1WO.F,Workhorse Group Inc.,Consumer Discretionary,Automobiles,United States,Small Cap,FRA,EUR
1XV.F,Axway Software SA,Information Technology,Software,United States,Small Cap,FRA,EUR
21J.F,"Jounce Therapeutics, Inc.",Health Care,Biotechnology,United States,Small Cap,FRA,EUR
25K.F,Karyopharm Therapeutics Inc.,Health Care,Biotechnology,United States,Small Cap,FRA,EUR
2BN.F,"Barnes & Noble Education, Inc.",Consumer Discretionary,Specialty Retail,United States,Small Cap,FRA,EUR
2BV.F,Brightcove Inc.,Information Technology,Software,United States,Small Cap,FRA,EUR
2CX.F,"ChemoCentryx, Inc.",Health Care,Biotechnology,United States,Small Cap,FRA,EUR
2HA.F,"Spero Therapeutics, Inc.",Health Care,Biotechnology,United States,Small Cap,FRA,EUR
2K7.F,TCR2 THERAPEUTICS INC.,Health Care,Biotechnology,United States,Small Cap,FRA,EUR
2MT.F,"Athenex, Inc.",Health Care,Pharmaceuticals,United States,Small Cap,FRA,EUR
2TX.F,"Asensus Surgical, Inc.",Health Care,Health Care Technology,United States,Small Cap,FRA,EUR
2UC.F,Chicken Soup for the Soul Enter,Communication Services,Media,United States,Small Cap,FRA,EUR
2Y3.F,"Bionano Genomics, Inc.",Health Care,Biotechnology,United States,Small Cap,FRA,EUR
32P.F,PPHE Hotel Group Limited,Consumer Discretionary,"Hotels, Restaurants & Leisure",Netherlands,Small Cap,FRA,EUR
35H.F,"Homology Medicines, Inc.",Health Care,Biotechnology,United States,Small Cap,FRA,EUR
36A.F,"Unifi, Inc.",Consumer Discretionary,"Textiles, Apparel & Luxury Goods",United States,Small Cap,FRA,EUR
3738.HK,Vobile Group Limited,Information Technology,Software,United States,Small Cap,HKG,HKD
37Z.F,Allakos Inc.,Health Care,Biotechnology,United States,Mid Cap,FRA,EUR
38E.F,"Rekor Systems, Inc.",Information Technology,Software,United States,Small Cap,FRA,EUR
3A01.F,"AMYRIS, INC.",Materials,Chemicals,United States,Mid Cap,FRA,EUR
3FF.F,FutureFuel Corp.,Materials,Chemicals,United States,Small Cap,FRA,EUR
3MT.F,"Magenta Therapeutics, Inc.",Health Care,Biotechnology,United States,Small Cap,FRA,EUR
3QT1.F,CuriosityStream Inc.,Communication Services,Media,United States,Small Cap,FRA,EUR
3QU.F,Nitro Software Limited,Information Technology,Software,United States,Small Cap,FRA,EUR
43T.F,"Tabula Rasa HealthCare, Inc.",Health Care,Health Care Providers & Services,United States,Small Cap,FRA,EUR
4B3.F,"Big Lots, Inc.",Consumer Staples,Household Products,United States,Mid Cap,FRA,EUR
4C0.F,Conduent Incorporated,Information Technology,IT Services,United States,Small Cap,FRA,EUR
4GB.F,"Gossamer Bio, Inc.",Health Care,Biotechnology,United States,Small Cap,FRA,EUR
4GI.F,"Shift Technologies, Inc.",Consumer Discretionary,Internet & Direct Marketing Retail,United States,Small Cap,FRA,EUR
4LS.F,"Athersys, Inc.",Health Care,Biotechnology,United States,Small Cap,FRA,EUR
4QK.F,"Codexis, Inc.",Health Care,Biotechnology,United States,Small Cap,FRA,EUR
4TL.F,"Tilly's, Inc.",Consumer Discretionary,"Textiles, Apparel & Luxury Goods",United States,Small Cap,FRA,EUR
4XB.F,XBiotech Inc.,Health Care,Biotechnology,United States,Small Cap,FRA,EUR
4XV.F,"Genius Brands International, Inc.",Communication Services,Entertainment,United States,Small Cap,FRA,EUR
53H.F,"Arcimoto, Inc.",Consumer Discretionary,Automobiles,United States,Small Cap,FRA,EUR
5G5.F,"GoPro, Inc.",Information Technology,"Electronic Equipment, Instruments & Components",United States,Small Cap,FRA,EUR
5TC.F,"TrueCar, Inc.",Communication Services,Diversified Telecommunication Services,United States,Small Cap,FRA,EUR
5TUA.F,"Hydrofarm Holdings Group, Inc.",Industrials,Machinery,United States,Mid Cap,FRA,EUR
5WC.F,Clearwater Paper Corporation,Materials,Paper & Forest Products,United States,Small Cap,FRA,EUR
5WK.F,"Aligos Therapeutics, Inc.",Health Care,Biotechnology,United States,Small Cap,FRA,EUR
61Y.F,"Marinus Pharmaceuticals, Inc.",Health Care,Biotechnology,United States,Small Cap,FRA,EUR
6697.T,"Techpoint, Inc.",Information Technology,Semiconductors & Semiconductor Equipment,United States,Small Cap,JPX,JPY
6819.HK,IntelliCentrics Global Holdings Ltd.,Health Care,Health Care Providers & Services,United States,Small Cap,HKG,HKD
6AP.F,"Neoleukin Therapeutics, Inc.",Health Care,Pharmaceuticals,United States,Small Cap,FRA,EUR
6DU.F,Duluth Holdings Inc.,Consumer Discretionary,"Textiles, Apparel & Luxury Goods",United States,Small Cap,FRA,EUR
6IO.F,"Inogen, Inc.",Health Care,Health Care Technology,United States,Small Cap,FRA,EUR
6KB.MU,KINNATE BIOPHARMA INC.,Health Care,Biotechnology,United States,Small Cap,MUN,EUR
6L9.F,"ViewRay, Inc.",Health Care,Health Care Technology,United States,Small Cap,FRA,EUR
6OM.F,"Owens & Minor, Inc.",Health Care,Health Care Providers & Services,United States,Mid Cap,FRA,EUR
737.F,"NexImmune, Inc.",Health Care,Biotechnology,United States,Small Cap,FRA,EUR
7EI.F,"Huuuge, Inc.",Communication Services,Interactive Media & Services,United States,Small Cap,FRA,EUR
7OC.F,OncoCyte Corporation,Health Care,Biotechnology,United States,Small Cap,FRA,EUR
7SE.F,SUNNOVA ENERGY INTERNATIONAL INC.,Information Technology,"Technology Hardware, Storage & Peripherals",United States,Mid Cap,FRA,EUR
829.F,"AppHarvest, Inc.",Consumer Staples,Household Products,United States,Small Cap,FRA,EUR
84C.F,Clene Inc.,Health Care,Biotechnology,United States,Small Cap,FRA,EUR
8C5.F,"Coherus BioSciences, Inc.",Health Care,Biotechnology,United States,Small Cap,FRA,EUR
8EM.F,"Editas Medicine, Inc.",Health Care,Biotechnology,United States,Mid Cap,FRA,EUR
8NI.F,Nikola Corporation,Consumer Discretionary,Automobiles,United States,Mid Cap,FRA,EUR
8Z3.F,"tinyBuild, Inc",Communication Services,Interactive Media & Services,United States,Small Cap,FRA,EUR
918.SG,"ShotSpotter, Inc.",Information Technology,Software,United States,Small Cap,STU,EUR
9PT.MU,"Pliant Therapeutics, Inc.",Health Care,Biotechnology,United States,Small Cap,MUN,EUR
A,"Agilent Technologies, Inc.",Health Care,Biotechnology,United States,Large Cap,NYQ,USD
AA,Alcoa Corporation,Materials,Metals & Mining,United States,Large Cap,NYQ,USD
AAGH,America Great Health,Consumer Staples,Food & Staples Retailing,United States,Mid Cap,PNK,USD
AAL,American Airlines Group Inc.,Industrials,Airlines,United States,Mid Cap,NMS,USD
AALB.AS,Aalberts N.V.,Industrials,Machinery,Netherlands,Mid Cap,AMS,EUR
AAN,"The Aaron's Company, Inc.",Consumer Discretionary,Specialty Retail,United States,Small Cap,NYQ,USD
AAOI,"Applied Optoelectronics, Inc.",Information Technology,Semiconductors & Semiconductor Equipment,United States,Mid Cap,NGM,USD
AAON,"AAON, Inc.",Industrials,Building Products,United States,Mid Cap,NMS,USD
AAP,"Advance Auto Parts, Inc.",Consumer Discretionary,Specialty Retail,United States,Mid Cap,NYQ,USD
AAPL,Apple Inc.,Information Technology,"Electronic Equipment, Instruments & Components",United States,Mega Cap,NMS,USD
AAWW,"Atlas Air Worldwide Holdings, Inc.",Industrials,Air Freight & Logistics,United States,Mid Cap,NMS,USD
ABAT,American Battery Technology Company Common Stock,Materials,Metals & Mining,United States,Small Cap,NMS,USD
ABBV,AbbVie Inc.,Health Care,Pharmaceuticals,United States,Mega Cap,NYQ,USD
ABC,AmerisourceBergen Corporation,Health Care,Health Care Providers & Services,United States,Large Cap,NYQ,USD
ABG,Asbury Automotive Group Inc,Consumer Discretionary,Automobiles,United States,Mid Cap,NYQ,USD
ABM,ABM Industries Incorporated,Industrials,Professional Services,United States,Mid Cap,NYQ,USD
ABMD,"Abiomed, Inc.",Health Care,Health Care Technology,United States,Large Cap,NMS,USD
ABML,American Battery Metals Corporation,Materials,Metals & Mining,United States,Small Cap,PNK,USD
ABNB,"Airbnb, Inc. Class A",Communication Services,Diversified Telecommunication Services,United States,Large Cap,NMS,USD
ABSI,Absci Corporation Common Stock,Health Care,Biotechnology,United States,Small Cap,NMS,USD
ABT,Abbott Laboratories,Health Care,Health Care Technology,United States,Mega Cap,NYQ,USD
ABTC,American Bitcoin Corp. Class A Common Stock,Information Technology,Software,United States,Small Cap,NMS,USD
ABUS,Arbutus Biopharma Corporation,Health Care,Biotechnology,United States,Small Cap,NMS,USD
ACA,"Arcosa, Inc.",Industrials,Transportation Infrastructure,United States,Mid Cap,NYQ,USD
ACAD,ACADIA Pharmaceuticals Inc.,Health Care,Biotechnology,United States,Mid Cap,NMS,USD
ACAN,"NN, Inc.",Industrials,Industrial Conglomerates,United States,Small Cap,PNK,USD
ACCD,"ACCOLADE, INC.",Health Care,Health Care Providers & Services,United States,Small Cap,NMS,USD
ACCEL.AS,Accell Group N.V.,Consumer Discretionary,"Hotels, Restaurants & Leisure",Netherlands,Small Cap,AMS,EUR
ACCO,ACCO Brands Corporation,Industrials,Commercial Services & Supplies,United States,Small Cap,NYQ,USD
ACDC,ProFrac Holding Corp. Class A Common Stock,Energy,Energy Equipment & Services,United States,Small Cap,NMS,USD
ACEL,"Accel Entertainment, Inc.",Consumer Discretionary,"Hotels, Restaurants & Leisure",United States,Small Cap,NYQ,USD
ACHC,"Acadia Healthcare Company, Inc.",Health Care,Health Care Equipment & Supplies,United States,Mid Cap,NMS,USD
ACHR,Archer Aviation Inc. Class A Common Stock,Industrials,Aerospace & Defense,United States,Mid Cap,NYQ,USD
ACI,"Albertsons Companies, Inc. Class A",Consumer Staples,Food & Staples Retailing,United States,Mid Cap,NYQ,USD
ACIW,"ACI Worldwide, Inc.",Information Technology,Software,United States,Mid Cap,NMS,USD
ACLS,"Axcelis Technologies, Inc.",Information Technology,Semiconductors & Semiconductor Equipment,United States,Mid Cap,NMS,USD
ACLX,Arcellx Inc. Common Stock,Health Care,Biotechnology,United States,Mid Cap,NMS,USD
ACM,AECOM,Industrials,Construction & Engineering,United States,Large Cap,NYQ,USD
ACMR,"ACM Research, Inc.",Information Technology,Semiconductors & Semiconductor Equipment,United States,Mid Cap,NMS,USD
ACOMO.AS,Amsterdam Commodities N.V.,Consumer Staples,Food & Staples Retailing,Netherlands,Small Cap,AMS,EUR
ACRS,"Aclaris Therapeutics, Inc.",Health Care,Biotechnology,United States,Small Cap,NMS,USD
ACTG,Acacia Research Corporation,Industrials,Professional Services,United States,Small Cap,NMS,USD
ACVA,ACV Auctions Inc.,Information Technology,Software,United States,Small Cap,NMS,USD
AD,Array Digital Infrastructure Inc. Common Shares,Communication Services,Diversified Telecommunication Services,United States,Mid Cap,NYQ,USD
AD.AS,Koninklijke Ahold Delhaize N.V.,Consumer Staples,Food & Staples Retailing,Netherlands,Large Cap,AMS,EUR
ADAM,Adamas Trust Inc. Common Stock,Information Technology,Software,United States,Small Cap,NMS,USD
ADBE,Adobe Inc.,Information Technology,Software,United States,Large Cap,NMS,USD
ADEA,Adeia Inc. Common Stock,Information Technology,Software,United States,Mid Cap,NMS,USD
ADI,"Analog Devices, Inc.",Information Technology,Semiconductors & Semiconductor Equipment,United States,Large Cap,NMS,USD
ADM,Archer-Daniels-Midland Company,Consumer Staples,Household Products,United States,Large Cap,NYQ,USD
ADMA,"ADMA Biologics, Inc.",Health Care,Biotechnology,United States,Mid Cap,NGM,USD
ADP,"Automatic Data Processing, Inc.",Industrials,Professional Services,United States,Large Cap,NMS,USD
ADPT,Adaptive Biotechnologies Corp.,Health Care,Biotechnology,United States,Mid Cap,NMS,USD
ADSK,"Autodesk, Inc.",Information Technology,Software,United States,Large Cap,NMS,USD
ADT,ADT Inc.,Industrials,Professional Services,United States,Mid Cap,NYQ,USD
ADTN,"ADTRAN, Inc.",Information Technology,Communications Equipment,United States,Small Cap,NMS,USD
ADUS,Addus HomeCare Corporation,Health Care,Health Care Equipment & Supplies,United States,Small Cap,NMS,USD
ADYEN.AS,Adyen N.V.,Information Technology,Software,Netherlands,Large Cap,AMS,EUR
AEE,Ameren Corporation,Utilities,Electric Utilities,United States,Large Cap,NYQ,USD
AEGN,Aegion Corporation,Industrials,Construction & Engineering,United States,Small Cap,NMS,USD
AEHR,Aehr Test Systems,Information Technology,Semiconductors & Semiconductor Equipment,United States,Small Cap,NCM,USD
AEIS,"Advanced Energy Industries, Inc.",Industrials,Electrical Equipment,United States,Large Cap,NMS,USD
AEO,"American Eagle Outfitters, Inc.",Consumer Discretionary,"Textiles, Apparel & Luxury Goods",United States,Mid Cap,NYQ,USD
AEP,"American Electric Power Company, Inc.",Utilities,Electric Utilities,United States,Large Cap,NMS,USD
AERI,"Aerie Pharmaceuticals, Inc.",Health Care,Pharmaceuticals,United States,Small Cap,NMS,USD
AES,The AES Corporation,Utilities,Multi-Utilities,United States,Large Cap,NYQ,USD
AESI,Atlas Energy Solutions Inc. Class A Common Stock,Energy,Energy Equipment & Services,United States,Small Cap,NYQ,USD
AEVA,"Aeva Technologies, Inc.",Consumer Discretionary,Auto Components,United States,Small Cap,NYQ,USD
AFRM,"Affirm Holdings, Inc.",Information Technology,IT Services,United States,Large Cap,NMS,USD
AGCO,AGCO Corporation,Industrials,Machinery,United States,Mid Cap,NYQ,USD
AGIO,"Agios Pharmaceuticals, Inc.",Health Care,Biotechnology,United States,Small Cap,NMS,USD
AGR,"AVANGRID, INC.",Utilities,Electric Utilities,United States,Large Cap,NYQ,USD
AGS,"PlayAGS, Inc.",Consumer Discretionary,"Hotels, Restaurants & Leisure",United States,Small Cap,NYQ,USD
AGTI,"Agiliti, Inc.",Health Care,Health Care Providers & Services,United States,Small Cap,NYQ,USD
AGX,"Argan, Inc.",Industrials,Construction & Engineering,United States,Mid Cap,NYQ,USD
AGXXF,Agilyx AS,Industrials,Transportation Infrastructure,United States,Small Cap,PNK,USD
AGYS,"Agilysys, Inc.",Information Technology,Software,United States,Mid Cap,NMS,USD
AHCO,AdaptHealth Corp.,Health Care,Health Care Technology,United States,Small Cap,NMS,USD
AI,"C3.ai, Inc.",Information Technology,IT Services,United States,Small Cap,NYQ,USD
AIAI,AIAI Holdings Corporation Class A Common Stock,Information Technology,Software,United States,Small Cap,NMS,USD
AILIH,Ameren Illinois Company,Utilities,Electric Utilities,United States,Mid Cap,PNK,USD
AIMC,Altra Industrial Motion Corp.,Industrials,Machinery,United States,Mid Cap,NMS,USD
AIN,Albany International Corp.,Consumer Discretionary,"Textiles, Apparel & Luxury Goods",United States,Small Cap,NYQ,USD
AIOT,PowerFleet Inc. Common Stock,Communication Services,Diversified Telecommunication Services,United States,Small Cap,NMS,USD
AIP,Arteris Inc. Common Stock,Information Technology,Semiconductors & Semiconductor Equipment,United States,Small Cap,NMS,USD
AIR,AAR Corp.,Industrials,Aerospace & Defense,United States,Mid Cap,NYQ,USD
AIT,"Applied Industrial Technologies, Inc.",Industrials,Trading Companies & Distributors,United States,Large Cap,NYQ,USD
AJ81.F,Agenus Inc.,Health Care,Biotechnology,United States,Small Cap,FRA,EUR
AJAX.AS,AFC Ajax N.V.,Consumer Discretionary,"Hotels, Restaurants & Leisure",Netherlands,Small Cap,AMS,EUR
AJRD,"Aerojet Rocketdyne Holdings, Inc.",Industrials,Aerospace & Defense,United States,Mid Cap,NYQ,USD
AKAM,"Akamai Technologies, Inc.",Information Technology,Software,United States,Large Cap,NMS,USD
AKBA,"Akebia Therapeutics, Inc.",Health Care,Biotechnology,United States,Small Cap,NGM,USD
AKP.F,"Anika Therapeutics, Inc.",Health Care,Biotechnology,United States,Small Cap,FRA,EUR
AKRO,"AKERO THERAPEUTICS, INC.",Health Care,Biotechnology,United States,Mid Cap,NMS,USD
AKTS,"Akoustis Technologies, Inc.",Information Technology,Communications Equipment,United States,Small Cap,NMS,USD
AKUS,"Akouos, Inc.",Health Care,Biotechnology,United States,Small Cap,NMS,USD
AKZA.AS,Akzo Nobel N.V.,Materials,Chemicals,Netherlands,Large Cap,AMS,EUR
AL,Air Lease Corporation,Industrials,Commercial Services & Supplies,United States,Mid Cap,NYQ,USD
ALAB,Astera Labs Inc. Common Stock,Information Technology,,United States,Large Cap,NMS,USD
ALB,Albemarle Corporation,Materials,Chemicals,United States,Large Cap,NYQ,USD
ALBO,"Albireo Pharma, Inc.",Health Care,Biotechnology,United States,Small Cap,NMS,USD
ALCO,"Alico, Inc.",Consumer Staples,Household Products,United States,Small Cap,NMS,USD
ALDX,"Aldeyra Therapeutics, Inc.",Health Care,Biotechnology,United States,Small Cap,NMS,USD
ALE,"ALLETE, Inc.",Utilities,Multi-Utilities,United States,Mid Cap,NYQ,USD
ALFEN.AS,Alfen N.V.,Industrials,Electrical Equipment,Netherlands,Small Cap,AMS,EUR
ALG,Alamo Group Inc.,Industrials,Machinery,United States,Mid Cap,NYQ,USD
ALGM,"Allegro MicroSystems, Inc.",Information Technology,Semiconductors & Semiconductor Equipment,United States,Mid Cap,NMS,USD
ALGN,"Align Technology, Inc.",Health Care,Health Care Technology,United States,Large Cap,NMS,USD
ALGT,Allegiant Travel Company,Industrials,Airlines,United States,Small Cap,NMS,USD
ALHC,"Alignment Healthcare, Inc.",Health Care,Health Care Providers & Services,United States,Mid Cap,NMS,USD
ALIM,"Alimera Sciences, Inc.",Health Care,Pharmaceuticals,United States,Small Cap,NGM,USD
ALIT,Alight Inc. Class A Common Stock,Information Technology,Software,United States,Small Cap,NYQ,USD
ALK,"Alaska Air Group, Inc.",Industrials,Airlines,United States,Mid Cap,NYQ,USD
ALKT,"Alkami Technology, Inc.",Information Technology,Software,United States,Small Cap,NMS,USD
ALLO,"Allogene Therapeutics, Inc.",Health Care,Biotechnology,United States,Small Cap,NMS,USD
ALMFF,Altium Limited,Information Technology,Software,United States,Mid Cap,PNK,USD
ALMS,Alumis Inc. Common Stock,Health Care,,United States,Mid Cap,NMS,USD
ALNT,Allient Inc. Common Stock,Industrials,,United States,Small Cap,NMS,USD
ALNY,"Alnylam Pharmaceuticals, Inc.",Health Care,Biotechnology,United States,Large Cap,NMS,USD
ALP-PQ,Alabama Power Company,Utilities,Electric Utilities,United States,Small Cap,NYQ,USD
ALPN,"Alpine Immune Sciences, Inc.",Health Care,Biotechnology,United States,Mid Cap,NGM,USD
ALRM,"Alarm.com Holdings, Inc.",Information Technology,Software,United States,Mid Cap,NMS,USD
ALSN,"Allison Transmission Holdings, Inc.",Consumer Discretionary,Auto Components,United States,Large Cap,NYQ,USD
ALT,"Altimmune, Inc.",Health Care,Biotechnology,United States,Small Cap,NMS,USD
ALTG-PA,Alta Equipment Group Inc.,Industrials,Commercial Services & Supplies,United States,Small Cap,NYQ,USD
ALTM,Altus Midstream Company,Energy,"Oil, Gas & Consumable Fuels",United States,Mid Cap,NMS,USD
ALTR,Altair Engineering Inc.,Information Technology,Software,United States,Mid Cap,NMS,USD
ALXN,"Alexion Pharmaceuticals, Inc.",Health Care,Biotechnology,United States,Large Cap,NMS,USD
AM,Antero Midstream Corporation,Energy,"Oil, Gas & Consumable Fuels",United States,Large Cap,NYQ,USD
AMAM,Ambrx Biopharma Inc. American Depositary Shares,Health Care,Biotechnology,United States,Small Cap,NMS,USD
AMAT,"Applied Materials, Inc.",Information Technology,Semiconductors & Semiconductor Equipment,United States,Mega Cap,NMS,USD
AMBA,"Ambarella, Inc.",Information Technology,Semiconductors & Semiconductor Equipment,United States,Mid Cap,NMS,USD
AMBQ,Ambiq Micro Inc. Common Stock,Information Technology,Semiconductors & Semiconductor Equipment,United States,Small Cap,NYQ,USD
AMC,"AMC Entertainment Holdings, Inc.",Communication Services,Entertainment,United States,Small Cap,NYQ,USD
AMD,"Advanced Micro Devices, Inc.",Information Technology,Semiconductors & Semiconductor Equipment,United States,Mega Cap,NMS,USD
AME,"AMETEK, Inc.",Industrials,Machinery,United States,Large Cap,NYQ,USD
AMED,"Amedisys, Inc.",Health Care,Health Care Equipment & Supplies,United States,Mid Cap,NMS,USD
AMEH,"Apollo Medical Holdings, Inc.",Health Care,Health Care Equipment & Supplies,United States,Mid Cap,NMS,USD
AMG.AS,AMG Advanced Metallurgical Group N.V.,Materials,Metals & Mining,Netherlands,Small Cap,AMS,EUR
AMGN,Amgen Inc.,Health Care,Pharmaceuticals,United States,Mega Cap,NMS,USD
AMKR,"Amkor Technology, Inc.",Information Technology,Semiconductors & Semiconductor Equipment,United States,Large Cap,NMS,USD
AMLX,Amylyx Pharmaceuticals Inc. Common Stock,Health Care,Biotechnology,United States,Small Cap,NMS,USD
AMN,AMN Healthcare Services Inc,Health Care,Health Care Equipment & Supplies,United States,Small Cap,NYQ,USD
AMOT,Allied Motion Technologies Inc.,Information Technology,"Electronic Equipment, Instruments & Components",United States,Small Cap,NGM,USD
AMPH,"Amphastar Pharmaceuticals, Inc.",Health Care,Pharmaceuticals,United States,Small Cap,NMS,USD
AMPL,Amplitude Inc. Class A Common Stock,Information Technology,Software,United States,Small Cap,NMS,USD
AMPS,Altus Power Inc. Class A Common Stock,Utilities,Electric Utilities,United States,Small Cap,ASE,USD
AMPX,Amprius Technologies Inc. Common Stock,Industrials,Electrical Equipment,United States,Small Cap,NYQ,USD
AMR,"Alpha Metallurgical Resources, Inc.",Materials,Metals & Mining,United States,Mid Cap,NYQ,USD
AMRC,"Ameresco, Inc.",Industrials,Construction & Engineering,United States,Small Cap,NYQ,USD
AMRX,"Amneal Pharmaceuticals, Inc. Class A",Health Care,Pharmaceuticals,United States,Mid Cap,NYQ,USD
AMRZ,Amrize Ltd Ordinary Shares,Materials,Construction Materials,United States,Large Cap,NYQ,USD
AMSC,American Superconductor Corporation,Industrials,Machinery,United States,Small Cap,NMS,USD
AMSWA,"American Software, Inc.",Information Technology,Software,United States,Small Cap,NMS,USD
AMWD,American Woodmark Corporation,Consumer Discretionary,Household Durables,United States,Small Cap,NMS,USD
AMZE.L,Leverage Shares 2x Amazon ETC A,Consumer Discretionary,Internet & Direct Marketing Retail,United States,Mega Cap,LSE,EUR
AMZN,"Amazon.com, Inc.",Consumer Discretionary,Internet & Direct Marketing Retail,United States,Mega Cap,NMS,USD
AMZS.L,Leverage Shares -1x Amazon ETC,Consumer Discretionary,Internet & Direct Marketing Retail,United States,Mega Cap,LSE,USD
AN,"AutoNation, Inc.",Consumer Discretionary,Automobiles,United States,Mid Cap,NYQ,USD
ANAB,"AnaptysBio, Inc.",Health Care,Biotechnology,United States,Small Cap,NMS,USD
ANDE,"The Andersons, Inc.",Consumer Staples,Food & Staples Retailing,United States,Mid Cap,NMS,USD
ANF,Abercrombie & Fitch Co. Class A,Consumer Discretionary,"Textiles, Apparel & Luxury Goods",United States,Mid Cap,NYQ,USD
ANGI,Angi Inc.,Communication Services,Diversified Telecommunication Services,United States,Small Cap,NMS,USD
ANGIV,Angi Inc. Class A Common Stock When Issued,Communication Services,Diversified Telecommunication Services,United States,Small Cap,NMS,USD
ANGO,"AngioDynamics, Inc.",Health Care,Health Care Equipment & Supplies,United States,Small Cap,NMS,USD
ANGX,Angel Studios Inc. Class A Common Stock,Consumer Discretionary,"Hotels, Restaurants & Leisure",United States,Small Cap,NYQ,USD
ANIP,"ANI Pharmaceuticals, Inc.",Health Care,Pharmaceuticals,United States,Small Cap,NMS,USD
ANNX,"Annexon, Inc.",Health Care,Biotechnology,United States,Small Cap,NMS,USD
ANRO,Alto Neuroscience Inc.,Health Care,,United States,Small Cap,NYQ,USD
ANSS,"ANSYS, Inc.",Information Technology,Software,United States,Large Cap,NMS,USD
ANTM,"Anthem, Inc.",Health Care,Health Care Providers & Services,United States,Large Cap,NYQ,USD
AORT,Artivion Inc. Common Stock,Health Care,Health Care Technology,United States,Small Cap,NYQ,USD
AOS,A.O. Smith Corporation,Industrials,Machinery,United States,Large Cap,NYQ,USD
AOSL,Alpha and Omega Semiconductor Limited,Information Technology,Semiconductors & Semiconductor Equipment,United States,Small Cap,NMS,USD
AP1.F,"Aspen Aerogels, Inc.",Industrials,Building Products,United States,Small Cap,FRA,EUR
APA,APA Corporation,Energy,"Oil, Gas & Consumable Fuels",United States,Large Cap,NMS,USD
APC,ARKO Petroleum Corp. Class A Common Stock,Energy,"Oil, Gas & Consumable Fuels",United States,Small Cap,NMS,USD
APD,"Air Products and Chemicals, Inc.",Materials,Chemicals,United States,Large Cap,NYQ,USD
APEI,"American Public Education, Inc.",Consumer Staples,Household Products,United States,Small Cap,NMS,USD
APG,APi Group Corporation,Industrials,Construction & Engineering,United States,Large Cap,NYQ,USD
APGE,Apogee Therapeutics Inc. Common Stock,Health Care,Biotechnology,United States,Mid Cap,NMS,USD
APH,Amphenol Corporation Class A,Information Technology,"Electronic Equipment, Instruments & Components",United States,Large Cap,NYQ,USD
APH.F,"Ampio Pharmaceuticals, Inc.",Health Care,Biotechnology,United States,Small Cap,FRA,EUR
APLD,"Applied Science Products, Inc.",Industrials,Aerospace & Defense,United States,Mid Cap,PNK,USD
APLS,"Apellis Pharmaceuticals, Inc.",Health Care,Biotechnology,United States,Mid Cap,NMS,USD
APOG,"Apogee Enterprises, Inc.",Industrials,Building Products,United States,Small Cap,NMS,USD
APP,AppLovin Corp. Class A,Information Technology,Software,United States,Large Cap,NMS,USD
APPF,"AppFolio, Inc.",Information Technology,Software,United States,Mid Cap,NMS,USD
APPN,Appian Corporation Class A,Information Technology,Software,United States,Small Cap,NMS,USD
APPS,"Digital Turbine, Inc.",Information Technology,Software,United States,Small Cap,NCM,USD
APR,"Apria, Inc.",Health Care,Health Care Equipment & Supplies,United States,Small Cap,NMS,USD
AQST,"Aquestive Therapeutics, Inc.",Health Care,Pharmaceuticals,United States,Small Cap,NMS,USD
AQUA,EVOQUA WATER TECHNOLOGIES CORP.,Industrials,Construction & Engineering,United States,Mid Cap,NYQ,USD
AR,Antero Resources Corporation,Energy,"Oil, Gas & Consumable Fuels",United States,Large Cap,NYQ,USD
ARCAD.AS,Arcadis NV,Industrials,Construction & Engineering,Netherlands,Mid Cap,AMS,EUR
ARCB,ArcBest Corporation,Industrials,Transportation Infrastructure,United States,Mid Cap,NMS,USD
ARCH,"ARCH RESOURCES, INC.",Materials,Metals & Mining,United States,Mid Cap,NYQ,USD
ARDT,Ardent Health Partners Inc. Common Stock,Health Care,,United States,Small Cap,NYQ,USD
ARDX,"Ardelyx, Inc.",Health Care,Biotechnology,United States,Small Cap,NGM,USD
ARGX,argenx SE,Health Care,Biotechnology,Netherlands,Large Cap,NMS,USD
ARHS,Arhaus Inc. Class A Common Stock,Industrials,Building Products,United States,Small Cap,NMS,USD
ARKO,Arko Corp.,Consumer Staples,Food & Staples Retailing,United States,Small Cap,NCM,USD
ARLO,"Arlo Technologies, Inc.",Industrials,Professional Services,United States,Small Cap,NYQ,USD
ARLP,"Alliance Resource Partners, L.P.",Materials,Metals & Mining,United States,Mid Cap,NMS,USD
ARMK,Aramark,Consumer Discretionary,"Hotels, Restaurants & Leisure",United States,Large Cap,NYQ,USD
ARMP,Armata Pharmaceuticals Inc.,Health Care,Biotechnology,United States,Small Cap,ASE,USD
ARMZF,Aura Minerals Inc.,Materials,Metals & Mining,United States,Small Cap,PNK,USD
ARNA,"Arena Pharmaceuticals, Inc.",Health Care,Biotechnology,United States,Mid Cap,NMS,USD
ARNC,ARCONIC CORPORATION,Industrials,Machinery,United States,Mid Cap,NYQ,USD
ARNGF,Argonaut Gold Inc.,Materials,Metals & Mining,United States,Small Cap,PNK,USD
AROC,"Archrock, Inc.",Energy,Energy Equipment & Services,United States,Mid Cap,NYQ,USD
ARQT,"Arcutis Biotherapeutics, Inc.",Health Care,Biotechnology,United States,Mid Cap,NMS,USD
ARRY,"Array Technologies, Inc.",Information Technology,"Technology Hardware, Storage & Peripherals",United States,Small Cap,NGM,USD
ARTNA,Artesian Resources Corporation,Utilities,Water Utilities,United States,Small Cap,NMS,USD
ARVN,"Arvinas, Inc.",Health Care,Biotechnology,United States,Small Cap,NMS,USD
ARW,"Arrow Electronics, Inc.",Information Technology,"Electronic Equipment, Instruments & Components",United States,Mid Cap,NYQ,USD
ARWR,"Arrowhead Pharmaceuticals, Inc.",Health Care,Biotechnology,United States,Mid Cap,NMS,USD
ARXS,Arxis Inc. Class A Common Stock,Industrials,Aerospace & Defense,United States,Large Cap,NMS,USD
ASAN,"Asana, Inc.",Information Technology,Software,United States,Small Cap,NYQ,USD
ASGN,ASGN Incorporated,Industrials,Professional Services,United States,Small Cap,NYQ,USD
ASH,Ashland Inc.,Materials,Chemicals,United States,Mid Cap,NYQ,USD
ASIX,AdvanSix Inc.,Materials,Chemicals,United States,Small Cap,NYQ,USD
ASLE,AerSale Corporation,Industrials,Air Freight & Logistics,United States,Small Cap,NMS,USD
ASM.AS,ASM International N.V.,Information Technology,Semiconductors & Semiconductor Equipment,Netherlands,Large Cap,AMS,EUR
ASMB,"Assembly Biosciences, Inc.",Health Care,Biotechnology,United States,Small Cap,NMS,USD
ASML.AS,ASML Holding N.V.,Information Technology,Semiconductors & Semiconductor Equipment,Netherlands,Mega Cap,AMS,EUR
ASO,"Academy Sports and Outdoors, Inc.",Consumer Discretionary,Specialty Retail,United States,Mid Cap,NMS,USD
ASPI,ASP Isotopes Inc. Common Stock,Materials,Chemicals,United States,Small Cap,NMS,USD
ASST,Asset Entities Inc. Class B Common Stock,Information Technology,Software,United States,Small Cap,NMS,USD
ASTE,"Astec Industries, Inc.",Industrials,Machinery,United States,Small Cap,NMS,USD
ASTH,Astrana Health Inc. Common Stock,Industrials,Professional Services,United States,Small Cap,NMS,USD
ASTS,"AST SpaceMobile, Inc.",Communication Services,Diversified Telecommunication Services,United States,Large Cap,NMS,USD
AT2.F,"Atara Biotherapeutics, Inc.",Health Care,Biotechnology,United States,Small Cap,FRA,EUR
ATCD,Altair Corp.,Industrials,Machinery,United States,Mid Cap,PNK,USD
ATEC,"Alphatec Holdings, Inc.",Health Care,Health Care Technology,United States,Mid Cap,NMS,USD
ATEX,Anterix Inc.,Communication Services,Diversified Telecommunication Services,United States,Small Cap,NCM,USD
ATGE,Adtalem Global Education Inc.,Consumer Staples,Household Products,United States,Mid Cap,NYQ,USD
ATI,Allegheny Technologies Incorporated,Industrials,Building Products,United States,Large Cap,NYQ,USD
ATKR,Atkore Inc.,Industrials,Electrical Equipment,United States,Mid Cap,NYQ,USD
ATMU,Atmus Filtration Technologies Inc.,Industrials,,United States,Mid Cap,NYQ,USD
ATNI,"ATN International, Inc.",Communication Services,Diversified Telecommunication Services,United States,Small Cap,NMS,USD
ATO,Atmos Energy Corporation,Utilities,Gas Utilities,United States,Large Cap,NYQ,USD
ATR,"AptarGroup, Inc.",Consumer Discretionary,Distributors,United States,Mid Cap,NYQ,USD
ATRC,"AtriCure, Inc.",Health Care,Health Care Equipment & Supplies,United States,Small Cap,NMS,USD
ATRI,Atrion Corporation,Health Care,Health Care Equipment & Supplies,United States,Small Cap,NMS,USD
ATRO,Astronics Corporation,Industrials,Aerospace & Defense,United States,Mid Cap,NMS,USD
ATRS,"Antares Pharma, Inc.",Health Care,Health Care Equipment & Supplies,United States,Small Cap,NMS,USD
ATSG,"AIR TRANSPORT SERVICES GROUP, INC.",Industrials,Air Freight & Logistics,United States,Small Cap,NMS,USD
ATUS,"Altice USA, Inc.",Communication Services,Diversified Telecommunication Services,United States,Small Cap,NYQ,USD
ATVI,"ACTIVISION BLIZZARD, INC.",Communication Services,Interactive Media & Services,United States,Large Cap,NMS,USD
ATXS,Astria Therapeutics Inc. Common Stock,Health Care,Biotechnology,United States,Small Cap,NMS,USD
AUR,Aurora Innovation Inc. Class A Common Stock,Information Technology,Software,United States,Mid Cap,NMS,USD
AURA,Aura Biosciences Inc. Common Stock,Health Care,Biotechnology,United States,Small Cap,NMS,USD
AVA,Avista Corporation,Utilities,Multi-Utilities,United States,Mid Cap,NYQ,USD
AVAH,Aveanna Healthcare Holdings Inc.,Health Care,Health Care Equipment & Supplies,United States,Small Cap,NMS,USD
AVAV,"AeroVironment, Inc.",Industrials,Aerospace & Defense,United States,Large Cap,NMS,USD
AVBP,ArriVent BioPharma Inc. Common Stock,Health Care,,United States,Small Cap,NMS,USD
AVDX,AvidXchange Holdings Inc. Common Stock,Information Technology,Software,United States,Mid Cap,NMS,USD
AVGO,Broadcom Inc.,Information Technology,Semiconductors & Semiconductor Equipment,United States,Mega Cap,NMS,USD
AVHHL,"AVITA Medical, Inc.",Health Care,Health Care Technology,United States,Small Cap,PNK,USD
AVID,"Avid Technology, Inc.",Communication Services,Interactive Media & Services,United States,Small Cap,NMS,USD
AVIR,"Atea Pharmaceuticals, Inc.",Health Care,Biotechnology,United States,Small Cap,NMS,USD
AVLN,Avalyn Pharma Inc. Common Stock,Health Care,Biotechnology,United States,Small Cap,NMS,USD
AVLR,"Avalara, Inc.",Information Technology,Software,United States,Large Cap,NYQ,USD
AVNS,"Avanos Medical, Inc.",Health Care,Health Care Technology,United States,Small Cap,NYQ,USD
AVO,"Mission Produce, Inc.",Consumer Staples,Household Products,United States,Small Cap,NMS,USD
AVPT,AvePoint Inc. Class A Common Stock,Information Technology,Software,United States,Mid Cap,NMS,USD
AVR,Anteris Technologies Global Corp. Common Stock,Health Care,,United States,Small Cap,NMS,USD
AVT,"Avnet, Inc.",Information Technology,"Electronic Equipment, Instruments & Components",United States,Mid Cap,NMS,USD
AVTR,"Avantor, Inc.",Materials,Chemicals,United States,Mid Cap,NYQ,USD
AVTX,Avalo Therapeutics Inc. Common Stock,Health Care,Biotechnology,United States,Small Cap,NMS,USD
AVU.F,"Adverum Biotechnologies, Inc.",Health Care,Biotechnology,United States,Small Cap,FRA,EUR
AVXL,Anavex Life Sciences Corp.,Health Care,Biotechnology,United States,Small Cap,NMS,USD
AVY,Avery Dennison Corporation,Industrials,Commercial Services & Supplies,United States,Large Cap,NYQ,USD
AVYA,AVAYA HOLDINGS CORP,Information Technology,Software,United States,Mid Cap,NYQ,USD
AWI,"Armstrong World Industries, Inc.",Industrials,Building Products,United States,Mid Cap,NYQ,USD
AWK,"American Water Works Company, Inc.",Utilities,Water Utilities,United States,Large Cap,NYQ,USD
AWR,American States Water Company,Utilities,Water Utilities,United States,Mid Cap,NYQ,USD
AXD2.F,"Heron Therapeutics, Inc.",Health Care,Biotechnology,United States,Small Cap,FRA,EUR
AXDX.MX,"Accelerate Diagnostics, Inc.",Health Care,Biotechnology,United States,Small Cap,MEX,MXN
AXGN,"AxoGen, Inc.",Health Care,Health Care Technology,United States,Small Cap,NCM,USD
AXL,"American Axle & Manufacturing Holdings, Inc.",Consumer Discretionary,Auto Components,United States,Small Cap,NYQ,USD
AXNX,"Axonics, Inc.",Health Care,Health Care Technology,United States,Mid Cap,NMS,USD
AXON,Axon Enterprise Inc,Industrials,Aerospace & Defense,United States,Large Cap,NMS,USD
AXSM,"Axsome Therapeutics, Inc.",Health Care,Biotechnology,United States,Mid Cap,NMS,USD
AXTA,Axalta Coating Systems Ltd.,Materials,Chemicals,United States,Mid Cap,NYQ,USD
AXTI,"AXT, Inc.",Information Technology,Semiconductors & Semiconductor Equipment,United States,Small Cap,NMS,USD
AYI,"Acuity Brands, Inc.",Industrials,Electrical Equipment,United States,Mid Cap,NYQ,USD
AYRWF,AYR WELLNESS INC.,Health Care,Pharmaceuticals,United States,Small Cap,PNK,USD
AYX,"Alteryx, Inc.",Information Technology,Software,United States,Mid Cap,NYQ,USD
AZEK,The AZEK Company Inc.,Industrials,Building Products,United States,Mid Cap,NYQ,USD
AZPN,"Aspen Technology, Inc.",Information Technology,Software,United States,Large Cap,NMS,USD
AZTA,Azenta Inc.,Health Care,Health Care Technology,United States,Small Cap,NMS,USD
AZZ,AZZ Inc.,Industrials,Electrical Equipment,United States,Mid Cap,NYQ,USD
B,Barnes Group Inc.,Industrials,Machinery,United States,Large Cap,NYQ,USD
B04.F,"Boku, Inc.",Information Technology,IT Services,United States,Small Cap,FRA,EUR
BA,Boeing Company (The),Industrials,Aerospace & Defense,United States,Large Cap,NYQ,USD
BAH,Booz Allen Hamilton Holding Corporation Class A,Industrials,Professional Services,United States,Mid Cap,NYQ,USD
BALL,Ball Corporation Common Stock,Consumer Discretionary,Distributors,United States,Large Cap,NYQ,USD
BALY,Bally's Corporation,Consumer Discretionary,"Hotels, Restaurants & Leisure",United States,Small Cap,NYQ,USD
BAMNB.AS,Koninklijke BAM Groep NV,Industrials,Construction & Engineering,Netherlands,Small Cap,AMS,EUR
BAND,Bandwidth Inc. Class A,Information Technology,Software,United States,Small Cap,NMS,USD
BASE,Couchbase Inc. Common Stock,Information Technology,Software,United States,Small Cap,NMS,USD
BATRA,The Liberty Braves Group,Communication Services,Entertainment,United States,Mid Cap,NMS,USD
BAX,Baxter International Inc.,Health Care,Health Care Equipment & Supplies,United States,Large Cap,NYQ,USD
BAYP,"Bayport International Holdings, Inc.",Energy,,United States,Large Cap,PNK,USD
BBAI,BigBear.ai Inc. Common Stock,Information Technology,Software,United States,Small Cap,NYQ,USD
BBBY,Bed Bath & Beyond Inc.,Consumer Discretionary,Specialty Retail,United States,Small Cap,NMS,USD
BBCP,"Concrete Pumping Holdings, Inc.",Industrials,Construction & Engineering,United States,Small Cap,NMS,USD
BBIG,"Vinco Ventures, Inc.",Consumer Discretionary,"Hotels, Restaurants & Leisure",United States,Small Cap,NCM,USD
BBIO,"BridgeBio Pharma, Inc.",Health Care,Biotechnology,United States,Large Cap,NMS,USD
BBNX,Beta Bionics Inc. Common Stock,Health Care,Health Care Technology,United States,Small Cap,NMS,USD
BBOT,BridgeBio Oncology Therapeutics Inc. Common Stock  ,Health Care,Biotechnology,United States,Small Cap,NMS,USD
BBSI,"Barrett Business Services, Inc.",Industrials,Professional Services,United States,Small Cap,NMS,USD
BBW,"Build-A-Bear Workshop, Inc.",Consumer Discretionary,Specialty Retail,United States,Small Cap,NYQ,USD
BBWI,Bath & Body Works Inc.,Industrials,Professional Services,United States,Mid Cap,NYQ,USD
BBY,"Best Buy Co., Inc.",Consumer Discretionary,Specialty Retail,United States,Large Cap,NYQ,USD
BBY.DE,Bed Bath &amp; Beyond Inc.,Consumer Discretionary,,United States,Mid Cap,GER,EUR
BC,Brunswick Corporation,Consumer Discretionary,"Hotels, Restaurants & Leisure",United States,Mid Cap,NYQ,USD
BCAX,Bicara Therapeutics Inc. Common Stock,Health Care,,United States,Small Cap,NMS,USD
BCC,Boise Cascade Co.,Materials,Paper & Forest Products,United States,Mid Cap,NYQ,USD
BCEI,"Bonanza Creek Energy, Inc.",Energy,"Oil, Gas & Consumable Fuels",United States,Small Cap,NYQ,USD
BCPC,Balchem Corp,Materials,Chemicals,United States,Mid Cap,NMS,USD
BCRX,"BioCryst Pharmaceuticals, Inc.",Health Care,Biotechnology,United States,Small Cap,NMS,USD
BDC,Belden Inc.,Industrials,Electrical Equipment,United States,Mid Cap,NYQ,USD
BDO.F,Clarus Corporation,Consumer Discretionary,"Hotels, Restaurants & Leisure",United States,Small Cap,FRA,EUR
BDSI,"BioDelivery Sciences International, Inc.",Health Care,Pharmaceuticals,United States,Small Cap,NMS,USD
BDX,"Becton, Dickinson and Company",Health Care,Health Care Equipment & Supplies,United States,Large Cap,NYQ,USD
BE,Bloom Energy Corporation,Industrials,Electrical Equipment,United States,Large Cap,NYQ,USD
BEAM,Beam Therapeutics Inc.,Health Care,Biotechnology,United States,Mid Cap,NMS,USD
BECN,"Beacon Roofing Supply, Inc.",Industrials,Building Products,United States,Mid Cap,NMS,USD
BELFA,Bel Fuse Inc.,Information Technology,"Electronic Equipment, Instruments & Components",United States,Mid Cap,NMS,USD
BEPC,Brookfield Renewable Corporation,Utilities,Independent Power and Renewable Electricity Producers,United States,Large Cap,NYQ,USD
BERY,"Berry Global Group, Inc.",Consumer Discretionary,Distributors,United States,Mid Cap,NYQ,USD
BESI.AS,BE Semiconductor Industries N.V.,Information Technology,Semiconductors & Semiconductor Equipment,Netherlands,Mid Cap,AMS,EUR
BETA,Beta Technologies Inc. Class A Common Stock,Industrials,Aerospace & Defense,United States,Mid Cap,NYQ,USD
BF-A,Brown-Forman Corporation,Consumer Staples,Beverages,United States,Large Cap,NYQ,USD
BFAM,Bright Horizons Family Solutions Inc.,Consumer Discretionary,"Hotels, Restaurants & Leisure",United States,Mid Cap,NYQ,USD
BFIT.AS,Basic-Fit NV,Consumer Discretionary,"Hotels, Restaurants & Leisure",Netherlands,Mid Cap,AMS,EUR
BG,Bunge Limited,Consumer Staples,Household Products,United States,Large Cap,NYQ,USD
BG3.F,Big 5 Sporting Goods Corporation,Consumer Discretionary,Specialty Retail,United States,Small Cap,FRA,EUR
BGRY,Berkshire Grey Inc. Class A Common Stock,Industrials,Machinery,United States,Small Cap,NMS,USD
BGS,"B&G Foods, Inc.",Consumer Staples,Food & Staples Retailing,United States,Small Cap,NYQ,USD
BH,Biglari Holdings Inc.,Consumer Discretionary,"Hotels, Restaurants & Leisure",United States,Small Cap,NYQ,USD
BHE,"Benchmark Electronics, Inc.",Information Technology,"Electronic Equipment, Instruments & Components",United States,Mid Cap,NYQ,USD
BHVN,Biohaven Pharmaceutical Holding Company Ltd.,Health Care,Biotechnology,United States,Small Cap,NYQ,USD
BIGC,"BigCommerce Holdings, Inc.",Information Technology,Software,United States,Small Cap,NGM,USD
BIIB,Biogen Inc.,Health Care,Pharmaceuticals,United States,Large Cap,NMS,USD
BILL,"BILL Holdings, Inc.",Information Technology,Software,United States,Mid Cap,NYQ,USD
BIO,"Bio-Rad Laboratories, Inc. Class A",Health Care,Health Care Technology,United States,Mid Cap,NYQ,USD
BIOA,BioAge Labs Inc. Common Stock,Health Care,Biotechnology,United States,Small Cap,NMS,USD
BIPC,Brookfield Infrastructure Corporation,Utilities,Gas Utilities,United States,Mid Cap,NYQ,USD
BJ,"BJ's Wholesale Club Holdings, Inc.",Consumer Staples,Household Products,United States,Large Cap,NYQ,USD
BJRI,"BJ's Restaurants, Inc.",Consumer Discretionary,"Hotels, Restaurants & Leisure",United States,Small Cap,NMS,USD
BKD,Brookdale Senior Living Inc.,Health Care,Health Care Equipment & Supplies,United States,Mid Cap,NYQ,USD
BKE,"The Buckle, Inc.",Consumer Discretionary,"Textiles, Apparel & Luxury Goods",United States,Mid Cap,NYQ,USD
BKH,Black Hills Corporation,Utilities,Multi-Utilities,United States,Mid Cap,NYQ,USD
BKI,"BLACK KNIGHT, INC.",Information Technology,Software,United States,Large Cap,NYQ,USD
BKNG,Booking Holdings Inc.,Consumer Discretionary,"Hotels, Restaurants & Leisure",United States,Large Cap,NMS,USD
BKR,Baker Hughes Company Class A,Energy,Energy Equipment & Services,United States,Large Cap,NYQ,USD
BKRP,Black Rock Petroleum Company,Energy,"Oil, Gas & Consumable Fuels",United States,Small Cap,PNK,USD
BKSY,BlackSky Technology Inc. Class A Common Stock,Information Technology,"Electronic Equipment, Instruments & Components",United States,Small Cap,NYQ,USD
BKTI,BK Technologies Corporation,Information Technology,Communications Equipment,United States,Small Cap,ASE,USD
BKUH,"Bakhu Holdings, Corp.",Health Care,Pharmaceuticals,United States,Small Cap,PNK,USD
BKV,BKV Corporation Common Stock,Energy,"Oil, Gas & Consumable Fuels",United States,Mid Cap,NYQ,USD
BL,"BlackLine, Inc.",Information Technology,Software,United States,Mid Cap,NMS,USD
BLBD,Blue Bird Corporation,Consumer Discretionary,Automobiles,United States,Small Cap,NGM,USD
BLD,TopBuild Corp.,Industrials,Construction & Engineering,United States,Large Cap,NYQ,USD
BLDE,Blade Air Mobility Inc. Class A Common Stock,Industrials,Aerospace & Defense,United States,Small Cap,NMS,USD
BLDR,"Builders FirstSource, Inc.",Industrials,Building Products,United States,Large Cap,NMS,USD
BLE.F,"bluebird bio, Inc.",Health Care,Biotechnology,United States,Small Cap,FRA,EUR
BLFS,"BioLife Solutions, Inc.",Health Care,Health Care Equipment & Supplies,United States,Small Cap,NCM,USD
BLI,"Berkeley Lights, Inc.",Health Care,Biotechnology,United States,Mid Cap,NMS,USD
BLKB,"Blackbaud, Inc.",Information Technology,Software,United States,Mid Cap,NMS,USD
BLL,Ball Corporation,Consumer Discretionary,Distributors,United States,Large Cap,NYQ,USD
BLLN,BillionToOne Inc. Class A Common Stock,Health Care,Biotechnology,United States,Mid Cap,NMS,USD
BLMN,"Bloomin' Brands, Inc.",Consumer Discretionary,"Hotels, Restaurants & Leisure",United States,Small Cap,NMS,USD
BLNKW,Blink Charging Co.,Consumer Discretionary,Specialty Retail,United States,Small Cap,NCM,USD
BLTE,Belite Bio Inc American Depositary Shares,Health Care,Biotechnology,United States,Mid Cap,NMS,USD
BMBL,Bumble Inc.,Information Technology,Software,United States,Small Cap,NMS,USD
BMI,"Badger Meter, Inc.",Industrials,Electrical Equipment,United States,Mid Cap,NYQ,USD
BMRN,BioMarin Pharmaceutical Inc.,Health Care,Biotechnology,United States,Large Cap,NMS,USD
BMY,Bristol-Myers Squibb Company,Health Care,Pharmaceuticals,United States,Large Cap,NYQ,USD
BNFT,"Benefitfocus, Inc.",Information Technology,Software,United States,Small Cap,NGM,USD
BNTC,Benitec Biopharma Inc.,Health Care,Biotechnology,United States,Small Cap,NCM,USD
BOBS,Bob's Discount Furniture Inc. Common Stock,Consumer Discretionary,Automobiles,United States,Mid Cap,NYQ,USD
BOC,Boston Omaha Corporation Class A Common Stock,Communication Services,Diversified Telecommunication Services,United States,Small Cap,NYQ,USD
BOKA.AS,Royal Boskalis Westminster N.V.,Industrials,Construction & Engineering,Netherlands,Mid Cap,AMS,EUR
BOMN,Boston Omaha Corporation,Communication Services,Diversified Telecommunication Services,United States,Small Cap,NCM,USD
BOOT,"Boot Barn Holdings, Inc.",Consumer Discretionary,"Textiles, Apparel & Luxury Goods",United States,Mid Cap,NYQ,USD
BOV.F,Apyx Medical Corporation,Health Care,Health Care Technology,United States,Small Cap,FRA,EUR
BOWL,Bowlero Corp. Class A Common Stock,Consumer Discretionary,"Hotels, Restaurants & Leisure",United States,Small Cap,ASE,USD
BOX,"Box, Inc.",Information Technology,Software,United States,Mid Cap,NYQ,USD
BPMC,BLUEPRINT MEDICINES CORPORATION,Health Care,Biotechnology,United States,Mid Cap,NMS,USD
BPMP,BP Midstream Partners LP,Energy,"Oil, Gas & Consumable Fuels",United States,Small Cap,NYQ,USD
BR,"Broadridge Financial Solutions, Inc.",Information Technology,IT Services,United States,Large Cap,NYQ,USD
BRBR,"BellRing Brands, Inc.",Consumer Staples,Food & Staples Retailing,United States,Mid Cap,NYQ,USD
BRC,Brady Corporation,Industrials,Professional Services,United States,Mid Cap,NYQ,USD
BRKR,Bruker Corporation,Health Care,Health Care Technology,United States,Mid Cap,NMS,USD
BRKRP,Bruker Corporation 6.375% Mandatory Convertible Preferred Stock Series A,Health Care,Biotechnology,United States,Large Cap,NMS,USD
BRKS,"Brooks Automation, Inc.",Information Technology,Semiconductors & Semiconductor Equipment,United States,Mid Cap,NMS,USD
BRNL.AS,Brunel International N.V.,Industrials,Professional Services,Netherlands,Small Cap,AMS,EUR
BROS,Dutch Bros Inc. Class A Common Stock,Consumer Discretionary,"Hotels, Restaurants & Leisure",United States,Mid Cap,NYQ,USD
BRSL,Brightstar Lottery Ordinary Shares,Consumer Discretionary,"Hotels, Restaurants & Leisure",United States,Mid Cap,NYQ,USD
BRZE,Braze Inc. Class A Common Stock,Information Technology,Software,United States,Mid Cap,NMS,USD
BS50.F,"Inotiv, Inc.",Health Care,Biotechnology,United States,Small Cap,FRA,EUR
BSX,Boston Scientific Corporation,Health Care,,United States,Large Cap,NYQ,USD
BSY,"Bentley Systems, Incorporated Class B",Information Technology,Software,United States,Large Cap,NMS,USD
BTBT,"Bit Digital, Inc.",Information Technology,Software,United States,Small Cap,NMS,USD
BTRS,BTRS Holdings Inc.,Information Technology,Software,United States,Mid Cap,NMS,USD
BTSG,BrightSpring Health Services Inc. Common Stock,Health Care,,United States,Mid Cap,NMS,USD
BTU,Peabody Energy Corporation,Materials,Metals & Mining,United States,Mid Cap,NYQ,USD
BTX,"Brooklyn ImmunoTherapeutics, Inc.",Health Care,Biotechnology,United States,Small Cap,NYQ,USD
BURL,"Burlington Stores, Inc.",Consumer Discretionary,"Textiles, Apparel & Luxury Goods",United States,Large Cap,NYQ,USD
BV,"BrightView Holdings, Inc.",Industrials,Professional Services,United States,Small Cap,NYQ,USD
BVH,Bluegreen Vacations Holding Corporation,Consumer Discretionary,"Hotels, Restaurants & Leisure",United States,Small Cap,NYQ,USD
BVS,Bioventus Inc.,Health Care,Biotechnology,United States,Small Cap,NMS,USD
BW,"Babcock & Wilcox Enterprises, I",Industrials,Electrical Equipment,United States,Small Cap,NYQ,USD
BWA,BorgWarner Inc.,Consumer Discretionary,Auto Components,United States,Large Cap,NYQ,USD
BWMN,Bowman Consulting Group Ltd. Common Stock,Industrials,Professional Services,United States,Small Cap,NMS,USD
BWNB,Babcock & Wilcox Enterprises Inc. 6.50% Senior Notes due 2026,Industrials,Building Products,United States,Mid Cap,NYQ,USD
BWXT,"BWX Technologies, Inc.",Industrials,Aerospace & Defense,United States,Large Cap,NYQ,USD
BX2.F,"BioXcel Therapeutics, Inc.",Health Care,Biotechnology,United States,Small Cap,FRA,EUR
BXBL,BOXABL Inc. Common stock,Industrials,Construction & Engineering,United States,Small Cap,NMS,USD
BXC,BlueLinx Holdings Inc.,Industrials,Building Products,United States,Small Cap,NYQ,USD
BYD,Boyd Gaming Corporation,Consumer Discretionary,"Hotels, Restaurants & Leisure",United States,Mid Cap,NYQ,USD
BYND,"Beyond Meat, Inc.",Consumer Staples,Food & Staples Retailing,United States,Small Cap,NMS,USD
BYON,Beyond Inc. Common Stock,Consumer Discretionary,Internet & Direct Marketing Retail,United States,Small Cap,ASE,USD
BYRND,Byrna Technologies Inc.,Industrials,Aerospace & Defense,United States,Small Cap,PNK,USD
BZH,"Beazer Homes USA, Inc.",Industrials,Construction & Engineering,United States,Small Cap,NYQ,USD
CABA,"Cabaletta Bio, Inc.",Health Care,Biotechnology,United States,Small Cap,NMS,USD
CACI,CACI International Inc,Information Technology,IT Services,United States,Large Cap,NYQ,USD
CAG,"Conagra Brands, Inc.",Consumer Staples,Food & Staples Retailing,United States,Mid Cap,NYQ,USD
CAH,"Cardinal Health, Inc.",Health Care,Health Care Providers & Services,United States,Large Cap,NYQ,USD
CAI,"CAI International, Inc.",Industrials,Commercial Services & Supplies,United States,Mid Cap,NYQ,USD
CAKE,Cheesecake Factory Incorporated,Consumer Discretionary,"Hotels, Restaurants & Leisure",United States,Mid Cap,NMS,USD
CAL,"Caleres, Inc.",Consumer Discretionary,"Textiles, Apparel & Luxury Goods",United States,Small Cap,NYQ,USD
CALM,"Cal-Maine Foods, Inc.",Consumer Staples,Household Products,United States,Mid Cap,NMS,USD
CALX,"Calix, Inc.",Information Technology,Software,United States,Mid Cap,NYQ,USD
CAMP,CalAmp Corp.,Information Technology,Communications Equipment,United States,Small Cap,NMS,USD
CAPL,CrossAmerica Partners LP,Energy,"Oil, Gas & Consumable Fuels",United States,Small Cap,NYQ,USD
CAPR,"Capricor Therapeutics, Inc.",Health Care,Biotechnology,United States,Small Cap,NMS,USD
CAR,"Avis Budget Group, Inc.",Industrials,Commercial Services & Supplies,United States,Mid Cap,NMS,USD
CARG,"CarGurus, Inc.",Communication Services,Diversified Telecommunication Services,United States,Mid Cap,NMS,USD
CARL,Carlsmed Inc. Common Stock,Health Care,Health Care Technology,United States,Small Cap,NMS,USD
CARR,Carrier Global Corp.,Industrials,Building Products,United States,Large Cap,NYQ,USD
CARS,Cars.com Inc.,Consumer Discretionary,Automobiles,United States,Small Cap,NYQ,USD
CART,Maplebear Inc. Common Stock,Information Technology,,United States,Mid Cap,NMS,USD
CASS,"Cass Information Systems, Inc.",Industrials,Professional Services,United States,Small Cap,NMS,USD
CASY,"Casey's General Stores, Inc.",Consumer Staples,Food & Staples Retailing,United States,Large Cap,NMS,USD
CAT,Caterpillar Inc.,Industrials,Machinery,United States,Mega Cap,NYQ,USD
CATM,Cardtronics plc,Industrials,Commercial Services & Supplies,United States,Small Cap,NMS,USD
CATX,Perspective Therapeutics Inc. Common Stock,Health Care,Biotechnology,United States,Small Cap,ASE,USD
CAVA,CAVA Group Inc. Common Stock,Consumer Discretionary,"Hotels, Restaurants & Leisure",United States,Mid Cap,NYQ,USD
CBAY,"CymaBay Therapeutics, Inc.",Health Care,Biotechnology,United States,Mid Cap,NMS,USD
CBB,Cincinnati Bell Inc.,Communication Services,Diversified Telecommunication Services,United States,Small Cap,NYQ,USD
CBIO,"Catalyst Biosciences, Inc.",Health Care,Biotechnology,United States,Small Cap,NMS,USD
CBLL,CeriBell Inc. Common Stock,Health Care,,United States,Small Cap,NMS,USD
CBRL,"Cracker Barrel Old Country Store, Inc.",Consumer Discretionary,"Hotels, Restaurants & Leisure",United States,Small Cap,NMS,USD
CBRS,Cerebras Systems Inc. Class A Common Stock,Information Technology,Semiconductors & Semiconductor Equipment,United States,Large Cap,NMS,USD
CBT,Cabot Corporation,Materials,Chemicals,United States,Mid Cap,NYQ,USD
CBZ,"CBIZ, Inc.",Industrials,Professional Services,United States,Small Cap,NYQ,USD
CC,The Chemours Company,Materials,Chemicals,United States,Mid Cap,NYQ,USD
CC6.F,Comtech Telecommunications Corp.,Information Technology,Communications Equipment,United States,Small Cap,FRA,EUR
CCC,CCC Intelligent Solutions Holdings Inc. Common Stock,Information Technology,Software,United States,Mid Cap,NMS,USD
CCCC,"C4 Therapeutics, Inc.",Health Care,Biotechnology,United States,Small Cap,NMS,USD
CCF,Chase Corporation,Materials,Chemicals,United States,Small Cap,ASE,USD
CCHWF,Columbia Care Inc.,Health Care,Pharmaceuticals,United States,Small Cap,PNK,USD
CCK,"Crown Holdings, Inc.",Consumer Discretionary,Distributors,United States,Large Cap,NYQ,USD
CCL,Carnival Corporation & plc,Consumer Discretionary,"Hotels, Restaurants & Leisure",United States,Large Cap,NYQ,USD
CCLDO,CareCloud Inc. 8.75% Series B Cumulative Redeemable Perpetual Preferred Stock,Health Care,Health Care Providers & Services,United States,Small Cap,NMS,USD
CCLDP,CareCloud Inc. 11% Series A Cumulative Redeemable Perpetual Preferred Stock,Health Care,Health Care Providers & Services,United States,Small Cap,NMS,USD
CCLP,CSI Compressco LP,Energy,Energy Equipment & Services,United States,Small Cap,NMS,USD
CCMP,"CMC Materials, Inc.",Information Technology,Semiconductors & Semiconductor Equipment,United States,Mid Cap,NMS,USD
CCO,"Clear Channel Outdoor Holdings, Inc.",Communication Services,Diversified Telecommunication Services,United States,Small Cap,NYQ,USD
CCOI,"Cogent Communications Holdings, Inc.",Communication Services,Diversified Telecommunication Services,United States,Small Cap,NMS,USD
CCS,"Century Communities, Inc.",Industrials,Construction & Engineering,United States,Small Cap,NYQ,USD
CCSI,Consensus Cloud Solutions Inc. Common Stock,Information Technology,Software,United States,Small Cap,NMS,USD
CDAK,"Codiak BioSciences, Inc.",Health Care,Biotechnology,United States,Small Cap,NGM,USD
CDAY,Ceridian HCM Holding Inc.,Information Technology,Software,United States,Large Cap,NYQ,USD
CDE,"Coeur Mining, Inc.",Materials,Metals & Mining,United States,Large Cap,NYQ,USD
CDEV,"Centennial Resource Development, Inc.",Energy,"Oil, Gas & Consumable Fuels",United States,Small Cap,NMS,USD
CDK,"CDK Global, Inc.",Information Technology,Software,United States,Mid Cap,NMS,USD
CDMO,"Avid Bioservices, Inc.",Health Care,Biotechnology,United States,Small Cap,NCM,USD
CDNA,"CareDx, Inc.",Health Care,Biotechnology,United States,Small Cap,NMS,USD
CDNS,"Cadence Design Systems, Inc.",Information Technology,Software,United States,Large Cap,NMS,USD
CDRE,Cadre Holdings Inc. Common Stock,Industrials,,United States,Small Cap,NYQ,USD
CDTX,"Cidara Therapeutics, Inc.",Health Care,Biotechnology,United States,Mid Cap,NGM,USD
CDW,CDW Corporation,Information Technology,IT Services,United States,Large Cap,NMS,USD
CDXC,ChromaDex Corporation,Health Care,Biotechnology,United States,Small Cap,NMS,USD
CDZI,Cadiz Inc.,Utilities,Water Utilities,United States,Small Cap,NGM,USD
CDZIP,Cadiz Inc. Depositary Shares,Utilities,Water Utilities,United States,Small Cap,NMS,USD
CE,Celanese Corporation,Materials,Chemicals,United States,Mid Cap,NYQ,USD
CECO,CECO Environmental Corp. Common Stock,Industrials,,United States,Mid Cap,NMS,USD
CEG,Constellation Energy Corporation Common Stock ,Utilities,Electric Utilities,United States,Large Cap,NMS,USD
CEIX,CONSOL Energy Inc.,Materials,Metals & Mining,United States,Mid Cap,NYQ,USD
CELC,Celcuity Inc.,Health Care,Biotechnology,United States,Mid Cap,NCM,USD
CELH,"Celsius Holdings, Inc.",Consumer Staples,Beverages,United States,Large Cap,NMS,USD
CENT,Central Garden & Pet Company,Consumer Staples,Food & Staples Retailing,United States,Mid Cap,NMS,USD
CENX,Century Aluminum Company,Materials,Metals & Mining,United States,Mid Cap,NMS,USD
CEPL,Capstone Energy Plus Inc. Common Stock,Information Technology,"Electronic Equipment, Instruments & Components",United States,Small Cap,NMS,USD
CERE,"Cerevel Therapeutics Holdings, Inc.",Health Care,Biotechnology,United States,Mid Cap,NCM,USD
CERN,Cerner Corporation,Health Care,Health Care Providers & Services,United States,Large Cap,NMS,USD
CERS,Cerus Corporation,Health Care,,United States,Small Cap,NMS,USD
CERT,"Certara, Inc.",Health Care,Biotechnology,United States,Small Cap,NMS,USD
CEVA,"CEVA, Inc.",Information Technology,Semiconductors & Semiconductor Equipment,United States,Small Cap,NMS,USD
CF,"IES Holdings, Inc.",Industrials,Construction & Engineering,United States,Large Cap,NYQ,USD
CFLT,Confluent Inc. Class A Common Stock,Information Technology,Software,United States,Large Cap,NMS,USD
CFX,Colfax Corporation,Industrials,Machinery,United States,Mid Cap,NYQ,USD
CGE.F,Alcatel-Lucent,Information Technology,,United States,Large Cap,FRA,EUR
CGEM,"Cullinan Oncology, Inc.",Health Care,Biotechnology,United States,Small Cap,NMS,USD
CGNX,Cognex Corporation,Information Technology,"Electronic Equipment, Instruments & Components",United States,Mid Cap,NMS,USD
CGON,CG Oncology Inc. Common stock,Health Care,,United States,Mid Cap,NMS,USD
CHD,"Church & Dwight Co., Inc.",Consumer Staples,Household Products,United States,Large Cap,NYQ,USD
CHDN,"Churchill Downs, Incorporated",Consumer Discretionary,"Hotels, Restaurants & Leisure",United States,Mid Cap,NMS,USD
CHE,Chemed Corporation,Health Care,Health Care Equipment & Supplies,United States,Mid Cap,NYQ,USD
CHEF,"The Chefs' Warehouse, Inc.",Consumer Staples,Food & Staples Retailing,United States,Mid Cap,NMS,USD
CHH,"Choice Hotels International, Inc.",Consumer Discretionary,"Hotels, Restaurants & Leisure",United States,Mid Cap,NYQ,USD
CHK,Chesapeake Energy Corporation,Energy,"Oil, Gas & Consumable Fuels",United States,Large Cap,NMS,USD
CHNG,Change Healthcare Inc.,Health Care,Health Care Providers & Services,United States,Mid Cap,NMS,USD
CHPT-WT,"ChargePoint Holdings, Inc.",Consumer Discretionary,Specialty Retail,United States,Mid Cap,NYQ,USD
CHRD,Chord Energy Corporation Common Stock,Energy,"Oil, Gas & Consumable Fuels",United States,Mid Cap,NMS,USD
CHRW,"C.H. Robinson Worldwide, Inc.",Industrials,Air Freight & Logistics,United States,Large Cap,NMS,USD
CHS,"Chico's FAS, Inc.",Consumer Discretionary,"Textiles, Apparel & Luxury Goods",United States,Small Cap,NYQ,USD
CHSCL,CHS Inc.,Consumer Staples,Household Products,United States,Small Cap,NMS,USD
CHTR,"Charter Communications, Inc. Class A",Communication Services,Entertainment,United States,Large Cap,NMS,USD
CHUY,"Chuy's Holdings, Inc.",Consumer Discretionary,"Hotels, Restaurants & Leisure",United States,Small Cap,NMS,USD
CHWY,"Chewy, Inc.",Consumer Discretionary,Internet & Direct Marketing Retail,United States,Large Cap,NYQ,USD
CHX,ChampionX Corporation,Energy,Energy Equipment & Services,United States,Mid Cap,NMS,USD
CI,Cigna Corporation,Health Care,Health Care Providers & Services,United States,Large Cap,NYQ,USD
CIEN,Ciena Corporation,Information Technology,Communications Equipment,United States,Large Cap,NYQ,USD
CIR,"CIRCOR International, Inc.",Industrials,Machinery,United States,Small Cap,NYQ,USD
CIVI,Civitas Resources Inc. Common Stock,Energy,"Oil, Gas & Consumable Fuels",United States,Mid Cap,ASE,USD
CKPT,"Checkpoint Therapeutics, Inc.",Health Care,Biotechnology,United States,Small Cap,NMS,USD
CL,Colgate-Palmolive Company,Consumer Staples,Household Products,United States,Large Cap,NYQ,USD
CLB.AS,Core Laboratories N.V.,Energy,Energy Equipment & Services,Netherlands,Small Cap,AMS,EUR
CLDR,"Cloudera, Inc.",Information Technology,Software,United States,Mid Cap,NYQ,USD
CLDX,"Celldex Therapeutics, Inc.",Health Care,Biotechnology,United States,Small Cap,NCM,USD
CLF,Cleveland-Cliffs Inc,Materials,Metals & Mining,United States,Mid Cap,NYQ,USD
CLFD,"Clearfield, Inc.",Information Technology,Communications Equipment,United States,Small Cap,NMS,USD
CLGX,"CoreLogic, Inc.",Information Technology,IT Services,United States,Mid Cap,NYQ,USD
CLH,"Clean Harbors, Inc.",Industrials,Transportation Infrastructure,United States,Large Cap,NYQ,USD
CLMB,Climb Global Solutions Inc. Common Stock,Information Technology,Software,United States,Small Cap,NMS,USD
CLMT,"Calumet Specialty Products Partners, L.P.",Energy,"Oil, Gas & Consumable Fuels",United States,Mid Cap,NMS,USD
CLNE,Clean Energy Fuels Corp.,Energy,"Oil, Gas & Consumable Fuels",United States,Small Cap,NMS,USD
CLOV,"Clover Health Investments, Corp.",Health Care,Health Care Providers & Services,United States,Small Cap,NMS,USD
CLPE,"Clear Peak Energy, Inc.",Utilities,Independent Power and Renewable Electricity Producers,United States,Mid Cap,PNK,USD
CLPT,"ClearPoint Neuro, Inc.",Health Care,Health Care Technology,United States,Small Cap,NMS,USD
CLR,"Continental Resources, Inc.",Energy,"Oil, Gas & Consumable Fuels",United States,Large Cap,NYQ,USD
CLSK,"CleanSpark, Inc.",Information Technology,Software,United States,Mid Cap,NMS,USD
CLVS,"Clovis Oncology, Inc.",Health Care,Biotechnology,United States,Small Cap,NMS,USD
CLX,The Clorox Company,Consumer Staples,Household Products,United States,Large Cap,NYQ,USD
CLYM,Climb Bio Inc. Common Stock,Health Care,Biotechnology,United States,Small Cap,NMS,USD
CMC,Commercial Metals Company,Materials,Metals & Mining,United States,Mid Cap,NYQ,USD
CMCO,Columbus McKinnon Corporation,Industrials,Machinery,United States,Small Cap,NMS,USD
CMCOM.AS,CM.com N.V.,Information Technology,Software,Netherlands,Small Cap,AMS,EUR
CMCSA,Comcast Corporation,Communication Services,Entertainment,United States,Large Cap,NMS,USD
CMD,Cantel Medical Corp.,Health Care,Health Care Equipment & Supplies,United States,Mid Cap,NYQ,USD
CMG,"Chipotle Mexican Grill, Inc.",Consumer Discretionary,"Hotels, Restaurants & Leisure",United States,Large Cap,NYQ,USD
CMGR,Clubhouse Media Group Inc.,Communication Services,Entertainment,United States,Small Cap,PNK,USD
CMI,Cummins Inc.,Industrials,Machinery,United States,Large Cap,NYQ,USD
CMP,"Compass Minerals International, Inc.",Materials,Metals & Mining,United States,Small Cap,NYQ,USD
CMPO,CompoSecure Inc. Class A Common Stock,Energy,Energy Equipment & Services,United States,Mid Cap,NMS,USD
CMPX,"Compass Therapeutics, Inc.",Health Care,Biotechnology,United States,Small Cap,PNK,USD
CMRX,"Chimerix, Inc.",Health Care,Biotechnology,United States,Small Cap,NGM,USD
CMS,CMS Energy Corporation,Utilities,Electric Utilities,United States,Large Cap,NYQ,USD
CMS-PB,Consumers Energy Company,Utilities,Electric Utilities,United States,Mid Cap,NYQ,USD
CMSA,CMS Energy Corporation 5.625% Junior Subordinated Notes due 2078,Utilities,Electric Utilities,United States,Mid Cap,NYQ,USD
CMSC,CMS Energy Corporation 5.875% Junior Subordinated Notes due 2078,Utilities,Electric Utilities,United States,Mid Cap,NYQ,USD
CN4.F,"Conn's, Inc.",Consumer Discretionary,Specialty Retail,United States,Small Cap,FRA,EUR
CNC,Centene Corporation,Health Care,Health Care Providers & Services,United States,Large Cap,NYQ,USD
CNGO,"Cengage Learning Holdings II, Inc.",Information Technology,,United States,Small Cap,PNK,USD
CNK,"Cinemark Holdings, Inc.",Communication Services,Entertainment,United States,Mid Cap,NYQ,USD
CNM,Core & Main Inc. Class A Common Stock,Information Technology,"Electronic Equipment, Instruments & Components",United States,Large Cap,NYQ,USD
CNMD,CONMED Corporation,Health Care,Health Care Technology,United States,Small Cap,NYQ,USD
CNNC,Cannonau Corp.,Health Care,Pharmaceuticals,United States,Small Cap,PNK,USD
CNNE,"Cannae Holdings, Inc.",Consumer Discretionary,"Hotels, Restaurants & Leisure",United States,Small Cap,NYQ,USD
CNP,"CenterPoint Energy, Inc.",Utilities,Electric Utilities,United States,Large Cap,NYQ,USD
CNSL,"Consolidated Communications Holdings, Inc.",Communication Services,Diversified Telecommunication Services,United States,Small Cap,NMS,USD
CNST,"Constellation Pharmaceuticals, Inc.",Health Care,Biotechnology,United States,Small Cap,NMS,USD
CNT.F,"Century Casinos, Inc.",Consumer Discretionary,"Hotels, Restaurants & Leisure",United States,Small Cap,FRA,EUR
CNVAF,Cnova N.V.,Consumer Discretionary,Internet & Direct Marketing Retail,Netherlands,Mid Cap,PNK,USD
CNX,CNX Resources Corporation,Energy,"Oil, Gas & Consumable Fuels",United States,Mid Cap,NYQ,USD
CNXC,Concentrix Corporation,Information Technology,IT Services,United States,Mid Cap,NMS,USD
CNXN,"PC Connection, Inc.",Information Technology,"Electronic Equipment, Instruments & Components",United States,Small Cap,NMS,USD
CNXU,Conexeu Sciences Inc. Common Stock,Materials,Chemicals,United States,Small Cap,NMS,USD
COCO,The Vita Coco Company Inc. Common Stock,Consumer Staples,Beverages,United States,Mid Cap,NMS,USD
CODI,Compass Diversified,Industrials,Industrial Conglomerates,United States,Small Cap,NYQ,USD
COG,Cabot Oil & Gas Corporation,Energy,"Oil, Gas & Consumable Fuels",United States,Mid Cap,NYQ,USD
COGT,"Cogent Biosciences, Inc.",Health Care,Biotechnology,United States,Mid Cap,NMS,USD
COHR,"Coherent, Inc.",Information Technology,"Electronic Equipment, Instruments & Components",United States,Large Cap,NMS,USD
COHU,"Cohu, Inc.",Information Technology,Semiconductors & Semiconductor Equipment,United States,Small Cap,NMS,USD
COIN,"Coinbase Global, Inc. Class A",Information Technology,Software,United States,Large Cap,NMS,USD
COKE,"Coca-Cola Consolidated, Inc.",Consumer Staples,Beverages,United States,Large Cap,NMS,USD
COLL,"Collegium Pharmaceutical, Inc.",Health Care,Pharmaceuticals,United States,Small Cap,NMS,USD
COLM,Columbia Sportswear Company,Consumer Discretionary,"Textiles, Apparel & Luxury Goods",United States,Mid Cap,NMS,USD
COMM,"CommScope Holding Company, Inc.",Information Technology,Communications Equipment,United States,Mid Cap,NMS,USD
COMP,"Compass, Inc.",Information Technology,Software,United States,Mid Cap,NYQ,USD
CON,Concentra Group Holdings Parent Inc. Common Stock,Health Care,Biotechnology,United States,Mid Cap,NYQ,USD
COO,"The Cooper Companies, Inc.",Health Care,Health Care Equipment & Supplies,United States,Large Cap,NYQ,USD
COP,ConocoPhillips,Energy,"Oil, Gas & Consumable Fuels",United States,Large Cap,NYQ,USD
CORE,"Core-Mark Holding Company, Inc.",Consumer Staples,Food & Staples Retailing,United States,Mid Cap,NMS,USD
CORT,Corcept Therapeutics Incorporated,Health Care,Biotechnology,United States,Mid Cap,NCM,USD
CORZ,Core Scientific Inc. Common Stock,Information Technology,,United States,Mid Cap,NMS,USD
COST,Costco Wholesale Corporation,Consumer Staples,Household Products,United States,Mega Cap,NMS,USD
COTY,Coty Inc.,Consumer Staples,Household Products,United States,Mid Cap,NYQ,USD
COUP,Coupa Software Incorporated,Information Technology,Software,United States,Large Cap,NMS,USD
COUR,"Coursera, Inc.",Consumer Staples,Household Products,United States,Small Cap,NYQ,USD
CP5.F,"The Children's Place, Inc.",Consumer Discretionary,"Textiles, Apparel & Luxury Goods",United States,Small Cap,FRA,EUR
CPAY,Corpay Inc. Common Stock,Information Technology,Software,United States,Large Cap,NYQ,USD
CPB,Campbell Soup Company,Consumer Staples,Food & Staples Retailing,United States,Mid Cap,NYQ,USD
CPE,CALLON PETROLEUM COMPANY,Energy,"Oil, Gas & Consumable Fuels",United States,Mid Cap,NYQ,USD
CPK,Chesapeake Utilities Corporation,Utilities,Gas Utilities,United States,Mid Cap,NYQ,USD
CPRT,"Copart, Inc.",Industrials,Professional Services,United States,Large Cap,NMS,USD
CPRX,"Catalyst Pharmaceuticals, Inc.",Health Care,Biotechnology,United States,Mid Cap,NCM,USD
CPS,Cooper-Standard Holdings Inc.,Consumer Discretionary,Auto Components,United States,Small Cap,NYQ,USD
CQP,"Cheniere Energy Partners, L.P.",Energy,"Oil, Gas & Consumable Fuels",United States,Large Cap,NYQ,USD
CR,Crane Co.,Industrials,Machinery,United States,Large Cap,NYQ,USD
CRAI,"CRA International, Inc.",Industrials,Professional Services,United States,Small Cap,NMS,USD
CRBN.AS,Corbion N.V.,Materials,Chemicals,Netherlands,Mid Cap,AMS,EUR
CRC,CALIFORNIA RESOURCES CORP,Energy,"Oil, Gas & Consumable Fuels",United States,Mid Cap,NYQ,USD
CRCT,"Cricut, Inc.",Information Technology,"Technology Hardware, Storage & Peripherals",United States,Small Cap,NMS,USD
CRDO,Credo Technology Group Holding Ltd Ordinary Shares,Information Technology,Semiconductors & Semiconductor Equipment,United States,Large Cap,NMS,USD
CREE,"Cree, Inc.",Information Technology,Semiconductors & Semiconductor Equipment,United States,Large Cap,NMS,USD
CRGY,Crescent Energy Company Class A Common Stock,Energy,"Oil, Gas & Consumable Fuels",United States,Mid Cap,NYQ,USD
CRI,"Carter's, Inc.",Consumer Discretionary,"Textiles, Apparel & Luxury Goods",United States,Small Cap,NYQ,USD
CRK,"Comstock Resources, Inc.",Energy,"Oil, Gas & Consumable Fuels",United States,Mid Cap,NYQ,USD
CRL,"Charles River Laboratories International, Inc.",Health Care,Biotechnology,United States,Mid Cap,NYQ,USD
CRLBF,Cresco Labs Inc.,Health Care,Pharmaceuticals,United States,Mid Cap,PNK,USD
CRM,"Salesforce, Inc.",Information Technology,Software,United States,Large Cap,NYQ,USD
CRMD,CorMedix Inc.,Health Care,Biotechnology,United States,Small Cap,NMS,USD
CRNC,Cerence Inc.,Information Technology,Software,United States,Small Cap,NMS,USD
CRNX,Crinetics Pharmaceuticals Inc,Health Care,Biotechnology,United States,Mid Cap,NMS,USD
CROX,"Crocs, Inc.",Consumer Discretionary,"Textiles, Apparel & Luxury Goods",United States,Mid Cap,NMS,USD
CRS,Carpenter Technology Corporation,Industrials,Building Products,United States,Large Cap,NYQ,USD
CRSR,"Corsair Gaming, Inc.",Information Technology,"Technology Hardware, Storage & Peripherals",United States,Small Cap,NMS,USD
CRTX,"Cortexyme, Inc.",Health Care,Biotechnology,United States,Small Cap,NMS,USD
CRUS,"Cirrus Logic, Inc.",Information Technology,Semiconductors & Semiconductor Equipment,United States,Mid Cap,NMS,USD
CRVS,"Corvus Pharmaceuticals, Inc.",Health Care,Biotechnology,United States,Small Cap,NGM,USD
CRWD,"CrowdStrike Holdings, Inc. Class A",Information Technology,Software,United States,Large Cap,NMS,USD
CRWV,CoreWeave Inc. Class A Common Stock,Information Technology,Software,United States,Large Cap,NMS,USD
CRY,"CryoLife, Inc.",Health Care,Health Care Technology,United States,Small Cap,NYQ,USD
CSCO,"Cisco Systems, Inc.",Information Technology,Communications Equipment,United States,Mega Cap,NMS,USD
CSGS,"CSG Systems International, Inc.",Information Technology,Software,United States,Mid Cap,NMS,USD
CSII,"CARDIOVASCULAR SYSTEMS, INC.",Health Care,Health Care Technology,United States,Small Cap,NMS,USD
CSL,Carlisle Companies Incorporated,Industrials,Building Products,United States,Large Cap,NYQ,USD
CSLT,"Castlight Health, Inc.",Health Care,Health Care Providers & Services,United States,Small Cap,NYQ,USD
CSPR,Casper Sleep Inc.,Consumer Discretionary,Household Durables,United States,Small Cap,NYQ,USD
CSTL,"Castle Biosciences, Inc.",Health Care,Biotechnology,United States,Small Cap,NMS,USD
CSV,"Carriage Services, Inc.",Consumer Discretionary,"Hotels, Restaurants & Leisure",United States,Small Cap,NYQ,USD
CSVI,"Computer Services, Inc.",Information Technology,IT Services,United States,Small Cap,PNK,USD
CSW,CSW Industrials Inc. Common Stock,Consumer Discretionary,Household Durables,United States,Mid Cap,NYQ,USD
CSWI,"CSW Industrials, Inc.",Industrials,Machinery,United States,Mid Cap,NMS,USD
CSX,CSX Corporation,Industrials,Road & Rail,United States,Large Cap,NMS,USD
CTA-PA,E. I. du Pont de Nemours and Company,Materials,Construction Materials,United States,Large Cap,NYQ,USD
CTAS,Cintas Corporation,Industrials,Professional Services,United States,Large Cap,NMS,USD
CTB,Cooper Tire & Rubber Company,Consumer Discretionary,Auto Components,United States,Mid Cap,NYQ,USD
CTGO,"Contango Ore, Inc.",Materials,Metals & Mining,United States,Small Cap,PNK,USD
CTIC,CTI BioPharma Corp.,Health Care,Biotechnology,United States,Small Cap,NCM,USD
CTKB,Cytek Biosciences Inc. Common Stock,Health Care,Health Care Technology,United States,Small Cap,NMS,USD
CTLP,"Cantaloupe, Inc.",Information Technology,IT Services,United States,Small Cap,NMS,USD
CTLT,"Catalent, Inc.",Health Care,Pharmaceuticals,United States,Large Cap,NYQ,USD
CTMX,"CytomX Therapeutics, Inc.",Health Care,Biotechnology,United States,Small Cap,NMS,USD
CTNM,Contineum Therapeutics Inc. Class A Common Stock,Health Care,,United States,Small Cap,NMS,USD
CTRA,Coterra Energy Inc. Common Stock,Energy,"Oil, Gas & Consumable Fuels",United States,Large Cap,NYQ,USD
CTRI,Centuri Holdings Inc. Common Stock,Industrials,,United States,Mid Cap,NYQ,USD
CTRN,"Citi Trends, Inc.",Consumer Discretionary,"Textiles, Apparel & Luxury Goods",United States,Small Cap,NMS,USD
CTSH,Cognizant Technology Solutions Corporation Class A,Information Technology,IT Services,United States,Large Cap,NMS,USD
CTV,Innovid Corp. Common Stock,Communication Services,Diversified Telecommunication Services,United States,Small Cap,ASE,USD
CTVA,Corteva Inc,Materials,Construction Materials,United States,Large Cap,NYQ,USD
CTXRW,"Citius Pharmaceuticals, Inc.",Health Care,Biotechnology,United States,Small Cap,NMS,USD
CTXS,"Citrix Systems, Inc.",Information Technology,Software,United States,Large Cap,NMS,USD
CUB,Cubic Corporation,Industrials,Aerospace & Defense,United States,Small Cap,NYQ,USD
CUL1.F,Aspira Women's Health Inc.,Health Care,Biotechnology,United States,Small Cap,FRA,EUR
CURLF,"Curaleaf Holdings, Inc.",Health Care,Pharmaceuticals,United States,Large Cap,PNK,USD
CUSA.F,"Curis, Inc.",Health Care,Biotechnology,United States,Small Cap,FRA,EUR
CVA,Covanta Holding Corporation,Industrials,Transportation Infrastructure,United States,Mid Cap,NYQ,USD
CVA.DE,Cliffs Natural Resources Inc.,Materials,,United States,Mid Cap,GER,EUR
CVCO,"Cavco Industries, Inc.",Industrials,Construction & Engineering,United States,Mid Cap,NMS,USD
CVEO,Civeo Corporation,Industrials,Professional Services,United States,Small Cap,NYQ,USD
CVET,"Covetrus, Inc.",Health Care,Health Care Providers & Services,United States,Mid Cap,NMS,USD
CVGW,"Calavo Growers, Inc.",Consumer Staples,Food & Staples Retailing,United States,Small Cap,NMS,USD
CVI,"CVR Energy, Inc.",Energy,"Oil, Gas & Consumable Fuels",United States,Mid Cap,NYQ,USD
CVLG,"Covenant Logistics Group, Inc.",Industrials,Transportation Infrastructure,United States,Small Cap,NMS,USD
CVLT,"Commvault Systems, Inc.",Information Technology,Software,United States,Mid Cap,NMS,USD
CVNA,Carvana Co.,Consumer Discretionary,Internet & Direct Marketing Retail,United States,Large Cap,NYQ,USD
CVS,CVS Health Corporation,Health Care,Health Care Providers & Services,United States,Large Cap,NYQ,USD
CVSA,Covista Inc. Common Shares,Consumer Staples,Household Products,United States,Mid Cap,NYQ,USD
CVT,Cvent Holding Corp. Common Stock,Information Technology,Software,United States,Mid Cap,NMS,USD
CVX,Chevron Corporation,Energy,"Oil, Gas & Consumable Fuels",United States,Mega Cap,NYQ,USD
CW,Curtiss-Wright Corporation,Industrials,Machinery,United States,Large Cap,NYQ,USD
CWAN,Clearwater Analytics Holdings Inc. Class A Common Stock,Information Technology,Software,United States,Mid Cap,NYQ,USD
CWBHF,"Charlotte's Web Holdings, Inc.",Health Care,Pharmaceuticals,United States,Small Cap,PNK,USD
CWEN,"Clearway Energy, Inc.",Utilities,Independent Power and Renewable Electricity Producers,United States,Mid Cap,NYQ,USD
CWH,"Camping World Holdings, Inc. Class A",Consumer Discretionary,Automobiles,United States,Small Cap,NYQ,USD
CWST,"Casella Waste Systems, Inc.",Industrials,Transportation Infrastructure,United States,Mid Cap,NMS,USD
CWT,California Water Service Group,Utilities,Water Utilities,United States,Mid Cap,NYQ,USD
CXM,Sprinklr Inc. Class A Common Stock,Information Technology,Software,United States,Small Cap,NYQ,USD
CXT,Crane NXT Co. Common Stock,Industrials,Machinery,United States,Mid Cap,NYQ,USD
CYDY,CytoDyn Inc.,Health Care,Biotechnology,United States,Small Cap,PNK,USD
CYH,"Community Health Systems, Inc.",Health Care,Health Care Equipment & Supplies,United States,Small Cap,NYQ,USD
CYRX,"Cryoport, Inc.",Industrials,Air Freight & Logistics,United States,Small Cap,NMS,USD
CYTK,"Cytokinetics, Incorporated",Health Care,Biotechnology,United States,Mid Cap,NMS,USD
CYX.F,"Cardlytics, Inc.",Communication Services,Diversified Telecommunication Services,United States,Mid Cap,FRA,EUR
CZR,"Caesars Entertainment, Inc.",Consumer Discretionary,"Hotels, Restaurants & Leisure",United States,Mid Cap,NMS,USD
D,"Dominion Energy, Inc.",Utilities,Electric Utilities,United States,Large Cap,NYQ,USD
DAKT,"Daktronics, Inc.",Information Technology,"Technology Hardware, Storage & Peripherals",United States,Small Cap,NMS,USD
DAL,"Delta Air Lines, Inc.",Industrials,Airlines,United States,Large Cap,NYQ,USD
DAN,Dana Incorporated,Consumer Discretionary,Auto Components,United States,Mid Cap,NYQ,USD
DAR,Darling Ingredients Inc.,Consumer Staples,Food & Staples Retailing,United States,Mid Cap,NYQ,USD
DASH,"DoorDash, Inc.",Communication Services,Diversified Telecommunication Services,United States,Large Cap,NYQ,USD
DAVE,Dave Inc. Class A Common Stock,Information Technology,Software,United States,Mid Cap,NMS,USD
DAY,Dayforce Inc. Common Stock,Information Technology,Software,United States,Large Cap,ASE,USD
DBD,"Diebold Nixdorf, Incorporated",Information Technology,Software,United States,Mid Cap,NYQ,USD
DBI,Designer Brands Inc. Class A,Consumer Discretionary,"Textiles, Apparel & Luxury Goods",United States,Small Cap,NYQ,USD
DC,Dakota Gold Corp. Common Stock,Materials,Metals & Mining,United States,Small Cap,ASE,USD
DC6.DE,"Discovery Communications, Inc.",Communication Services,,United States,Large Cap,GER,EUR
DC8.F,DURECT Corporation,Health Care,Pharmaceuticals,United States,Small Cap,FRA,EUR
DCH,Dauch Corporation Common Stock,Consumer Discretionary,Auto Components,United States,Small Cap,NYQ,USD
DCI,"Donaldson Company, Inc.",Industrials,Machinery,United States,Large Cap,NYQ,USD
DCO,Ducommun Incorporated,Industrials,Aerospace & Defense,United States,Small Cap,NYQ,USD
DCP,"DCP Midstream, LP",Energy,"Oil, Gas & Consumable Fuels",United States,Mid Cap,NYQ,USD
DCPH,"DECIPHERA PHARMACEUTICALS, INC.",Health Care,Biotechnology,United States,Mid Cap,NMS,USD
DCT,"Duck Creek Technologies, Inc.",Information Technology,Software,United States,Mid Cap,NMS,USD
DCTH,"Delcath Systems, Inc.",Health Care,Health Care Technology,United States,Small Cap,NMS,USD
DD,"DuPont de Nemours, Inc.",Materials,Chemicals,United States,Large Cap,NYQ,USD
DDOG,"Datadog, Inc. Class A",Information Technology,Software,United States,Large Cap,NMS,USD
DDS,"Dillard's, Inc.",Consumer Discretionary,Household Durables,United States,Mid Cap,NYQ,USD
DE,Deere & Company,Industrials,Machinery,United States,Large Cap,NYQ,USD
DECK,Deckers Outdoor Corporation,Consumer Discretionary,"Textiles, Apparel & Luxury Goods",United States,Large Cap,NYQ,USD
DELL,Dell Technologies Inc.,Information Technology,"Technology Hardware, Storage & Peripherals",United States,Large Cap,NYQ,USD
DEN,Denbury Inc.,Energy,"Oil, Gas & Consumable Fuels",United States,Mid Cap,NYQ,USD
DENN,DENNY'S CORPORATION,Consumer Discretionary,"Hotels, Restaurants & Leisure",United States,Small Cap,NCM,USD
DF3.F,"Nautilus, Inc.",Consumer Discretionary,"Hotels, Restaurants & Leisure",United States,Small Cap,FRA,EUR
DFH,"Dream Finders Homes, Inc.",Industrials,Construction & Engineering,United States,Small Cap,NMS,USD
DG,Dollar General Corporation,Consumer Staples,Household Products,United States,Large Cap,NYQ,USD
DG2.F,Diversified Energy Company PLC,Energy,"Oil, Gas & Consumable Fuels",United States,Small Cap,FRA,EUR
DGII,Digi International Inc.,Information Technology,Communications Equipment,United States,Small Cap,NMS,USD
DGOCF,Diversified Gas & Oil PLC,Energy,"Oil, Gas & Consumable Fuels",United States,Small Cap,PNK,USD
DGX,Quest Diagnostics Incorporated,Health Care,Biotechnology,United States,Large Cap,NYQ,USD
DHI,"D.R. Horton, Inc.",Industrials,Construction & Engineering,United States,Large Cap,NYQ,USD
DHR,Danaher Corporation,Health Care,Biotechnology,United States,Large Cap,NYQ,USD
DICE,DICE Therapeutics Inc. Common Stock,Health Care,Biotechnology,United States,Mid Cap,NMS,USD
DIN,"Dine Brands Global, Inc.",Consumer Discretionary,"Hotels, Restaurants & Leisure",United States,Small Cap,NYQ,USD
DINO,HF Sinclair Corporation Common Stock,Energy,"Oil, Gas & Consumable Fuels",United States,Mid Cap,NYQ,USD
DIOD,Diodes Incorporated,Information Technology,Semiconductors & Semiconductor Equipment,United States,Mid Cap,NMS,USD
DIS,Walt Disney Company,Communication Services,Entertainment,United States,Large Cap,NYQ,USD
DISCA,"Discovery, Inc.",Communication Services,Entertainment,United States,Large Cap,NMS,USD
DJCO,Daily Journal Corporation,Communication Services,Diversified Telecommunication Services,United States,Small Cap,NCM,USD
DJT,Trump Media & Technology Group Corp. Common Stock,Communication Services,Diversified Telecommunication Services,United States,Mid Cap,NMS,USD
DK,Delek US Holdings Inc,Energy,"Oil, Gas & Consumable Fuels",United States,Mid Cap,NYQ,USD
DKL,"Delek Logistics Partners, LP",Energy,"Oil, Gas & Consumable Fuels",United States,Mid Cap,NYQ,USD
DKNG,DraftKings Inc.,Consumer Discretionary,"Hotels, Restaurants & Leisure",United States,Large Cap,NMS,USD
DKS,"Dick's Sporting Goods, Inc.",Consumer Discretionary,Specialty Retail,United States,Large Cap,NYQ,USD
DLB,"Dolby Laboratories, Inc. Class A",Information Technology,IT Services,United States,Mid Cap,NYQ,USD
DLTR,"Dollar Tree, Inc.",Consumer Staples,Household Products,United States,Large Cap,NMS,USD
DLX,Deluxe Corporation,Communication Services,Diversified Telecommunication Services,United States,Small Cap,NYQ,USD
DM.MX,"Desktop Metal, Inc.",Information Technology,"Technology Hardware, Storage & Peripherals",United States,Mid Cap,MEX,MXN
DM5.F,DMC Global Inc.,Energy,Energy Equipment & Services,United States,Small Cap,FRA,EUR
DMAC,DiaMedica Therapeutics Inc.,Health Care,Biotechnology,United States,Small Cap,NMS,USD
DMLP,"Dorchester Minerals, L.P.",Energy,"Oil, Gas & Consumable Fuels",United States,Small Cap,NMS,USD
DMS-WT,"Digital Media Solutions, Inc.",Communication Services,Diversified Telecommunication Services,United States,Small Cap,NYQ,USD
DMTK.MX,"DermTech, Inc.",Health Care,Biotechnology,United States,Small Cap,MEX,MXN
DNA,Ginkgo Bioworks Holdings Inc. Class A Common Stock,Health Care,Biotechnology,United States,Small Cap,NYQ,USD
DNB,"Dun & Bradstreet Holdings, Inc.",Information Technology,IT Services,United States,Mid Cap,NYQ,USD
DNLI,Denali Therapeutics Inc.,Health Care,Biotechnology,United States,Mid Cap,NMS,USD
DNMR-WT,"Danimer Scientific, Inc.",Materials,Chemicals,United States,Small Cap,NYQ,USD
DNOW,NOW Inc.,Energy,Energy Equipment & Services,United States,Small Cap,NYQ,USD
DNTH,Dianthus Therapeutics Inc. Common Stock,Health Care,Biotechnology,United States,Mid Cap,NMS,USD
DNUT,Krispy Kreme Inc. Common Stock,Consumer Staples,Food & Staples Retailing,United States,Small Cap,NMS,USD
DO,Diamond Offshore Drilling Inc. Common Stock,Energy,"Oil, Gas & Consumable Fuels",United States,Small Cap,ASE,USD
DOCN,"DigitalOcean Holdings, Inc.",Information Technology,Software,United States,Mid Cap,NYQ,USD
DOCU,"DocuSign, Inc.",Information Technology,Software,United States,Mid Cap,NMS,USD
DOOR,Masonite International Corporation,Industrials,Building Products,United States,Mid Cap,NYQ,USD
DORM,"Dorman Products, Inc.",Consumer Discretionary,Auto Components,United States,Mid Cap,NMS,USD
DOV,Dover Corporation,Industrials,Machinery,United States,Large Cap,NYQ,USD
DOW,Dow Inc.,Materials,Chemicals,United States,Large Cap,NYQ,USD
DOX,Amdocs Limited,Information Technology,Software,United States,Mid Cap,NMS,USD
DPZ,"Domino's Pizza, Inc.",Consumer Discretionary,"Hotels, Restaurants & Leisure",United States,Large Cap,NYQ,USD
DRI,"Darden Restaurants, Inc.",Consumer Discretionary,"Hotels, Restaurants & Leisure",United States,Large Cap,NYQ,USD
DRNA,"Dicerna Pharmaceuticals, Inc.",Health Care,Biotechnology,United States,Small Cap,NMS,USD
DRQ,"DRIL-QUIP, INC.",Energy,Energy Equipment & Services,United States,Small Cap,NYQ,USD
DRVN,Driven Brands Holdings Inc.,Consumer Discretionary,Automobiles,United States,Small Cap,NMS,USD
DS,Drive Shack Inc.,Consumer Discretionary,"Hotels, Restaurants & Leisure",United States,Small Cap,NYQ,USD
DSGN,"Design Therapeutics, Inc.",Health Care,Biotechnology,United States,Small Cap,NMS,USD
DSGR,Distribution Solutions Group Inc. Common Stock,Information Technology,"Electronic Equipment, Instruments & Components",United States,Small Cap,NMS,USD
DSKE,"Daseke, Inc.",Industrials,Transportation Infrastructure,United States,Small Cap,NCM,USD
DSM.AS,Koninklijke DSM N.V.,Materials,Chemicals,Netherlands,Large Cap,AMS,EUR
DSP,Viant Technology Inc.,Information Technology,Software,United States,Small Cap,NMS,USD
DSPG,"DSP Group, Inc.",Information Technology,Semiconductors & Semiconductor Equipment,United States,Small Cap,NMS,USD
DSSI,Diamond S Shipping Inc.,Energy,"Oil, Gas & Consumable Fuels",United States,Small Cap,NYQ,USD
DT,"Dynatrace, Inc.",Information Technology,Software,United States,Large Cap,NYQ,USD
DTB,DTE Energy Company,Utilities,Electric Utilities,United States,Mid Cap,NYQ,USD
DTG,DTE Energy Company 2021 Series E 4.375% Junior Subordinated Debentures,Utilities,Electric Utilities,United States,Mid Cap,NYQ,USD
DTW,DTE Energy Company 2017 Series E 5.25% Junior Subordinated Debentures due 2077,Utilities,Electric Utilities,United States,Mid Cap,NYQ,USD
DUK,Duke Energy Corporation,Utilities,Electric Utilities,United States,Large Cap,NYQ,USD
DUKB,Duke Energy Corporation 5.625% Junior Subordinated Debentures due 2078,Utilities,Electric Utilities,United States,Large Cap,NYQ,USD
DUOL,Duolingo Inc. Class A Common Stock,Information Technology,Software,United States,Mid Cap,NMS,USD
DV,"DoubleVerify Holdings, Inc.",Information Technology,Software,United States,Small Cap,NYQ,USD
DVA,DaVita Inc.,Health Care,Health Care Equipment & Supplies,United States,Large Cap,NYQ,USD
DVAX,DYNAVAX TECHNOLOGIES CORPORATION,Health Care,Pharmaceuticals,United States,Small Cap,NMS,USD
DVLT,Datavault AI Inc. Common Stock,Information Technology,,United States,Small Cap,NMS,USD
DVN,Devon Energy Corporation,Energy,"Oil, Gas & Consumable Fuels",United States,Large Cap,NYQ,USD
DW51.F,"Aemetis, Inc.",Energy,"Oil, Gas & Consumable Fuels",United States,Small Cap,FRA,EUR
DXC,DXC Technology Co.,Information Technology,IT Services,United States,Mid Cap,NYQ,USD
DXCM,"DexCom, Inc.",Health Care,Biotechnology,United States,Large Cap,NMS,USD
DXPE,"DXP Enterprises, Inc.",Industrials,Trading Companies & Distributors,United States,Mid Cap,NMS,USD
DY,"Dycom Industries, Inc.",Industrials,Construction & Engineering,United States,Large Cap,NYQ,USD
DY2.DE,DENTSPLY International Inc.,Health Care,,United States,Large Cap,GER,EUR
DYN,"Dyne Therapeutics, Inc.",Health Care,Biotechnology,United States,Mid Cap,NMS,USD
EA,Electronic Arts Inc.,Communication Services,Interactive Media & Services,United States,Large Cap,NMS,USD
EADSF,Airbus SE,Industrials,Aerospace & Defense,Netherlands,Large Cap,PNK,USD
EAT,"Brinker International, Inc.",Consumer Discretionary,"Hotels, Restaurants & Leisure",United States,Mid Cap,NYQ,USD
EB,"EVENTBRITE, INC.",Information Technology,Software,United States,Small Cap,NYQ,USD
EBAY,eBay Inc.,Consumer Discretionary,Internet & Direct Marketing Retail,United States,Large Cap,NMS,USD
EBF,"Ennis, Inc.",Industrials,Commercial Services & Supplies,United States,Small Cap,NYQ,USD
EBS,Emergent BioSolutions Inc.,Health Care,Pharmaceuticals,United States,Small Cap,NYQ,USD
ECHO,"Echo Global Logistics, Inc.",Industrials,Air Freight & Logistics,United States,Small Cap,NMS,USD
ECL,Ecolab Inc.,Materials,Chemicals,United States,Large Cap,NYQ,USD
ECOL,"US Ecology, Inc.",Industrials,Transportation Infrastructure,United States,Small Cap,NMS,USD
ECOM,ChannelAdvisor Corporation,Information Technology,Software,United States,Small Cap,NYQ,USD
ECVT,Ecovyst Inc. Common Stock,Materials,Chemicals,United States,Small Cap,NYQ,USD
ED,"Consolidated Edison, Inc.",Utilities,Electric Utilities,United States,Large Cap,NYQ,USD
ED9.F,"Escalade, Incorporated",Consumer Discretionary,"Hotels, Restaurants & Leisure",United States,Small Cap,FRA,EUR
EDR,"Endeavor Group Holdings, Inc.",Communication Services,Entertainment,United States,Large Cap,NYQ,USD
EEX,"Emerald Holding, Inc.",Communication Services,Diversified Telecommunication Services,United States,Small Cap,NYQ,USD
EFT.F,"TechTarget, Inc.",Communication Services,Diversified Telecommunication Services,United States,Small Cap,FRA,EUR
EFX,Equifax Inc.,Industrials,Professional Services,United States,Large Cap,NYQ,USD
EGHT,"8x8, Inc.",Information Technology,Software,United States,Small Cap,NYQ,USD
EGLE,EAGLE BULK SHIPPING INC.,Industrials,Marine,United States,Small Cap,NMS,USD
EGOV,NIC Inc.,Health Care,Biotechnology,United States,Mid Cap,NMS,USD
EGY,"VAALCO Energy, Inc.",Energy,"Oil, Gas & Consumable Fuels",United States,Small Cap,NYQ,USD
EHAB,Enhabit Inc. Common Stock,Health Care,Health Care Equipment & Supplies,United States,Small Cap,NYQ,USD
EHC,Encompass Health Corporation,Health Care,Health Care Equipment & Supplies,United States,Large Cap,NYQ,USD
EIKN,Eikon Therapeutics Inc. Common Stock,Health Care,Biotechnology,United States,Small Cap,NMS,USD
EIX,Edison International,Utilities,Electric Utilities,United States,Large Cap,NYQ,USD
EL,The Estee Lauder Companies Inc.,Consumer Staples,Household Products,United States,Large Cap,NYQ,USD
ELA,Envela Corporation,Consumer Discretionary,Specialty Retail,United States,Small Cap,ASE,USD
ELAN,Elanco Animal Health Incorporat,Health Care,Pharmaceuticals,United States,Large Cap,NYQ,USD
ELC,Entergy Louisiana Inc. Collateral Trust Mortgage Bonds 4.875 % Series due September 1 2066,Utilities,,United States,Mid Cap,NYQ,USD
ELF,"e.l.f. Beauty, Inc.",Consumer Staples,Household Products,United States,Mid Cap,NYQ,USD
ELI.F,"Vera Bradley, Inc.",Consumer Discretionary,"Textiles, Apparel & Luxury Goods",United States,Small Cap,FRA,EUR
ELMT,The Elmet Group Co. Common Stock,Energy,Energy Equipment & Services,United States,Small Cap,NMS,USD
ELV,Elevance Health Inc. Common Stock,Health Care,Biotechnology,United States,Large Cap,NYQ,USD
ELVN,Enliven Therapeutics Inc. Common Stock,Health Care,Biotechnology,United States,Small Cap,NMS,USD
ELY,Callaway Golf Company,Consumer Discretionary,"Hotels, Restaurants & Leisure",United States,Mid Cap,NYQ,USD
ELYM,Eliem Therapeutics Inc Common Stock,Health Care,Biotechnology,United States,Small Cap,NMS,USD
EMBC,Embecta Corp. Common Stock,Health Care,Health Care Technology,United States,Small Cap,NMS,USD
EME,"EMCOR Group, Inc.",Industrials,Construction & Engineering,United States,Large Cap,NYQ,USD
EMN,Eastman Chemical Company,Materials,Chemicals,United States,Mid Cap,NYQ,USD
EMR,Emerson Electric Co.,Industrials,Machinery,United States,Large Cap,NYQ,USD
ENBL,"Enable Midstream Partners, LP",Energy,"Oil, Gas & Consumable Fuels",United States,Mid Cap,NYQ,USD
ENFN,Enfusion Inc. Class A Common Stock,Information Technology,Software,United States,Small Cap,ASE,USD
ENJ,Entergy New Orleans LLC First Mortgage Bonds 5.0% Series due December 1 2052,Utilities,Electric Utilities,United States,Mid Cap,NYQ,USD
ENLC,"EnLink Midstream, LLC",Energy,"Oil, Gas & Consumable Fuels",United States,Mid Cap,NYQ,USD
ENO,Entergy New Orleans LLC First Mortgage Bonds 5.50% Series due April 1 2066,Utilities,,United States,Mid Cap,NYQ,USD
ENOV,Enovis Corporation Common Stock,Industrials,Machinery,United States,Small Cap,NYQ,USD
ENPH,"Enphase Energy, Inc.",Information Technology,"Technology Hardware, Storage & Peripherals",United States,Mid Cap,NMS,USD
ENR,"Energizer Holdings, Inc.",Industrials,Electrical Equipment,United States,Small Cap,NYQ,USD
ENS,EnerSys,Industrials,Electrical Equipment,United States,Mid Cap,NYQ,USD
ENSG,"The Ensign Group, Inc.",Health Care,Health Care Equipment & Supplies,United States,Large Cap,NMS,USD
ENTA,"Enanta Pharmaceuticals, Inc.",Health Care,Biotechnology,United States,Small Cap,NMS,USD
ENTG,"Entegris, Inc.",Information Technology,Semiconductors & Semiconductor Equipment,United States,Large Cap,NMS,USD
ENV,"Envestnet, Inc.",Information Technology,Software,United States,Mid Cap,NYQ,USD
ENVX,Enovix Corporation Common Stock,Information Technology,"Electronic Equipment, Instruments & Components",United States,Small Cap,NMS,USD
EOG,"EOG Resources, Inc.",Energy,"Oil, Gas & Consumable Fuels",United States,Large Cap,NYQ,USD
EOSE,"Eos Energy Enterprises, Inc.",Industrials,Electrical Equipment,United States,Small Cap,NMS,USD
EP3.F,"OraSure Technologies, Inc.",Health Care,Health Care Equipment & Supplies,United States,Small Cap,FRA,EUR
EPAC,Enerpac Tool Group Corp.,Industrials,Machinery,United States,Mid Cap,NYQ,USD
EPAM,"EPAM Systems, Inc.",Information Technology,IT Services,United States,Mid Cap,NYQ,USD
EPAY,"Bottomline Technologies (de), Inc.",Information Technology,Software,United States,Small Cap,NMS,USD
EPC,Edgewell Personal Care Co.,Consumer Staples,Household Products,United States,Small Cap,NYQ,USD
EPD,Enterprise Products Partners L.P.,Energy,"Oil, Gas & Consumable Fuels",United States,Large Cap,NYQ,USD
EPZM,"Epizyme, Inc.",Health Care,Biotechnology,United States,Small Cap,NMS,USD
EQRX,EQRx Inc.  Common Stock,Health Care,Biotechnology,United States,Small Cap,NMS,USD
EQT,EQT Corporation,Energy,"Oil, Gas & Consumable Fuels",United States,Large Cap,NYQ,USD
ERAS,Erasca Inc. Common Stock,Health Care,Biotechnology,United States,Mid Cap,NMS,USD
ERII,"Energy Recovery, Inc.",Industrials,Construction & Engineering,United States,Small Cap,NMS,USD
ES,Eversource Energy,Utilities,Electric Utilities,United States,Large Cap,NYQ,USD
ESAB,ESAB Corporation Common Stock,Industrials,Machinery,United States,Mid Cap,NYQ,USD
ESE,ESCO Technologies Inc.,Information Technology,"Electronic Equipment, Instruments & Components",United States,Mid Cap,NYQ,USD
ESGC,Eros STX Global Corporation,Communication Services,Entertainment,United States,Small Cap,NYQ,USD
ESI,Element Solutions Inc,Materials,Chemicals,United States,Mid Cap,NYQ,USD
ESMT,EngageSmart Inc. Common Stock,Information Technology,Software,United States,Mid Cap,ASE,USD
ESPR,"Esperion Therapeutics, Inc.",Health Care,Biotechnology,United States,Small Cap,NMS,USD
ESTC,Elastic N.V.,Information Technology,Software,United States,Mid Cap,NYQ,USD
ET,Energy Transfer LP,Energy,"Oil, Gas & Consumable Fuels",United States,Large Cap,NYQ,USD
ETD,Ethan Allen Interiors Inc. Common Stock,Consumer Discretionary,Household Durables,United States,Small Cap,NYQ,USD
ETH,Ethan Allen Interiors Inc.,Consumer Discretionary,Household Durables,United States,Small Cap,NYQ,USD
ETNB,"89bio, Inc.",Health Care,Biotechnology,United States,Mid Cap,NMS,USD
ETON,"Eton Pharmaceuticals, Inc.",Health Care,Biotechnology,United States,Small Cap,NMS,USD
ETR,Entergy Corporation,Utilities,Electric Utilities,United States,Large Cap,NYQ,USD
ETRN,Equitrans Midstream Corporation,Energy,"Oil, Gas & Consumable Fuels",United States,Mid Cap,NYQ,USD
ETSY,"Etsy, Inc.",Consumer Discretionary,Internet & Direct Marketing Retail,United States,Mid Cap,NMS,USD
ETWO,"E2open Parent Holdings, Inc.",Information Technology,Software,United States,Small Cap,NYQ,USD
EV9.F,Entravision Communications Corporation Class A,Communication Services,Media,United States,Small Cap,FRA,EUR
EVBG,"Everbridge, Inc.",Information Technology,Software,United States,Small Cap,NMS,USD
EVCM,EverCommerce Inc. Common Stock,Information Technology,Software,United States,Mid Cap,NMS,USD
EVER,"EverQuote, Inc.",Communication Services,Diversified Telecommunication Services,United States,Small Cap,NGM,USD
EVEX,Eve Holding Inc. Common Stock,Industrials,Aerospace & Defense,United States,Small Cap,NYQ,USD
EVGO,EVgo Inc. Class A Common Stock,Consumer Discretionary,Internet & Direct Marketing Retail,United States,Small Cap,NMS,USD
EVH,"Evolent Health, Inc.",Health Care,Health Care Providers & Services,United States,Small Cap,NYQ,USD
EVL.F,"Evolus, Inc.",Health Care,Pharmaceuticals,United States,Small Cap,FRA,EUR
EVLV,Evolv Technologies Holdings Inc. Class A Common Stock,Industrials,Professional Services,United States,Small Cap,NMS,USD
EVMN,Evommune Inc. Common Stock,Health Care,Biotechnology,United States,Small Cap,NYQ,USD
EVOP,"EVO Payments, Inc.",Information Technology,Software,United States,Small Cap,NGM,USD
EVRG,"Evergy, Inc.",Utilities,Electric Utilities,United States,Large Cap,NYQ,USD
EVRI,Everi Holdings Inc.,Consumer Discretionary,"Hotels, Restaurants & Leisure",United States,Small Cap,NYQ,USD
EVTC,"EVERTEC, Inc.",Information Technology,Software,United States,Small Cap,NYQ,USD
EW,Edwards Lifesciences Corporation,Health Care,Health Care Technology,United States,Large Cap,NYQ,USD
EWCZ,European Wax Center Inc. Class A Common Stock,Consumer Staples,Household Products,United States,Small Cap,NMS,USD
EWTX,"Edgewise Therapeutics, Inc.",Health Care,Biotechnology,United States,Mid Cap,NMS,USD
EWZ.F,"EBIX, INC.",Information Technology,Software,United States,Small Cap,FRA,EUR
EXAS,Exact Sciences Corporation,Health Care,Biotechnology,United States,Large Cap,NMS,USD
EXC,Exelon Corporation,Utilities,Multi-Utilities,United States,Large Cap,NMS,USD
EXE,Expand Energy Corporation Common Stock,Energy,"Oil, Gas & Consumable Fuels",United States,Large Cap,NMS,USD
EXEL,"Exelixis, Inc.",Health Care,Biotechnology,United States,Large Cap,NMS,USD
EXLS,"ExlService Holdings, Inc.",Information Technology,IT Services,United States,Mid Cap,NMS,USD
EXP,Eagle Materials Inc.,Materials,Construction Materials,United States,Mid Cap,NYQ,USD
EXPD,"Expeditors International of Washington, Inc.",Industrials,Air Freight & Logistics,United States,Large Cap,NMS,USD
EXPE,"Expedia Group, Inc.",Consumer Discretionary,"Hotels, Restaurants & Leisure",United States,Large Cap,NMS,USD
EXXRF,Exor N.V.,Consumer Discretionary,Automobiles,Netherlands,Large Cap,PNK,USD
EYE,"National Vision Holdings, Inc.",Consumer Discretionary,Specialty Retail,United States,Mid Cap,NMS,USD
EYPT,"EyePoint, Inc.",Health Care,Biotechnology,United States,Small Cap,NGM,USD
F,Ford Motor Company,Consumer Discretionary,Automobiles,United States,Large Cap,NYQ,USD
F4R.F,"Fiesta Restaurant Group, Inc.",Consumer Discretionary,"Hotels, Restaurants & Leisure",United States,Small Cap,FRA,EUR
F6T.F,"Fate Therapeutics, Inc.",Health Care,Biotechnology,United States,Mid Cap,FRA,EUR
F7M.F,"Tattooed Chef, Inc.",Consumer Staples,Food & Staples Retailing,United States,Small Cap,FRA,EUR
FA,First Advantage Corporation Common Stock,Industrials,Professional Services,United States,Mid Cap,NMS,USD
FAC,Factorial Energy Inc. Class A Common Stock,Information Technology,"Electronic Equipment, Instruments & Components",United States,Small Cap,NMS,USD
FANG,"Diamondback Energy, Inc.",Energy,"Oil, Gas & Consumable Fuels",United States,Large Cap,NMS,USD
FARO,"FARO Technologies, Inc.",Information Technology,"Electronic Equipment, Instruments & Components",United States,Small Cap,NMS,USD
FAST,Fastenal Company,Industrials,Trading Companies & Distributors,United States,Large Cap,NMS,USD
FAST.AS,Fastned B.V.,Consumer Discretionary,Specialty Retail,Netherlands,Small Cap,AMS,EUR
FB3.L,Leverage Shares 3x Facebook ETC,Communication Services,Diversified Telecommunication Services,United States,Mega Cap,LSE,USD
FBHS,"Fortune Brands Home & Security, Inc.",Consumer Discretionary,Household Durables,United States,Large Cap,NYQ,USD
FBIN,Fortune Brands Innovations Inc. Common Stock,Consumer Discretionary,,United States,Mid Cap,NYQ,USD
FBIOP,"Fortress Biotech, Inc.",Health Care,Biotechnology,United States,Small Cap,NMS,USD
FBOK34.SA,"Meta, Inc.",Communication Services,Diversified Telecommunication Services,United States,Mega Cap,SAO,BRL
FBRX,"Forte Biosciences, Inc.",Health Care,Biotechnology,United States,Small Cap,NCM,USD
FBYD,Falcon's Beyond Global Inc. Class A Common Stock,Consumer Discretionary,,United States,Small Cap,NMS,USD
FCEL,"FuelCell Energy, Inc.",Industrials,Electrical Equipment,United States,Small Cap,NGM,USD
FCN,"FTI Consulting, Inc.",Industrials,Professional Services,United States,Mid Cap,NYQ,USD
FCX,"Freeport-McMoRan, Inc.",Materials,Metals & Mining,United States,Large Cap,NYQ,USD
FDMT,"4D Molecular Therapeutics, Inc.",Health Care,Biotechnology,United States,Small Cap,NMS,USD
FDU.F,"Commercial Vehicle Group, Inc.",Consumer Discretionary,Auto Components,United States,Small Cap,FRA,EUR
FDX,FedEx Corporation,Industrials,Air Freight & Logistics,United States,Large Cap,NYQ,USD
FE,FirstEnergy Corp.,Utilities,Electric Utilities,United States,Large Cap,NYQ,USD
FEIM,"Frequency Electronics, Inc.",Information Technology,Communications Equipment,United States,Small Cap,NGM,USD
FELE,"Franklin Electric Co., Inc.",Industrials,Machinery,United States,Mid Cap,NMS,USD
FER,Ferrovial SE Ordinary Shares,Information Technology,"Electronic Equipment, Instruments & Components",Netherlands,Large Cap,NMS,USD
FET,"Forum Energy Technologies, Inc.",Energy,Energy Equipment & Services,United States,Small Cap,NYQ,USD
FEYE,"FireEye, Inc.",Information Technology,Software,United States,Mid Cap,NMS,USD
FFARM.AS,ForFarmers N.V.,Consumer Staples,Household Products,Netherlands,Small Cap,AMS,EUR
FFNTF,4Front Ventures Corp.,Health Care,Pharmaceuticals,United States,Small Cap,PNK,USD
FHTX,Foghorn Therapeutics Inc.,Health Care,Biotechnology,United States,Small Cap,NMS,USD
FI,"Fiserv, Inc.",Information Technology,IT Services,United States,Large Cap,NMS,USD
FICO,Fair Isaac Corporation,Information Technology,Software,United States,Large Cap,NYQ,USD
FIGS,FIGS Inc. Class A Common Stock,Health Care,Biotechnology,United States,Mid Cap,NYQ,USD
FIS,"Fidelity National Information Services, Inc.",Information Technology,IT Services,United States,Large Cap,NYQ,USD
FISN,Deep Fission Inc. Common Stock,Utilities,Electric Utilities,United States,Small Cap,NMS,USD
FIVE,"Five Below, Inc.",Consumer Discretionary,Specialty Retail,United States,Large Cap,NMS,USD
FIVN,"Five9, Inc.",Information Technology,Software,United States,Small Cap,NMS,USD
FIX,"Comfort Systems USA, Inc.",Industrials,Construction & Engineering,United States,Large Cap,NYQ,USD
FIZZ,National Beverage Corp.,Consumer Staples,Beverages,United States,Mid Cap,NMS,USD
FK2.SG,Frank's International N.V.,Energy,Energy Equipment & Services,Netherlands,Small Cap,STU,EUR
FL,"Foot Locker, Inc.",Consumer Discretionary,"Textiles, Apparel & Luxury Goods",United States,Mid Cap,NYQ,USD
FLDM,Fluidigm Corporation,Health Care,Biotechnology,United States,Small Cap,NMS,USD
FLGT,"Fulgent Genetics, Inc.",Health Care,Biotechnology,United States,Small Cap,NMS,USD
FLIR,"FLIR Systems, Inc.",Information Technology,"Electronic Equipment, Instruments & Components",United States,Mid Cap,NMS,USD
FLMN,Falcon Minerals Corporation,Energy,"Oil, Gas & Consumable Fuels",United States,Small Cap,NCM,USD
FLNC,Fluence Energy Inc. Class A Common Stock,Utilities,Electric Utilities,United States,Mid Cap,NMS,USD
FLO,"Flowers Foods, Inc.",Consumer Staples,Food & Staples Retailing,United States,Mid Cap,NYQ,USD
FLOC,Flowco Holdings Inc. Class A Common Stock,Energy,Energy Equipment & Services,United States,Mid Cap,NYQ,USD
FLOW,"SPX FLOW, Inc.",Industrials,Machinery,United States,Mid Cap,NYQ,USD
FLR,Fluor Corporation,Industrials,Construction & Engineering,United States,Mid Cap,NYQ,USD
FLS,Flowserve Corporation,Industrials,Machinery,United States,Large Cap,NYQ,USD
FLT,"FLEETCOR Technologies, Inc.",Information Technology,IT Services,United States,Large Cap,NYQ,USD
FLUT,Flutter Entertainment plc Ordinary Shares,Communication Services,Diversified Telecommunication Services,United States,Large Cap,NYQ,USD
FLXN,"Flexion Therapeutics, Inc.",Health Care,Pharmaceuticals,United States,Small Cap,NGM,USD
FLYW,Flywire Corporation,Information Technology,IT Services,United States,Small Cap,NMS,USD
FMC,FMC Corporation,Materials,Construction Materials,United States,Small Cap,NYQ,USD
FMTX,"Forma Therapeutics Holdings, Inc.",Health Care,Biotechnology,United States,Small Cap,NMS,USD
FMW.F,Veru Inc.,Health Care,Biotechnology,United States,Small Cap,FRA,EUR
FND,"Floor & Decor Holdings, Inc.",Consumer Discretionary,Household Durables,United States,Mid Cap,NYQ,USD
FOE,Ferro Corporation,Materials,Chemicals,United States,Small Cap,NYQ,USD
FOLD,"Amicus Therapeutics, Inc.",Health Care,Biotechnology,United States,Mid Cap,NGM,USD
FORD,"Forward Industries, Inc.",Consumer Discretionary,"Textiles, Apparel & Luxury Goods",United States,Small Cap,NCM,USD
FORM,"FormFactor, Inc.",Information Technology,Semiconductors & Semiconductor Equipment,United States,Mid Cap,NMS,USD
FOSLL,Fossil Group Inc. 7% Senior Notes due 2026,Consumer Discretionary,"Textiles, Apparel & Luxury Goods",United States,Small Cap,NMS,USD
FOUR,"Shift4 Payments, Inc.",Information Technology,Software,United States,Mid Cap,NYQ,USD
FOX,Fox Corporation Class A,Communication Services,Media,United States,Large Cap,NMS,USD
FOXF,Fox Factory Holding Corp.,Consumer Discretionary,Automobiles,United States,Small Cap,NMS,USD
FPR.F,"Alto Ingredients, Inc.",Materials,Chemicals,United States,Small Cap,FRA,EUR
FPS,Forgent Power Solutions Inc. Class A Common Stock,Information Technology,"Electronic Equipment, Instruments & Components",United States,Large Cap,NYQ,USD
FPVD,Force Protection Video Equipment Corp.,Industrials,Professional Services,United States,Small Cap,PNK,USD
FRG,"Franchise Group, Inc.",Consumer Discretionary,"Hotels, Restaurants & Leisure",United States,Small Cap,NMS,USD
FRGE,Forge Global Holdings Inc. Common Stock,Information Technology,Software,United States,Small Cap,ASE,USD
FRNM,Freenome Inc. Common stock,Health Care,Biotechnology,United States,Small Cap,NMS,USD
FROG,JFrog Ltd.,Information Technology,Software,United States,Mid Cap,NMS,USD
FRPT,Freshpet Inc,Consumer Staples,Food & Staples Retailing,United States,Mid Cap,NMS,USD
FRSH,Freshworks Inc. Class A Common Stock,Information Technology,Software,United States,Mid Cap,NMS,USD
FRTA,"Forterra, Inc.",Industrials,Building Products,United States,Small Cap,NMS,USD
FRVO,Fervo Energy Company Class A common stock,Utilities,Electric Utilities,United States,Large Cap,NMS,USD
FSL.F,"Fossil Group, Inc.",Consumer Discretionary,"Textiles, Apparel & Luxury Goods",United States,Small Cap,FRA,EUR
FSLR,"First Solar, Inc.",Information Technology,"Technology Hardware, Storage & Peripherals",United States,Large Cap,NMS,USD
FSLY,"Fastly, Inc.",Information Technology,Software,United States,Mid Cap,NYQ,USD
FSR-WT,Fisker Inc.,Consumer Discretionary,Automobiles,United States,Mid Cap,NYQ,USD
FSS,Federal Signal Corporation,Industrials,Construction & Engineering,United States,Mid Cap,NYQ,USD
FSTR,L.B. Foster Company,Industrials,Road & Rail,United States,Small Cap,NMS,USD
FTAI,Fortress Transportation and Infrastructure Investors LLC,Industrials,Commercial Services & Supplies,United States,Large Cap,NYQ,USD
FTAIM,FTAI Aviation Ltd. 9.500% Fixed-Rate Reset Series D Cumulative Perpetual Redeemable Preferred Shares,Industrials,Professional Services,United States,Mid Cap,NMS,USD
FTAIN,FTAI Aviation Ltd. 8.25% Fixed - Rate Reset Series C Cumulative Perpetual Redeemable Preferred Shares,Industrials,Professional Services,United States,Mid Cap,NMS,USD
FTAIO,FTAI Aviation Ltd. 8.00% Fixed-to-Floating Rate Series B Cumulative Perpetual Redeemable Preferred Shares,Industrials,Professional Services,United States,Mid Cap,NMS,USD
FTAIP,FTAI Aviation Ltd. 8.25% Fixed to Floating Rate Series A Cumulative Perpetual Redeemable Preferred Shares,Industrials,Professional Services,United States,Mid Cap,NMS,USD
FTDR,"frontdoor, inc.",Consumer Discretionary,"Hotels, Restaurants & Leisure",United States,Mid Cap,NMS,USD
FTK,"Flotek Industries, Inc.",Energy,Energy Equipment & Services,United States,Small Cap,NYQ,USD
FTNT,"Fortinet, Inc.",Information Technology,Software,United States,Large Cap,NMS,USD
FTRE,Fortrea Holdings Inc. Common Stock,Health Care,Biotechnology,United States,Small Cap,NMS,USD
FTSI,"FTS International, Inc.",Energy,Energy Equipment & Services,United States,Small Cap,ASE,USD
FTV,Fortive Corporation,Information Technology,"Electronic Equipment, Instruments & Components",United States,Large Cap,NYQ,USD
FTW,EQV Ventures Acquisition Corp. Class A Ordinary Shares,Energy,"Oil, Gas & Consumable Fuels",United States,Small Cap,NYQ,USD
FU2.F,"Funko, Inc.",Consumer Discretionary,"Hotels, Restaurants & Leisure",United States,Small Cap,FRA,EUR
FUBO,fuboTV Inc.,Communication Services,Media,United States,Small Cap,NYQ,USD
FUL,H.B. Fuller Company,Materials,Chemicals,United States,Mid Cap,NYQ,USD
FULC,"Fulcrum Therapeutics, Inc.",Health Care,Biotechnology,United States,Small Cap,NGM,USD
FUN,"Cedar Fair, L.P.",Consumer Discretionary,"Hotels, Restaurants & Leisure",United States,Small Cap,NYQ,USD
FUR.AS,Fugro N.V.,Energy,Energy Equipment & Services,Netherlands,Small Cap,AMS,EUR
FWC.F,"1-800-FLOWERS.COM, Inc.",Consumer Discretionary,Specialty Retail,United States,Mid Cap,FRA,EUR
FWDI,Forward Industries Inc. Common Stock,Materials,Chemicals,United States,Small Cap,NMS,USD
FWRD,Forward Air Corporation,Industrials,Air Freight & Logistics,United States,Small Cap,NMS,USD
FWRG,First Watch Restaurant Group Inc. Common Stock,Consumer Discretionary,"Hotels, Restaurants & Leisure",United States,Small Cap,NMS,USD
FYBR,"Frontier Communications Parent, Inc.",Communication Services,Diversified Telecommunication Services,United States,Mid Cap,NMS,USD
G6G.F,GRAFTECH INTERNATIONAL LTD.,Industrials,Electrical Equipment,United States,Mid Cap,FRA,EUR
GAP,Gap Inc. (The) Common Stock,Consumer Discretionary,"Textiles, Apparel & Luxury Goods",United States,Large Cap,NYQ,USD
GATO,"Gatos Silver, Inc.",Materials,Metals & Mining,United States,Small Cap,NYQ,USD
GATX,GATX Corporation,Industrials,Commercial Services & Supplies,United States,Mid Cap,NYQ,USD
GBOX,GreenBox POS,Information Technology,Software,United States,Small Cap,NCM,USD
GBT,"Global Blood Therapeutics, Inc.",Health Care,Biotechnology,United States,Mid Cap,NMS,USD
GBTG,Global Business Travel Group Inc. Class A Common Stock,Information Technology,Software,United States,Mid Cap,NYQ,USD
GBX,"The Greenbrier Companies, Inc.",Industrials,Road & Rail,United States,Small Cap,NYQ,USD
GBY.F,"Sangamo Therapeutics, Inc.",Health Care,Biotechnology,United States,Small Cap,FRA,EUR
GCI,"Gannett Co., Inc.",Communication Services,Diversified Telecommunication Services,United States,Small Cap,NYQ,USD
GCP,GCP Applied Technologies Inc.,Materials,Chemicals,United States,Small Cap,NYQ,USD
GD,General Dynamics Corporation,Industrials,,United States,Large Cap,NYQ,USD
GDDY,GoDaddy Inc.,Information Technology,Software,United States,Large Cap,NYQ,USD
GDEN,"Golden Entertainment, Inc.",Consumer Discretionary,"Hotels, Restaurants & Leisure",United States,Small Cap,NGM,USD
GDRX,"GoodRx Holdings, Inc.",Health Care,Health Care Providers & Services,United States,Small Cap,NMS,USD
GDYN,"Grid Dynamics Holdings, Inc.",Information Technology,IT Services,United States,Small Cap,NMS,USD
GE,General Electric Company,Industrials,Machinery,United States,Mega Cap,NYQ,USD
GEAR,Revelyst Inc. Common Stock,Consumer Discretionary,,United States,Small Cap,ASE,USD
GEF,"Greif, Inc.",Consumer Discretionary,Distributors,United States,Mid Cap,NYQ,USD
GEGGL,Great Elm Group Inc.  7.25% Notes due 2027,Information Technology,Software,United States,Small Cap,NMS,USD
GEHC,GE HealthCare Technologies Inc. Common Stock ,Information Technology,Software,United States,Large Cap,NMS,USD
GEL,"Genesis Energy, L.P.",Energy,"Oil, Gas & Consumable Fuels",United States,Mid Cap,NYQ,USD
GEN,Gen Digital Inc. Common Stock,Information Technology,Software,United States,Large Cap,NMS,USD
GENVR,Gen Digital Inc. Contingent Value Rights,Information Technology,Software,United States,Small Cap,NMS,USD
GERN,Geron Corporation,Health Care,Biotechnology,United States,Small Cap,NMS,USD
GES,"GUESS?, LLC",Consumer Discretionary,"Textiles, Apparel & Luxury Goods",United States,Small Cap,NYQ,USD
GETY,Getty Images Holdings Inc. Class A Common Stock,Information Technology,"Electronic Equipment, Instruments & Components",United States,Small Cap,NYQ,USD
GEV,GE Vernova Inc. Common Stock,Energy,,United States,Mega Cap,NYQ,USD
GEVO,"Gevo, Inc.",Materials,Chemicals,United States,Small Cap,NMS,USD
GFF,Griffon Corporation,Industrials,Building Products,United States,Mid Cap,NYQ,USD
GFN,General Finance Corporation,Industrials,Commercial Services & Supplies,United States,Small Cap,NMS,USD
GFS,GlobalFoundries Inc. Ordinary Shares,Information Technology,Semiconductors & Semiconductor Equipment,United States,Large Cap,NMS,USD
GFUZ,General Fusion Group Ltd. Common Shares,Utilities,Electric Utilities,United States,Mid Cap,NMS,USD
GGG,Graco Inc.,Industrials,Machinery,United States,Large Cap,NYQ,USD
GGL.F,"Global Water Resources, Inc.",Utilities,Water Utilities,United States,Small Cap,FRA,EUR
GH,"Guardant Health, Inc.",Health Care,Biotechnology,United States,Large Cap,NMS,USD
GHC,Graham Holdings Company,Consumer Staples,Household Products,United States,Mid Cap,NYQ,USD
GIC,Global Industrial Company Common Stock,Information Technology,"Electronic Equipment, Instruments & Components",United States,Small Cap,NYQ,USD
GIII,"G-III Apparel Group, Ltd.",Consumer Discretionary,"Textiles, Apparel & Luxury Goods",United States,Small Cap,NMS,USD
GILD,"Gilead Sciences, Inc.",Health Care,Pharmaceuticals,United States,Large Cap,NMS,USD
GIS,"General Mills, Inc.",Consumer Staples,Food & Staples Retailing,United States,Large Cap,NYQ,USD
GKOS,Glaukos Corp,Health Care,Health Care Equipment & Supplies,United States,Mid Cap,NYQ,USD
GLDD,Great Lakes Dredge & Dock Corporation,Industrials,Construction & Engineering,United States,Small Cap,NMS,USD
GLIBA,GCI Liberty Inc. Series A GCI Group Common Stock,Communication Services,Entertainment,United States,Small Cap,NMS,USD
GLIBK,GCI Liberty Inc. Series C GCI Group Common Stock,Communication Services,Entertainment,United States,Small Cap,NMS,USD
GLN.F,Glatfelter Corporation,Materials,Paper & Forest Products,United States,Small Cap,FRA,EUR
GLOO,Gloo Holdings Inc. Class A Common Stock,Information Technology,Software,United States,Small Cap,NMS,USD
GLP,Global Partners LP,Energy,"Oil, Gas & Consumable Fuels",United States,Small Cap,NYQ,USD
GLSI,"Greenwich LifeSciences, Inc.",Health Care,Biotechnology,United States,Small Cap,NCM,USD
GLUE,Monte Rosa Therapeutics Inc. Common Stock,Health Care,Biotechnology,United States,Small Cap,NMS,USD
GLUU,Glu Mobile Inc.,Communication Services,Interactive Media & Services,United States,Mid Cap,NMS,USD
GLW,Corning Inc,Information Technology,"Electronic Equipment, Instruments & Components",United States,Large Cap,NYQ,USD
GM,General Motors Company,Consumer Discretionary,Automobiles,United States,Large Cap,NYQ,USD
GME,GameStop Corp.,Consumer Discretionary,Specialty Retail,United States,Large Cap,NYQ,USD
GMED,"Globus Medical, Inc.",Health Care,Health Care Technology,United States,Large Cap,NYQ,USD
GMS,GMS Inc.,Industrials,Building Products,United States,Mid Cap,NYQ,USD
GMTX,"Gemini Therapeutics, Inc.",Health Care,Biotechnology,United States,Small Cap,NMS,USD
GN8.F,Genesco Inc.,Consumer Discretionary,"Textiles, Apparel & Luxury Goods",United States,Small Cap,FRA,EUR
GNE,Genie Energy Ltd.,Utilities,Electric Utilities,United States,Small Cap,NYQ,USD
GNK,Genco Shipping & Trading Limited,Industrials,Marine,United States,Small Cap,NYQ,USD
GNMK,"GenMark Diagnostics, Inc.",Health Care,Health Care Technology,United States,Small Cap,NGM,USD
GNOG,"Golden Nugget Online Gaming, Inc.",Consumer Discretionary,"Hotels, Restaurants & Leisure",United States,Small Cap,NMS,USD
GNRC,Generac Holdings Inc.,Industrials,Machinery,United States,Large Cap,NYQ,USD
GNTX,Gentex Corporation,Consumer Discretionary,Auto Components,United States,Mid Cap,NMS,USD
GO,Grocery Outlet Holding Corp.,Consumer Staples,Food & Staples Retailing,United States,Small Cap,NMS,USD
GOGO,Gogo Inc.,Communication Services,Diversified Telecommunication Services,United States,Small Cap,NMS,USD
GOLF,Acushnet Holdings Corp.,Consumer Discretionary,"Hotels, Restaurants & Leisure",United States,Mid Cap,NYQ,USD
GOOG,Alphabet Inc.,Communication Services,Diversified Telecommunication Services,United States,Mega Cap,NMS,USD
GOOGM,Alphabet Inc. Depositary Shares representing a 1/20th Interest in a Share of Series A Mandatory Convertible Preferred Stock,Communication Services,Diversified Telecommunication Services,United States,Mega Cap,NMS,USD
GOOGN,Alphabet Inc. Depositary Shares representing a 1/20th Interest in a Share of Series B Mandatory Convertible Preferred Stock,Communication Services,Diversified Telecommunication Services,United States,Mega Cap,NMS,USD
GPC,Genuine Parts Company,Consumer Discretionary,Specialty Retail,United States,Large Cap,NYQ,USD
GPCR,Structure Therapeutics Inc. American Depositary Shares,Health Care,,United States,Mid Cap,NMS,USD
GPI,"Group 1 Automotive, Inc.",Consumer Discretionary,Automobiles,United States,Mid Cap,NYQ,USD
GPK,Graphic Packaging Holding Company,Consumer Discretionary,Distributors,United States,Mid Cap,NYQ,USD
GPN,Global Payments Inc.,Industrials,Professional Services,United States,Large Cap,NYQ,USD
GPOR,Gulfport Energy Corporation Common Shares,Energy,"Oil, Gas & Consumable Fuels",United States,Mid Cap,NYQ,USD
GPRE,Green Plains Inc.,Materials,Chemicals,United States,Small Cap,NMS,USD
GPS,"The Gap, Inc.",Consumer Discretionary,"Textiles, Apparel & Luxury Goods",United States,Mid Cap,NYQ,USD
GRA,W. R. Grace & Co.,Materials,Chemicals,United States,Mid Cap,NYQ,USD
GRAL,GRAIL Inc. Common Stock ,Health Care,Biotechnology,United States,Mid Cap,NMS,USD
GRBK,"Green Brick Partners, Inc.",Industrials,Construction & Engineering,United States,Mid Cap,NCM,USD
GRC,The Gorman-Rupp Company,Industrials,Machinery,United States,Small Cap,NYQ,USD
GRDN,Guardian Pharmacy Services Inc. Class A Common Stock,Health Care,Pharmaceuticals,United States,Mid Cap,NYQ,USD
GRPN,"Groupon, Inc.",Communication Services,Diversified Telecommunication Services,United States,Small Cap,NMS,USD
GRUB,Grubhub Inc.,Communication Services,Diversified Telecommunication Services,United States,Mid Cap,NYQ,USD
GRWG.MX,GrowGeneration Corp.,Consumer Discretionary,Household Durables,United States,Mid Cap,MEX,MXN
GSAT,"Globalstar, Inc.",Communication Services,Diversified Telecommunication Services,United States,Mid Cap,NMS,USD
GSKY,"GreenSky, Inc.",Information Technology,Software,United States,Small Cap,NMS,USD
GT,Goodyear Tire & Rubber Company,Consumer Discretionary,Auto Components,United States,Mid Cap,NMS,USD
GTBIF,Green Thumb Industries Inc.,Health Care,Pharmaceuticals,United States,Mid Cap,PNK,USD
GTES,Gates Industrial Corporation plc,Industrials,Machinery,United States,Mid Cap,NYQ,USD
GTHX,G1 Therapeutics Inc.,Health Care,Biotechnology,United States,Small Cap,NMS,USD
GTII,"Global Tech Industries Group, Inc.",Industrials,Industrial Conglomerates,United States,Small Cap,PNK,USD
GTLB,GitLab Inc. Class A Common Stock,Information Technology,Software,United States,Mid Cap,NMS,USD
GTLS,"Chart Industries, Inc.",Industrials,Machinery,United States,Mid Cap,NYQ,USD
GTM,ZoomInfo Technologies Inc Common Stock,Information Technology,Software,United States,Small Cap,NMS,USD
GTN,"Gray Television, Inc.",Communication Services,Media,United States,Small Cap,NYQ,USD
GTS,Triple-S Management Corporation,Health Care,Health Care Providers & Services,United States,Small Cap,NYQ,USD
GTYH,GTY Technology Holdings Inc.,Information Technology,Software,United States,Small Cap,NCM,USD
GVA,Granite Construction Incorporated,Industrials,Construction & Engineering,United States,Mid Cap,NYQ,USD
GVNV.AS,GrandVision N.V.,Consumer Discretionary,Specialty Retail,Netherlands,Mid Cap,AMS,EUR
GWRE,"Guidewire Software, Inc.",Information Technology,Software,United States,Large Cap,NYQ,USD
GWW,"W.W. Grainger, Inc.",Industrials,Trading Companies & Distributors,United States,Large Cap,NYQ,USD
GX6.F,"TPI Composites, Inc.",Industrials,Machinery,United States,Small Cap,FRA,EUR
GXO,GXO Logistics Inc. Common Stock ,Industrials,,United States,Mid Cap,NYQ,USD
GYRE,Gyre Therapeutics Inc. Common Stock,Health Care,Biotechnology,United States,Small Cap,NMS,USD
H,Hyatt Hotels Corporation,Consumer Discretionary,"Hotels, Restaurants & Leisure",United States,Large Cap,NYQ,USD
HA,"Hawaiian Holdings, Inc.",Industrials,Airlines,United States,Small Cap,NMS,USD
HAL,Halliburton Company,Energy,Energy Equipment & Services,United States,Large Cap,NYQ,USD
HALO,"Halozyme Therapeutics, Inc.",Health Care,Biotechnology,United States,Mid Cap,NMS,USD
HARP,"Harpoon Therapeutics, Inc.",Health Care,Biotechnology,United States,Small Cap,NMS,USD
HAS,"Hasbro, Inc.",Consumer Discretionary,"Hotels, Restaurants & Leisure",United States,Large Cap,NMS,USD
HAWEL,"Hawaiian Electric Company, Inc. PFD SER E 5%",Utilities,,United States,Small Cap,PNK,USD
HAWEN,"Hawaiian Electric Company, Inc. PFD C 4.25%",Utilities,,United States,Small Cap,PNK,USD
HAYN,"HAYNES INTERNATIONAL, INC.",Industrials,Building Products,United States,Small Cap,NMS,USD
HAYW,"Hayward Holdings, Inc.",Industrials,Electrical Equipment,United States,Mid Cap,NYQ,USD
HBI,Hanesbrands Inc.,Consumer Discretionary,"Textiles, Apparel & Luxury Goods",United States,Mid Cap,NYQ,USD
HBI.F,"Harvard Bioscience, Inc.",Health Care,Health Care Equipment & Supplies,United States,Small Cap,FRA,EUR
HC9.F,"America's Car-Mart, Inc.",Consumer Discretionary,Automobiles,United States,Small Cap,FRA,EUR
HCA,"HCA Healthcare, Inc.",Health Care,Health Care Equipment & Supplies,United States,Large Cap,NYQ,USD
HCC,"Warrior Met Coal, Inc.",Materials,Metals & Mining,United States,Mid Cap,NYQ,USD
HCCI,"Heritage-Crystal Clean, Inc",Industrials,Transportation Infrastructure,United States,Small Cap,NMS,USD
HCKT,"The Hackett Group, Inc.",Information Technology,IT Services,United States,Small Cap,NMS,USD
HCMC,Healthier Choices Management Corp.,Consumer Staples,Food & Staples Retailing,United States,Small Cap,PNK,USD
HCP,HashiCorp Inc. Class A Common Stock,Information Technology,Software,United States,Mid Cap,NMS,USD
HCSG,"Healthcare Services Group, Inc.",Health Care,Health Care Equipment & Supplies,United States,Small Cap,NMS,USD
HD,"Home Depot, Inc.",Consumer Discretionary,Household Durables,United States,Mega Cap,NYQ,USD
HDG.AS,Hunter Douglas N.V.,Consumer Discretionary,Household Durables,Netherlands,Mid Cap,AMS,EUR
HDSN,"Hudson Technologies, Inc.",Materials,Chemicals,United States,Small Cap,NCM,USD
HE,"Hawaiian Electric Industries, Inc.",Utilities,Multi-Utilities,United States,Mid Cap,NYQ,USD
HEAR,Turtle Beach Corporation,Information Technology,"Electronic Equipment, Instruments & Components",United States,Small Cap,NMS,USD
HEES,"H&E Equipment Services, Inc.",Industrials,Commercial Services & Supplies,United States,Mid Cap,NMS,USD
HEI,HEICO Corporation,Industrials,Aerospace & Defense,United States,Large Cap,NYQ,USD
HEIA.AS,Heineken N.V.,Consumer Staples,Beverages,Netherlands,Large Cap,AMS,EUR
HEIJM.AS,Koninklijke Heijmans N.V.,Industrials,Construction & Engineering,Netherlands,Small Cap,AMS,EUR
HELE,Helen of Troy Limited,Consumer Staples,Household Products,United States,Small Cap,NMS,USD
HEP,"Holly Energy Partners, L.P.",Energy,"Oil, Gas & Consumable Fuels",United States,Mid Cap,NYQ,USD
HES,HESS CORPORATION,Energy,"Oil, Gas & Consumable Fuels",United States,Large Cap,NYQ,USD
HESM,Hess Midstream LP,Energy,"Oil, Gas & Consumable Fuels",United States,Mid Cap,NYQ,USD
HF1.F,"Hain Celestial Group, Inc.",Consumer Staples,Food & Staples Retailing,United States,Mid Cap,FRA,EUR
HFC,HollyFrontier Corporation,Energy,"Oil, Gas & Consumable Fuels",United States,Mid Cap,NYQ,USD
HGV,Hilton Grand Vacations Inc.,Consumer Discretionary,"Hotels, Restaurants & Leisure",United States,Mid Cap,NYQ,USD
HI,"Hillenbrand, Inc.",Industrials,Machinery,United States,Mid Cap,NYQ,USD
HIBB,"Hibbett Sports, Inc.",Consumer Discretionary,Specialty Retail,United States,Small Cap,NMS,USD
HII,"Huntington Ingalls Industries, Inc.",Industrials,Aerospace & Defense,United States,Large Cap,NYQ,USD
HIMS,"Hims & Hers Health, Inc.",Consumer Staples,Household Products,United States,Mid Cap,NYQ,USD
HL,Hecla Mining Company,Materials,Metals & Mining,United States,Large Cap,NYQ,USD
HLF,Herbalife Ltd.,Consumer Staples,Food & Staples Retailing,United States,Mid Cap,NYQ,USD
HLIO,"Helios Technologies, Inc.",Industrials,Machinery,United States,Mid Cap,NMS,USD
HLLY,Holley Inc. Common Stock,Consumer Discretionary,Auto Components,United States,Small Cap,NYQ,USD
HLMN,Hillman Solutions Corp. Common Stock,Materials,Chemicals,United States,Small Cap,NMS,USD
HLT,Hilton Worldwide Holdings Inc.,Consumer Discretionary,"Hotels, Restaurants & Leisure",United States,Large Cap,NYQ,USD
HLX,"Solutions Group, Inc.",Energy,Energy Equipment & Services,United States,Small Cap,NYQ,USD
HMBL,"HUMBL, Inc.",Information Technology,Software,United States,Small Cap,PNK,USD
HMHC,Houghton Mifflin Harcourt Company,Consumer Staples,Household Products,United States,Small Cap,NMS,USD
HMTV,"Hemisphere Media Group, Inc.",Communication Services,Entertainment,United States,Small Cap,NGM,USD
HNGE,Hinge Health Inc. Class A Common Stock,Information Technology,Software,United States,Mid Cap,NYQ,USD
HNGR,"Hanger, Inc.",Health Care,Health Care Equipment & Supplies,United States,Small Cap,NYQ,USD
HNI,HNI Corporation,Industrials,Commercial Services & Supplies,United States,Mid Cap,NYQ,USD
HNRG,Hallador Energy Company,Materials,Metals & Mining,United States,Small Cap,NMS,USD
HNST,The Honest Company Inc. Common Stock,Materials,Paper & Forest Products,United States,Small Cap,NMS,USD
HOG,"Harley-Davidson, Inc.",Consumer Discretionary,Automobiles,United States,Mid Cap,NYQ,USD
HOLX,"Hologic, Inc.",Health Care,Health Care Equipment & Supplies,United States,Large Cap,NMS,USD
HOME,At Home Group Inc.,Consumer Discretionary,Specialty Retail,United States,Mid Cap,NYQ,USD
HONA,Honeywell Aerospace Inc. Common Stock ,Industrials,Aerospace & Defense,United States,Large Cap,NMS,USD
HONAV,Honeywell Aerospace Inc. Common Stock When Issued,Industrials,Aerospace & Defense,United States,Large Cap,NMS,USD
HOV,"Hovnanian Enterprises, Inc.",Industrials,Construction & Engineering,United States,Small Cap,NYQ,USD
HP,"Helmerich & Payne, Inc.",Energy,"Oil, Gas & Consumable Fuels",United States,Mid Cap,NYQ,USD
HPE,Hewlett Packard Enterprise Co.,Information Technology,Communications Equipment,United States,Large Cap,NYQ,USD
HPK,"HighPeak Energy, Inc.",Energy,"Oil, Gas & Consumable Fuels",United States,Small Cap,NGM,USD
HPQ,HP Inc.,Information Technology,"Technology Hardware, Storage & Peripherals",United States,Large Cap,NYQ,USD
HQE1.F,CytoSorbents Corporation,Health Care,Health Care Technology,United States,Small Cap,FRA,EUR
HQY,"HealthEquity, Inc.",Health Care,Health Care Providers & Services,United States,Mid Cap,NMS,USD
HRB,"H&R Block, Inc.",Consumer Discretionary,"Hotels, Restaurants & Leisure",United States,Mid Cap,NYQ,USD
HRC,"Hill-Rom Holdings, Inc.",Health Care,Health Care Equipment & Supplies,United States,Mid Cap,NYQ,USD
HRI,Herc Holdings Inc.,Industrials,Commercial Services & Supplies,United States,Mid Cap,NYQ,USD
HRL,Hormel Foods Corporation,Consumer Staples,Food & Staples Retailing,United States,Large Cap,NYQ,USD
HRMY,"Harmony Biosciences Holdings, Inc.",Health Care,Biotechnology,United States,Small Cap,NMS,USD
HROW,"Harrow Health, Inc.",Health Care,Pharmaceuticals,United States,Mid Cap,NMS,USD
HROWL,Harrow Health Inc. 8.625% Senior Notes due 2026,Health Care,Biotechnology,United States,Small Cap,NMS,USD
HROWM,Harrow Health Inc. 11.875% Senior Notes due 2027,Health Care,Biotechnology,United States,Small Cap,NMS,USD
HRS.DE,Harris Corporation,Information Technology,,United States,Large Cap,GER,EUR
HRVSF,Harvest Health & Recreation Inc.,Health Care,Pharmaceuticals,United States,Small Cap,PNK,USD
HSC,Harsco Corporation,Industrials,Machinery,United States,Small Cap,NYQ,USD
HSIC,"Henry Schein, Inc.",Health Care,Health Care Providers & Services,United States,Mid Cap,NMS,USD
HSII,"Heidrick & Struggles International, Inc.",Industrials,Professional Services,United States,Small Cap,NMS,USD
HSKA,Heska Corporation,Health Care,Biotechnology,United States,Small Cap,NMS,USD
HSTM,"HealthStream, Inc.",Health Care,Health Care Providers & Services,United States,Small Cap,NMS,USD
HSY,The Hershey Company,Consumer Staples,Food & Staples Retailing,United States,Large Cap,NYQ,USD
HTLD,"PetMed Express, Inc.",Consumer Discretionary,"Textiles, Apparel & Luxury Goods",United States,Small Cap,NMS,USD
HTO,H2O America Common Stock,Utilities,Water Utilities,United States,Small Cap,NMS,USD
HTZ,Hertz Global Holdings Inc Common Stock,Industrials,Commercial Services & Supplies,United States,Small Cap,NMS,USD
HTZGQ,"Hertz Global Holdings, Inc.",Industrials,Commercial Services & Supplies,United States,Small Cap,PNK,USD
HUBB,Hubbell Incorporated,Industrials,Electrical Equipment,United States,Large Cap,NYQ,USD
HUBG,"Hub Group, Inc.",Industrials,Air Freight & Logistics,United States,Mid Cap,NMS,USD
HUBS,"HubSpot, Inc.",Information Technology,Software,United States,Large Cap,NYQ,USD
HUM,Humana Inc.,Health Care,Health Care Providers & Services,United States,Large Cap,NYQ,USD
HUN,Huntsman Corporation,Materials,Chemicals,United States,Mid Cap,NYQ,USD
HURN,Huron Consulting Group Inc.,Industrials,Professional Services,United States,Mid Cap,NMS,USD
HVT,"Haverty Furniture Companies, Inc.",Consumer Discretionary,Household Durables,United States,Small Cap,NYQ,USD
HWKN,"Hawkins, Inc.",Materials,Chemicals,United States,Mid Cap,NMS,USD
HWM,Howmet Aerospace Inc.,Industrials,Machinery,United States,Large Cap,NYQ,USD
HWT1.F,"iCAD, Inc.",Health Care,Health Care Providers & Services,United States,Small Cap,FRA,EUR
HXL,Excel Corporation,Information Technology,IT Services,United States,Mid Cap,NYQ,USD
HY,"Hyster-Yale Materials Handling, Inc.",Industrials,Machinery,United States,Small Cap,NYQ,USD
HY1N.F,"Ontrak, Inc.",Health Care,Health Care Equipment & Supplies,United States,Small Cap,FRA,EUR
HYLN,Hyliion Holdings Corp.,Consumer Discretionary,Auto Components,United States,Small Cap,NYQ,USD
HYMC,Hycroft Mining Holding Corporation,Materials,Metals & Mining,United States,Mid Cap,NMS,USD
HYSR,"SunHydrogen, Inc.",Information Technology,"Technology Hardware, Storage & Peripherals",United States,Small Cap,PNK,USD
HZO,"MarineMax, Inc.",Consumer Discretionary,Specialty Retail,United States,Small Cap,NYQ,USD
I8R.F,iRobot Corporation,Information Technology,"Electronic Equipment, Instruments & Components",United States,Mid Cap,FRA,EUR
IAA,"IAA, Inc.",Industrials,Professional Services,United States,Mid Cap,NYQ,USD
IAC,IAC Inc.,Communication Services,Diversified Telecommunication Services,United States,Mid Cap,NMS,USD
IART,Integra LifeSciences Holdings Corporation,Health Care,Health Care Technology,United States,Small Cap,NMS,USD
IAS,Integral Ad Science Holding Corp. Common Stock,Communication Services,Diversified Telecommunication Services,United States,Small Cap,NMS,USD
IAUCF,i-80 Gold Corp.,Materials,Metals & Mining,United States,Small Cap,PNK,USD
IAUX,i-80 Gold Corp. Common Shares,Materials,,United States,Small Cap,ASE,USD
IBEX,IBEX Limited,Information Technology,Software,United States,Small Cap,NMS,USD
IBM,International Business Machines Corporation,Information Technology,IT Services,United States,Mega Cap,NYQ,USD
IBP,"Installed Building Products, Inc.",Industrials,Building Products,United States,Mid Cap,NYQ,USD
IBRX,ImmunityBio Inc,Health Care,Biotechnology,United States,Large Cap,NMS,USD
IBTA,Ibotta Inc. Class A Common Stock,Information Technology,,United States,Small Cap,NYQ,USD
ICFI,"ICF International, Inc.",Industrials,Professional Services,United States,Small Cap,NMS,USD
ICHR,"Ichor Holdings, Ltd.",Information Technology,Semiconductors & Semiconductor Equipment,United States,Small Cap,NMS,USD
ICPT,"Intercept Pharmaceuticals, Inc.",Health Care,Biotechnology,United States,Small Cap,NMS,USD
ICUI,"ICU Medical, Inc.",Health Care,Health Care Equipment & Supplies,United States,Mid Cap,NMS,USD
ICVX,Icosavax Inc. Common Stock,Health Care,Biotechnology,United States,Small Cap,NMS,USD
IDA,"IDACORP, Inc.",Utilities,Electric Utilities,United States,Mid Cap,NYQ,USD
IDCC,"InterDigital, Inc.",Communication Services,Diversified Telecommunication Services,United States,Mid Cap,NMS,USD
IDT,IDT Corporation Class B,Communication Services,Diversified Telecommunication Services,United States,Small Cap,NYQ,USD
IDXX,"IDEXX Laboratories, Inc.",Health Care,Biotechnology,United States,Large Cap,NMS,USD
IDYA,"IDEAYA Biosciences, Inc.",Health Care,Biotechnology,United States,Mid Cap,NMS,USD
IEP,Icahn Enterprises L.P.,Industrials,Industrial Conglomerates,United States,Mid Cap,NMS,USD
IEX,IDEX Corporation,Industrials,Machinery,United States,Large Cap,NYQ,USD
IFF,International Flavors & Fragrances Inc.,Materials,Chemicals,United States,Large Cap,NYQ,USD
IHRT,"iHeartMedia, Inc.",Communication Services,Media,United States,Small Cap,NMS,USD
IIIN,"Insteel Industries, Inc.",Industrials,Building Products,United States,Small Cap,NYQ,USD
IIIV,"i3 Verticals, Inc.",Information Technology,IT Services,United States,Small Cap,NMS,USD
IIVI,II-VI Incorporated,Information Technology,"Electronic Equipment, Instruments & Components",United States,Large Cap,NMS,USD
IKT,"Inhibikase Therapeutics, Inc.",Health Care,Biotechnology,United States,Small Cap,NCM,USD
ILMN,"Illumina, Inc.",Health Care,Biotechnology,United States,Large Cap,NMS,USD
IMCD.AS,IMCD N.V.,Materials,Chemicals,Netherlands,Mid Cap,AMS,EUR
IMGN,"ImmunoGen, Inc.",Health Care,Biotechnology,United States,Mid Cap,NMS,USD
IMKTA,"Ingles Markets, Incorporated",Consumer Staples,Food & Staples Retailing,United States,Small Cap,NMS,USD
IMMX,Immix Biopharma Inc. Common Stock,Health Care,Biotechnology,United States,Small Cap,NMS,USD
IMNM,"Immunome, Inc.",Health Care,Biotechnology,United States,Mid Cap,NMS,USD
IMRX,Immuneering Corporation Class A Common Stock,Health Care,Biotechnology,United States,Small Cap,NMS,USD
IMUN,"Immune Therapeutics, Inc.",Health Care,Biotechnology,United States,Mid Cap,PNK,USD
IMVT,"Immunovant, Inc.",Health Care,Biotechnology,United States,Mid Cap,NMS,USD
INBX,"Inhibrx, Inc.",Health Care,Biotechnology,United States,Small Cap,NGM,USD
INCY,Incyte Corporation,Health Care,Biotechnology,United States,Large Cap,NMS,USD
INDI,"indie Semiconductor, Inc.",Information Technology,Semiconductors & Semiconductor Equipment,United States,Small Cap,NMS,USD
INFN,INFINERA CORPORATION,Information Technology,Communications Equipment,United States,Small Cap,NMS,USD
INFQ,Infleqtion Inc. Common Stock,Information Technology,Software,United States,Small Cap,NYQ,USD
INGM,Ingram Micro Holding Corporation Common Stock,Information Technology,Software,United States,Mid Cap,NYQ,USD
INGR,Ingredion Incorporated,Consumer Staples,Food & Staples Retailing,United States,Mid Cap,NYQ,USD
INNV,InnovAge Holding Corp.,Health Care,Health Care Equipment & Supplies,United States,Small Cap,NMS,USD
INO.F,Inseego Corp.,Information Technology,Communications Equipment,United States,Small Cap,FRA,EUR
INOD,Innodata Inc.,Information Technology,IT Services,United States,Small Cap,NGM,USD
INOV,"Inovalon Holdings, Inc.",Health Care,Health Care Providers & Services,United States,Mid Cap,NMS,USD
INSM,Insmed Incorporated,Health Care,Biotechnology,United States,Large Cap,NMS,USD
INSP,"Inspire Medical Systems, Inc.",Health Care,Health Care Technology,United States,Small Cap,NYQ,USD
INSW,"International Seaways, Inc.",Industrials,Marine,United States,Mid Cap,NYQ,USD
INT,World Fuel Services Corporation,Energy,"Oil, Gas & Consumable Fuels",United States,Small Cap,NYQ,USD
INTA,Intapp Inc. Common Stock,Information Technology,Software,United States,Small Cap,NMS,USD
INTC,Intel Corporation,Information Technology,Semiconductors & Semiconductor Equipment,United States,Mega Cap,NMS,USD
INTU,Intuit Inc.,Information Technology,Software,United States,Large Cap,NMS,USD
INVA,"Innoviva, Inc.",Health Care,Biotechnology,United States,Small Cap,NMS,USD
INVN.F,"Identiv, Inc.",Information Technology,"Technology Hardware, Storage & Peripherals",United States,Small Cap,FRA,EUR
INVU,"View, Inc.",Industrials,Building Products,United States,Small Cap,PNK,USD
INVVY,Indivior PLC,Health Care,Pharmaceuticals,United States,Small Cap,PNK,USD
INVX,Innovex International Inc. Common Stock,Energy,Energy Equipment & Services,United States,Small Cap,NYQ,USD
IONQ,IonQ Inc. Common Stock,Industrials,Building Products,United States,Large Cap,NYQ,USD
IONS,"Ionis Pharmaceuticals, Inc.",Health Care,Biotechnology,United States,Large Cap,NMS,USD
IOSP,Innospec Inc.,Materials,Chemicals,United States,Small Cap,NMS,USD
IOVA,"Iovance Biotherapeutics, Inc.",Health Care,Biotechnology,United States,Small Cap,NGM,USD
IP,International Paper Company,Consumer Discretionary,Distributors,United States,Large Cap,NYQ,USD
IPAR,"Inter Parfums, Inc.",Consumer Staples,Household Products,United States,Mid Cap,NMS,USD
IPG,"THE INTERPUBLIC GROUP OF COMPANIES, INC.",Communication Services,Diversified Telecommunication Services,United States,Mid Cap,NYQ,USD
IPGP,IPG Photonics Corporation,Information Technology,Semiconductors & Semiconductor Equipment,United States,Mid Cap,NMS,USD
IPI,"Intrepid Potash, Inc.",Materials,Construction Materials,United States,Small Cap,NYQ,USD
IPLDP,Interstate Power and Light Company,Utilities,Electric Utilities,United States,Small Cap,NMS,USD
IPSC,Century Therapeutics Inc. Common Stock,Health Care,Biotechnology,United States,Small Cap,NMS,USD
IPWLK,AES Indiana,Utilities,Electric Utilities,United States,Small Cap,PNK,USD
IPX,IperionX Limited American Depositary Share,Industrials,Professional Services,United States,Small Cap,NMS,USD
IQV,IQVIA Holdings Inc,Health Care,Biotechnology,United States,Large Cap,NYQ,USD
IR,Ingersoll Rand Inc.,Industrials,Machinery,United States,Large Cap,NYQ,USD
IRDM,Iridium Communications Inc.,Communication Services,Diversified Telecommunication Services,United States,Mid Cap,NMS,USD
IRMD,IRadimed Corporation,Health Care,Health Care Technology,United States,Small Cap,NCM,USD
IRON,Disc Medicine Inc. Common Stock,Health Care,Biotechnology,United States,Mid Cap,NMS,USD
IRWD,"Ironwood Pharmaceuticals, Inc. Class A",Health Care,Pharmaceuticals,United States,Small Cap,NMS,USD
ISEE,"IVERIC bio, Inc.",Health Care,Biotechnology,United States,Mid Cap,NMS,USD
ISRG,"Intuitive Surgical, Inc.",Health Care,Health Care Equipment & Supplies,United States,Large Cap,NMS,USD
ISSC,"Innovative Solutions and Support, Inc.",Industrials,Aerospace & Defense,United States,Small Cap,NMS,USD
IT,"Gartner, Inc.",Information Technology,IT Services,United States,Large Cap,NYQ,USD
ITCI,"Intra-Cellular Therapies, Inc.",Health Care,Biotechnology,United States,Large Cap,NMS,USD
ITG,ITG Inc. Class A Common Stock,Industrials,Construction & Engineering,United States,Small Cap,NMS,USD
ITGR,Integer Holdings Corporation,Health Care,Health Care Technology,United States,Mid Cap,NYQ,USD
ITI,"Iteris, Inc.",Information Technology,Communications Equipment,United States,Small Cap,NCM,USD
ITOS,"iTeos Therapeutics, Inc.",Health Care,Biotechnology,United States,Small Cap,NGM,USD
ITRI,"Itron, Inc.",Information Technology,"Electronic Equipment, Instruments & Components",United States,Mid Cap,NMS,USD
ITRO,Itronics Inc.,Materials,Construction Materials,United States,Mid Cap,PNK,USD
ITT,ITT Inc.,Industrials,Machinery,United States,Large Cap,NYQ,USD
ITW,Illinois Tool Works Inc.,Industrials,Machinery,United States,Large Cap,NYQ,USD
IV8.F,Invitae Corporation,Health Care,Biotechnology,United States,Mid Cap,FRA,EUR
IVC,Invacare Corporation,Health Care,Health Care Technology,United States,Small Cap,NYQ,USD
IVVD,Invivyd Inc. Common Stock,Health Care,Biotechnology,United States,Small Cap,NMS,USD
J,Jacobs Engineering Group Inc.,Industrials,Construction & Engineering,United States,Large Cap,NYQ,USD
JACK,Jack in the Box Inc.,Consumer Discretionary,"Hotels, Restaurants & Leisure",United States,Small Cap,NMS,USD
JAMF,Jamf Holding Corp.,Information Technology,Software,United States,Small Cap,NMS,USD
JANX,Janux Therapeutics Inc. Common Stock,Health Care,Biotechnology,United States,Small Cap,NMS,USD
JBHT,"J.B. Hunt Transport Services, Inc.",Industrials,Air Freight & Logistics,United States,Large Cap,NMS,USD
JBI,Janus International Group Inc. Common Stock,Industrials,,United States,Small Cap,NYQ,USD
JBIO,Jade Biosciences Inc. Common Stock,Health Care,Biotechnology,United States,Small Cap,NMS,USD
JBL,Jabil Inc.,Information Technology,"Electronic Equipment, Instruments & Components",United States,Large Cap,NYQ,USD
JBLU,JetBlue Airways Corporation,Industrials,Airlines,United States,Mid Cap,NMS,USD
JBS,JBS N.V. Class A Common Shares,Consumer Staples,Food & Staples Retailing,Netherlands,Large Cap,NYQ,USD
JBSS,"John B. Sanfilippo & Son, Inc.",Consumer Staples,Food & Staples Retailing,United States,Small Cap,NMS,USD
JBT,John Bean Technologies Corporation,Industrials,Machinery,United States,Mid Cap,NYQ,USD
JBTM,JBT Marel Corporation,Industrials,,United States,Mid Cap,NYQ,USD
JCOM,"J2 Global, Inc.",Information Technology,Software,United States,Mid Cap,NMS,USD
JDEP.AS,JDE Peet's N.V.,Consumer Staples,Food & Staples Retailing,Netherlands,Large Cap,AMS,EUR
JJSF,J & J Snack Foods Corp.,Consumer Staples,Food & Staples Retailing,United States,Small Cap,NMS,USD
JKHY,"Jack Henry & Associates, Inc.",Information Technology,IT Services,United States,Large Cap,NMS,USD
JNJ,Johnson & Johnson,Health Care,Pharmaceuticals,United States,Mega Cap,NYQ,USD
JOBY,Joby Aviation Inc. Common Stock,Industrials,Aerospace & Defense,United States,Mid Cap,NYQ,USD
JOUT,Johnson Outdoors Inc.,Consumer Discretionary,"Hotels, Restaurants & Leisure",United States,Small Cap,NMS,USD
JSM,Avient Corporation,Materials,Chemicals,United States,Small Cap,NMS,USD
JUSHF,Jushi Holdings Inc.,Health Care,Pharmaceuticals,United States,Small Cap,PNK,USD
JW-A,"John Wiley & Sons, Inc.",Communication Services,Diversified Telecommunication Services,United States,Mid Cap,NYQ,USD
JWN,"NORDSTROM, INC.",Consumer Discretionary,Household Durables,United States,Mid Cap,NYQ,USD
K,Kellogg Company,Consumer Staples,Food & Staples Retailing,United States,Large Cap,NYQ,USD
K2R.F,"StarTek, Inc.",Industrials,Professional Services,United States,Small Cap,FRA,EUR
KAI,Kadant Inc.,Industrials,Machinery,United States,Mid Cap,NYQ,USD
KALA,"Kala Pharmaceuticals, Inc.",Health Care,Biotechnology,United States,Small Cap,NMS,USD
KALU,Kaiser Aluminum Corporation,Materials,Metals & Mining,United States,Mid Cap,NMS,USD
KALV,"KalVista Pharmaceuticals, Inc.",Health Care,Biotechnology,United States,Small Cap,NGM,USD
KAMN,Kaman Corporation,Industrials,Aerospace & Defense,United States,Small Cap,NYQ,USD
KAR,"KAR Auction Services, Inc.",Consumer Discretionary,Specialty Retail,United States,Mid Cap,NYQ,USD
KBAL,"Kimball International, Inc.",Consumer Discretionary,Household Durables,United States,Small Cap,NMS,USD
KBH,KB Home,Industrials,Construction & Engineering,United States,Mid Cap,NYQ,USD
KBR,"KBR, Inc.",Industrials,Construction & Engineering,United States,Mid Cap,NYQ,USD
KD,Kyndryl Holdings Inc. Common Stock,Information Technology,Software,United States,Mid Cap,NYQ,USD
KDK,Kodiak AI Inc. Common Stock ,Information Technology,Software,United States,Small Cap,NMS,USD
KDMN,"Kadmon Holdings, Inc.",Health Care,Biotechnology,United States,Small Cap,NMS,USD
KDNY,"CHINOOK THERAPEUTICS, INC.",Health Care,Biotechnology,United States,Mid Cap,NMS,USD
KDP,Keurig Dr Pepper Inc.,Consumer Staples,Beverages,United States,Large Cap,NMS,USD
KE,"Kimball Electronics, Inc.",Industrials,Electrical Equipment,United States,Small Cap,NMS,USD
KELYA,"Kelly Services, Inc.",Industrials,Professional Services,United States,Small Cap,NMS,USD
KENDR.AS,Kendrion N.V.,Consumer Discretionary,Auto Components,Netherlands,Small Cap,AMS,EUR
KEX,Kirby Corporation,Industrials,Marine,United States,Mid Cap,NYQ,USD
KEYS,Keysight Technologies Inc,Information Technology,"Electronic Equipment, Instruments & Components",United States,Large Cap,NYQ,USD
KFRC,Kforce Inc.,Industrials,Professional Services,United States,Small Cap,NMS,USD
KFS,Kingsway Financial Services Inc.,Consumer Discretionary,Automobiles,United States,Small Cap,NYQ,USD
KFY,Korn Ferry,Industrials,Professional Services,United States,Mid Cap,NYQ,USD
KHC,Kraft Heinz Company,Consumer Staples,Food & Staples Retailing,United States,Large Cap,NMS,USD
KI2.F,"Kirkland's, Inc.",Consumer Discretionary,Specialty Retail,United States,Small Cap,FRA,EUR
KIDS,OrthoPediatrics Corp.,Health Care,Health Care Technology,United States,Small Cap,NMS,USD
KIND,Nextdoor Holdings Inc. Class A Common Stock,Information Technology,Software,United States,Small Cap,ASE,USD
KLA.DE,KLA-Tencor Corporation,Information Technology,,United States,Large Cap,GER,EUR
KLAC,KLA Corporation,Information Technology,Semiconductors & Semiconductor Equipment,United States,Large Cap,NMS,USD
KLC,KinderCare Learning Companies Inc. Common Stock,Consumer Staples,Household Products,United States,Small Cap,NYQ,USD
KLDI,KLDiscovery Inc.,Information Technology,Software,United States,Small Cap,PNK,USD
KLDO,"Kaleido Biosciences, Inc.",Health Care,Biotechnology,United States,Small Cap,NMS,USD
KLG,WK Kellogg Co Common Stock,Consumer Staples,,United States,Small Cap,ASE,USD
KLMR,KLM Royal Dutch Airlines,Industrials,Airlines,Netherlands,Small Cap,PNK,USD
KMB,Kimberly-Clark Corporation,Consumer Staples,Household Products,United States,Large Cap,NYQ,USD
KMI,Kinder Morgan Inc Class P,Energy,"Oil, Gas & Consumable Fuels",United States,Large Cap,NYQ,USD
KMIC34.SA,"Kinder Morgan Kansas, Inc.",Energy,"Oil, Gas & Consumable Fuels",United States,Large Cap,SAO,BRL
KMT,Kennametal Inc.,Industrials,Building Products,United States,Mid Cap,NYQ,USD
KMTS,Kestra Medical Technologies Ltd. Common Stock,Health Care,Health Care Technology,United States,Small Cap,NMS,USD
KMX,"CarMax, Inc.",Consumer Discretionary,Automobiles,United States,Mid Cap,NYQ,USD
KN,Knowles Corporation,Information Technology,Communications Equipment,United States,Mid Cap,NYQ,USD
KNL,"Knoll, Inc.",Industrials,Commercial Services & Supplies,United States,Small Cap,NYQ,USD
KNTK,Kinetik Holdings Inc. Class A Common Stock,Energy,"Oil, Gas & Consumable Fuels",United States,Mid Cap,NYQ,USD
KNX,Knight-Swift Transportation Holdings Inc.,Industrials,Transportation Infrastructure,United States,Large Cap,NYQ,USD
KO,Coca-Cola Company,Consumer Staples,Beverages,United States,Mega Cap,NYQ,USD
KOD,"Kodiak Sciences, Inc.",Health Care,Biotechnology,United States,Small Cap,NMS,USD
KODK,Eastman Kodak Company,Industrials,Professional Services,United States,Small Cap,NYQ,USD
KOP,Koppers Holdings Inc.,Materials,Chemicals,United States,Small Cap,NYQ,USD
KOPN,Kopin Corporation,Information Technology,"Electronic Equipment, Instruments & Components",United States,Small Cap,NMS,USD
KOS,Kosmos Energy Ltd.,Energy,"Oil, Gas & Consumable Fuels",United States,Small Cap,NYQ,USD
KPN.AS,Koninklijke KPN N.V.,Communication Services,Diversified Telecommunication Services,Netherlands,Large Cap,AMS,EUR
KR,The Kroger Co.,Consumer Staples,Food & Staples Retailing,United States,Large Cap,NYQ,USD
KRA,Kraton Corporation,Materials,Chemicals,United States,Small Cap,NYQ,USD
KRMN,Karman Holdings Inc.,Health Care,,United States,Large Cap,NYQ,USD
KRO,"Kronos Worldwide, Inc.",Materials,Chemicals,United States,Small Cap,NYQ,USD
KROS,"Keros Therapeutics, Inc.",Health Care,Biotechnology,United States,Small Cap,NMS,USD
KRP,"Kimbell Royalty Partners, LP",Energy,"Oil, Gas & Consumable Fuels",United States,Small Cap,NYQ,USD
KRT,"Karat Packaging, Inc.",Consumer Discretionary,Distributors,United States,Small Cap,NMS,USD
KRTX,"Karuna Therapeutics, Inc.",Health Care,Biotechnology,United States,Large Cap,NMS,USD
KRUS,"Kura Sushi USA, Inc.",Consumer Discretionary,"Hotels, Restaurants & Leisure",United States,Small Cap,NMS,USD
KRYS,"Krystal Biotech, Inc.",Health Care,Biotechnology,United States,Mid Cap,NMS,USD
KSS,Kohl's Corporation,Consumer Discretionary,Household Durables,United States,Small Cap,NYQ,USD
KSU,Kansas City Southern,Industrials,Road & Rail,United States,Large Cap,NYQ,USD
KTB,"Kontoor Brands, Inc.",Consumer Discretionary,"Textiles, Apparel & Luxury Goods",United States,Mid Cap,NYQ,USD
KTOS,"Kratos Defense & Security Solutions, Inc.",Industrials,Aerospace & Defense,United States,Large Cap,NMS,USD
KURA,"Kura Oncology, Inc.",Health Care,Biotechnology,United States,Small Cap,NMS,USD
KVUE,Kenvue Inc. Common Stock,Materials,Chemicals,United States,Large Cap,NYQ,USD
KVYO,Klaviyo Inc. Series A Common Stock,Information Technology,,United States,Mid Cap,NYQ,USD
KWR,Quaker Chemical Corporation,Materials,Chemicals,United States,Mid Cap,NYQ,USD
KYMR,"Kymera Therapeutics, Inc.",Health Care,Biotechnology,United States,Mid Cap,NMS,USD
KYTX,Kyverna Therapeutics Inc. Common Stock,Health Care,,United States,Small Cap,NMS,USD
LAB,Standard BioTools Inc. Common Stock,Health Care,Biotechnology,United States,Small Cap,NMS,USD
LAD,"Lithia Motors, Inc.",Consumer Discretionary,Automobiles,United States,Mid Cap,NYQ,USD
LANC,Lancaster Colony Corporation,Consumer Staples,Food & Staples Retailing,United States,Mid Cap,NMS,USD
LASR,"nLIGHT, Inc.",Information Technology,Semiconductors & Semiconductor Equipment,United States,Mid Cap,NMS,USD
LAUR,"Laureate Education, Inc.",Consumer Staples,Household Products,United States,Mid Cap,NMS,USD
LAWS,"Lawson Products, Inc.",Industrials,Trading Companies & Distributors,United States,Small Cap,NMS,USD
LAZR.MX,"Luminar Technologies, Inc.",Information Technology,Software,United States,Mid Cap,MEX,MXN
LB,"L Brands, Inc.",Consumer Discretionary,"Textiles, Apparel & Luxury Goods",United States,Mid Cap,NYQ,USD
LBPH,"Longboard Pharmaceuticals, Inc.",Health Care,Biotechnology,United States,Mid Cap,NGM,USD
LBRDA,Liberty Broadband Corporation,Communication Services,Entertainment,United States,Mid Cap,NMS,USD
LBRT,Liberty Oilfield Services Inc.,Energy,Energy Equipment & Services,United States,Mid Cap,NYQ,USD
LBRX,LB Pharmaceuticals Inc Common Stock,Health Care,Biotechnology,United States,Small Cap,NMS,USD
LCID,Lucid Group Inc. Common Stock,Consumer Discretionary,Automobiles,United States,Mid Cap,NMS,USD
LCII,LCI Industries,Consumer Discretionary,Automobiles,United States,Mid Cap,NYQ,USD
LCTX,"Lineage Cell Therapeutics, Inc.",Health Care,Biotechnology,United States,Small Cap,ASE,USD
LDL,"Lydall, Inc.",Industrials,Machinery,United States,Small Cap,NYQ,USD
LDOS,"Leidos Holdings, Inc.",Information Technology,IT Services,United States,Large Cap,NYQ,USD
LE,"Lands' End, Inc.",Consumer Discretionary,Specialty Retail,United States,Small Cap,NCM,USD
LE3.F,"Leslie's, Inc.",Consumer Discretionary,Household Durables,United States,Mid Cap,FRA,EUR
LEA,Lear Corporation,Consumer Discretionary,Auto Components,United States,Mid Cap,NYQ,USD
LEAF,Leaf Group Ltd.,Communication Services,Diversified Telecommunication Services,United States,Small Cap,NYQ,USD
LECO,"Lincoln Electric Holdings, Inc.",Industrials,Building Products,United States,Large Cap,NMS,USD
LEG,"Leggett & Platt, Incorporated",Consumer Discretionary,Household Durables,United States,Small Cap,NYQ,USD
LEGH,Legacy Housing Corporation,Industrials,Construction & Engineering,United States,Small Cap,NMS,USD
LEGN,Legend Biotech Corporation,Health Care,Biotechnology,United States,Mid Cap,NMS,USD
LEN,Lennar Corporation,Industrials,Construction & Engineering,United States,Large Cap,NYQ,USD
LENZ,LENZ Therapeutics Inc. Common Stock,Health Care,,United States,Small Cap,NMS,USD
LEU,Centrus Energy Corp.,Materials,Metals & Mining,United States,Mid Cap,NYQ,USD
LEVI,Levi Strauss & Co. Class A,Consumer Discretionary,"Textiles, Apparel & Luxury Goods",United States,Mid Cap,NYQ,USD
LFMDP,LifeMD Inc. 8.875% Series A Cumulative Perpetual Preferred Stock,Industrials,Professional Services,United States,Small Cap,NMS,USD
LFST,LifeStance Health Group Inc. Common Stock,Health Care,Health Care Equipment & Supplies,United States,Mid Cap,NMS,USD
LFTO,Liftoff Mobile Inc. Common Stock,Information Technology,Software,United States,Mid Cap,NMS,USD
LFUS,"Littelfuse, Inc.",Information Technology,"Electronic Equipment, Instruments & Components",United States,Mid Cap,NMS,USD
LGF-A,Lions Gate Entertainment Corp.,Communication Services,Entertainment,United States,Mid Cap,NYQ,USD
LGIH,"LGI Homes, Inc.",Industrials,Construction & Engineering,United States,Small Cap,NMS,USD
LGND,Ligand Pharmaceuticals Incorporated,Health Care,Biotechnology,United States,Mid Cap,NGM,USD
LGTY,Logility Supply Chain Solutions Inc. Common Stock,Information Technology,Software,United States,Small Cap,NMS,USD
LH,Laboratory Corporation of America Holdings,Health Care,Biotechnology,United States,Large Cap,NYQ,USD
LHCG,"LHC Group, Inc.",Health Care,Health Care Equipment & Supplies,United States,Mid Cap,NMS,USD
LHX,L3Harris Technologies Inc,Industrials,Aerospace & Defense,United States,Large Cap,NYQ,USD
LICT,LICT Corporation,Communication Services,Diversified Telecommunication Services,United States,Small Cap,PNK,USD
LIF,Life360 Inc. Common Stock,Information Technology,,United States,Mid Cap,NMS,USD
LIFE,"aTyr Pharma, Inc.",Health Care,Biotechnology,United States,Small Cap,NCM,USD
LIGHT.AS,Signify N.V.,Industrials,Electrical Equipment,Netherlands,Mid Cap,AMS,EUR
LII,Lennox International Inc.,Industrials,Machinery,United States,Large Cap,NYQ,USD
LILA,Liberty Latin America Ltd.,Communication Services,Diversified Telecommunication Services,United States,Small Cap,NMS,USD
LILAP,Liberty Latin America Ltd. 9.0% Fixed Rate Cumulative Perpetual Redeemable Series A Preference Shares,Communication Services,Entertainment,United States,Mid Cap,NMS,USD
LIME,Neutron Holdings Inc. Common Stock,Information Technology,Software,United States,Small Cap,NMS,USD
LINC,Lincoln Educational Services Corporation,Consumer Staples,Household Products,United States,Small Cap,NMS,USD
LIND,"Lindblad Expeditions Holdings, Inc.",Consumer Discretionary,"Hotels, Restaurants & Leisure",United States,Small Cap,NMS,USD
LION,Lionsgate Studios Corp. Common Shares,Consumer Discretionary,,United States,Mid Cap,NMS,USD
LITE,Lumentum Holdings Inc.,Information Technology,Communications Equipment,United States,Large Cap,NMS,USD
LKQ,LKQ Corporation,Consumer Discretionary,Auto Components,United States,Mid Cap,NMS,USD
LKU.F,"Lumber Liquidators Holdings, Inc.",Consumer Discretionary,Household Durables,United States,Small Cap,FRA,EUR
LLY,Eli Lilly and Company,Health Care,Pharmaceuticals,United States,Mega Cap,NYQ,USD
LLYVA,Liberty Media Corporation Series A Liberty Live Common Stock,Communication Services,Media,United States,Mid Cap,NMS,USD
LLYVK,Liberty Media Corporation Series C Liberty Live Common Stock,Communication Services,Media,United States,Mid Cap,NMS,USD
LMAT,"LeMaitre Vascular, Inc.",Health Care,Health Care Equipment & Supplies,United States,Mid Cap,NMS,USD
LMB,"Limbach Holdings, Inc.",Industrials,Construction & Engineering,United States,Small Cap,NMS,USD
LMNX,Luminex Corporation,Health Care,Health Care Equipment & Supplies,United States,Small Cap,NMS,USD
LMRI,Lumexa Imaging Holdings Inc. Common Stock,Health Care,Biotechnology,United States,Small Cap,NMS,USD
LMT,Lockheed Martin Corporation,Industrials,Aerospace & Defense,United States,Large Cap,NYQ,USD
LNDC,Landec Corporation,Consumer Staples,Food & Staples Retailing,United States,Small Cap,NMS,USD
LNG,"Cheniere Energy, Inc.",Energy,"Oil, Gas & Consumable Fuels",United States,Large Cap,NYQ,USD
LNN,Lindsay Corporation,Industrials,Machinery,United States,Small Cap,NYQ,USD
LNT,Alliant Energy Corporation,Utilities,Electric Utilities,United States,Large Cap,NMS,USD
LNTH,Lantheus Holdings Inc,Health Care,Biotechnology,United States,Mid Cap,NGM,USD
LNW,Light & Wonder Inc. Common Stock,Consumer Discretionary,"Hotels, Restaurants & Leisure",United States,Mid Cap,NMS,USD
LO91.F,VBI Vaccines Inc.,Health Care,Biotechnology,United States,Small Cap,FRA,EUR
LOAR,Loar Holdings Inc. Common Stock,Industrials,,United States,Mid Cap,NYQ,USD
LOCO,"El Pollo Loco Holdings, Inc.",Consumer Discretionary,"Hotels, Restaurants & Leisure",United States,Small Cap,NMS,USD
LOPE,"Grand Canyon Education, Inc.",Consumer Staples,Household Products,United States,Mid Cap,NMS,USD
LORL,Loral Space & Communications Inc.,Communication Services,Diversified Telecommunication Services,United States,Small Cap,NMS,USD
LOTZ,"CarLotz, Inc.",Consumer Discretionary,Automobiles,United States,Small Cap,NGM,USD
LOW,"Lowe's Companies, Inc.",Consumer Discretionary,Household Durables,United States,Large Cap,NYQ,USD
LPF.F,La Perla Fashion Holding N.V.,Consumer Discretionary,"Textiles, Apparel & Luxury Goods",Netherlands,Small Cap,FRA,EUR
LPG,Dorian LPG Ltd.,Energy,"Oil, Gas & Consumable Fuels",United States,Small Cap,NYQ,USD
LPI,"Laredo Petroleum, Inc.",Energy,"Oil, Gas & Consumable Fuels",United States,Small Cap,NYQ,USD
LPTH,"LightPath Technologies, Inc.",Information Technology,"Electronic Equipment, Instruments & Components",United States,Small Cap,NCM,USD
LPX,Louisiana-Pacific Corporation,Industrials,Building Products,United States,Mid Cap,NYQ,USD
LQDA,Liquidia Corporation,Health Care,Biotechnology,United States,Mid Cap,NMS,USD
LQDT,"Liquidity Services, Inc.",Consumer Discretionary,Internet & Direct Marketing Retail,United States,Small Cap,NMS,USD
LRCX,Lam Research Corporation,Information Technology,Semiconductors & Semiconductor Equipment,United States,Mega Cap,NMS,USD
LRMR,"Larimar Therapeutics, Inc.",Health Care,Biotechnology,United States,Small Cap,NMS,USD
LRN,"Stride, Inc.",Consumer Staples,Household Products,United States,Mid Cap,NYQ,USD
LRY.F,"TrueBlue, Inc.",Industrials,Professional Services,United States,Small Cap,FRA,EUR
LSCC,Lattice Semiconductor Corporation,Information Technology,Semiconductors & Semiconductor Equipment,United States,Large Cap,NMS,USD
LSMNF,lastminute.com N.V.,Consumer Discretionary,"Hotels, Restaurants & Leisure",Netherlands,Small Cap,PNK,USD
LSRM.F,CEL-SCI Corporation,Health Care,Biotechnology,United States,Small Cap,FRA,EUR
LSXM34.SA,Liberty Media Corporation,Communication Services,Entertainment,United States,Small Cap,SAO,BRL
LSXMA,The Liberty SiriusXM Group,Communication Services,Media,United States,Mid Cap,NMS,USD
LTBR,Lightbridge Corporation,Industrials,Electrical Equipment,United States,Small Cap,NCM,USD
LTH,Life Time Group Holdings Inc. Common Stock,Consumer Discretionary,"Hotels, Restaurants & Leisure",United States,Mid Cap,NYQ,USD
LTHM,Livent Corporation,Materials,Chemicals,United States,Mid Cap,NYQ,USD
LTRPB,"Liberty TripAdvisor Holdings, Inc.",Communication Services,Diversified Telecommunication Services,United States,Small Cap,NMS,USD
LUCK,Lucky Strike Entertainment Corporation Class A Common Stock,Consumer Discretionary,"Hotels, Restaurants & Leisure",United States,Small Cap,NYQ,USD
LUMN,"Lumen Technologies, Inc.",Communication Services,Diversified Telecommunication Services,United States,Mid Cap,NYQ,USD
LUNR,Intuitive Machines Inc. Class A Common Stock,Industrials,,United States,Mid Cap,NMS,USD
LUV,Southwest Airlines Co.,Industrials,Airlines,United States,Large Cap,NYQ,USD
LVO.F,"LivePerson, Inc.",Information Technology,Software,United States,Mid Cap,FRA,EUR
LVOX,LiveVox Holdings Inc. Class A Common Stock,Information Technology,Software,United States,Small Cap,NMS,USD
LVS,Las Vegas Sands Corp.,Consumer Discretionary,"Hotels, Restaurants & Leisure",United States,Large Cap,NYQ,USD
LVWR,LiveWire Group Inc. Common Stock,Consumer Discretionary,,United States,Small Cap,NYQ,USD
LW,"Lamb Weston Holdings, Inc.",Consumer Staples,Food & Staples Retailing,United States,Mid Cap,NYQ,USD
LWAY,"Lifeway Foods, Inc.",Consumer Staples,Food & Staples Retailing,United States,Small Cap,NMS,USD
LWLG,"Lightwave Logic, Inc.",Materials,Chemicals,United States,Small Cap,PNK,USD
LXEO,Lexeo Therapeutics Inc. Common Stock,Health Care,,United States,Small Cap,NMS,USD
LXRX,"Lexicon Pharmaceuticals, Inc.",Health Care,Biotechnology,United States,Small Cap,NMS,USD
LXU,"LSB Industries, Inc.",Materials,Chemicals,United States,Small Cap,NYQ,USD
LYB,LyondellBasell Industries NV,Materials,Chemicals,United States,Large Cap,NYQ,USD
LYEL,Lyell Immunopharma Inc. Common Stock,Health Care,Biotechnology,United States,Small Cap,NMS,USD
LYFT,"Lyft, Inc.",Information Technology,Software,United States,Mid Cap,NMS,USD
LYTS,LSI Industries Inc.,Information Technology,"Electronic Equipment, Instruments & Components",United States,Small Cap,NMS,USD
LYV,"Live Nation Entertainment, Inc.",Communication Services,Entertainment,United States,Large Cap,NYQ,USD
LZ,LegalZoom.com Inc. Common Stock,Communication Services,Diversified Telecommunication Services,United States,Small Cap,NMS,USD
LZB,La-Z-Boy Incorporated,Consumer Discretionary,Household Durables,United States,Small Cap,NYQ,USD
M,"Macy's, Inc.",Consumer Discretionary,Household Durables,United States,Mid Cap,NYQ,USD
M2A.F,"Mesa Air Group, Inc.",Industrials,Airlines,United States,Small Cap,FRA,EUR
M55.F,"MacroGenics, Inc.",Health Care,Biotechnology,United States,Mid Cap,FRA,EUR
MAGN,Magnera Corporation Common Stock,Materials,Paper & Forest Products,United States,Small Cap,NYQ,USD
MAMA,Mama's Creations Inc. Common Stock,Consumer Staples,Food & Staples Retailing,United States,Small Cap,NMS,USD
MAN,ManpowerGroup Inc.,Industrials,Professional Services,United States,Small Cap,NYQ,USD
MANE,Veradermics Incorporated Common Stock,Health Care,Biotechnology,United States,Small Cap,NYQ,USD
MANH,"Manhattan Associates, Inc.",Information Technology,Software,United States,Mid Cap,NMS,USD
MANT,ManTech International Corporation,Information Technology,Software,United States,Mid Cap,NMS,USD
MAR,"Marriott International, Inc. Class A",Consumer Discretionary,"Hotels, Restaurants & Leisure",United States,Large Cap,NMS,USD
MAS,Masco Corporation,Industrials,Building Products,United States,Large Cap,NYQ,USD
MASI,Masimo Corporation,Health Care,Health Care Equipment & Supplies,United States,Mid Cap,NMS,USD
MAT,"Mattel, Inc.",Consumer Discretionary,"Hotels, Restaurants & Leisure",United States,Mid Cap,NMS,USD
MATV,Mativ Holdings Inc. Common Stock,Materials,Chemicals,United States,Small Cap,NYQ,USD
MATW,Matthews International Corporation Class A,Industrials,Industrial Conglomerates,United States,Small Cap,NMS,USD
MATX,"Matson, Inc.",Industrials,Marine,United States,Mid Cap,NYQ,USD
MAX,"MediaAlpha, Inc.",Communication Services,Diversified Telecommunication Services,United States,Small Cap,NYQ,USD
MAXC,"MaxCyte, Inc.",Health Care,Biotechnology,United States,Small Cap,PNK,USD
MAXR,Maxar Technologies Inc.,Information Technology,Communications Equipment,United States,Mid Cap,NYQ,USD
MAZE,Maze Therapeutics Inc. Common Stock,Health Care,,United States,Mid Cap,NMS,USD
MBUU,"Malibu Boats, Inc.",Consumer Discretionary,Automobiles,United States,Small Cap,NGM,USD
MBX,MBX Biosciences Inc. Common Stock,Health Care,Biotechnology,United States,Small Cap,NMS,USD
MCD,McDonald's Corporation,Consumer Discretionary,"Hotels, Restaurants & Leisure",United States,Mega Cap,NYQ,USD
MCDA,"KMA Holding, Inc.",Health Care,Health Care Equipment & Supplies,United States,Small Cap,PNK,USD
MCF,Contango Oil & Gas Company,Energy,"Oil, Gas & Consumable Fuels",United States,Small Cap,ASE,USD
MCFE,McAfee Corp.,Information Technology,Software,United States,Mid Cap,NMS,USD
MCFT,"Mastercraft Boat Holdings, Inc.",Consumer Discretionary,Automobiles,United States,Small Cap,NMS,USD
MCHP,Microchip Technology Incorporated,Information Technology,Semiconductors & Semiconductor Equipment,United States,Large Cap,NMS,USD
MCHPP,Microchip Technology Incorporated Depositary Shares Each Representing a 1/20th Interest in a Share of 7.50% Series A Mandatory Convertible Preferred Stock,Information Technology,Semiconductors & Semiconductor Equipment,United States,Large Cap,NMS,USD
MCK,McKesson Corporation,Health Care,Health Care Providers & Services,United States,Large Cap,NYQ,USD
MCP.SG,LVMH Mo√´t Hennessy Louis Vuitton S.E.,Consumer Discretionary,,United States,Large Cap,STU,EUR
MCRI,"Monarch Casino & Resort, Inc.",Consumer Discretionary,"Hotels, Restaurants & Leisure",United States,Small Cap,NMS,USD
MCS,The Marcus Corporation,Communication Services,Entertainment,United States,Small Cap,NYQ,USD
MCW,Mister Car Wash Inc. Common Stock,Consumer Discretionary,,United States,Mid Cap,NMS,USD
MD,"MEDNAX, Inc.",Health Care,Health Care Equipment & Supplies,United States,Small Cap,NYQ,USD
MDB,"MongoDB, Inc. Class A",Information Technology,Software,United States,Large Cap,NMS,USD
MDC,"M.D.C. Holdings, Inc.",Industrials,Construction & Engineering,United States,Mid Cap,NYQ,USD
MDCA,MDC Partners Inc.,Communication Services,Diversified Telecommunication Services,United States,Small Cap,NMS,USD
MDF.F,"Medifast, Inc.",Consumer Discretionary,"Hotels, Restaurants & Leisure",United States,Mid Cap,FRA,EUR
MDGL,"Madrigal Pharmaceuticals, Inc.",Health Care,Biotechnology,United States,Mid Cap,NMS,USD
MDLA,"Medallia, Inc.",Information Technology,Software,United States,Mid Cap,NYQ,USD
MDLN,Medline Inc. Class A Common Stock,Health Care,Health Care Technology,United States,Large Cap,NMS,USD
MDLZ,"Mondelez International, Inc. Class A",Consumer Staples,Food & Staples Retailing,United States,Large Cap,NMS,USD
MDP,Meredith Corporation,Communication Services,Diversified Telecommunication Services,United States,Small Cap,NYQ,USD
MDRX,"Allscripts Healthcare Solutions, Inc.",Health Care,Health Care Providers & Services,United States,Small Cap,NMS,USD
MDU,"MDU Resources Group, Inc.",Materials,Construction Materials,United States,Mid Cap,NYQ,USD
MDXG,"MiMedx Group, Inc.",Health Care,Health Care Technology,United States,Small Cap,NMS,USD
ME5A.F,"Methode Electronics, Inc.",Information Technology,"Electronic Equipment, Instruments & Components",United States,Small Cap,FRA,EUR
MEC,"Mayville Engineering Company, Inc.",Industrials,Building Products,United States,Small Cap,NYQ,USD
MEDP,"Medpace Holdings, Inc.",Health Care,Biotechnology,United States,Large Cap,NMS,USD
MEG,"Montrose Environmental Group, Inc.",Industrials,Transportation Infrastructure,United States,Small Cap,NYQ,USD
META,Meta Platforms Inc Class A,Communication Services,Diversified Telecommunication Services,United States,Mega Cap,NMS,USD
METC,"Ramaco Resources, Inc.",Materials,Metals & Mining,United States,Small Cap,NMS,USD
METCB,Ramaco Resources Inc. Class B Common Stock,Materials,Metals & Mining,United States,Small Cap,NMS,USD
METCL,Ramaco Resources Inc. 9.00% Senior Notes due 2026,Materials,Metals & Mining,United States,Small Cap,NMS,USD
MFP,Midera Food Processing Inc. Common Stock,Information Technology,"Electronic Equipment, Instruments & Components",United States,Small Cap,NMS,USD
MFPVV,Midera Food Processing Inc. Common Stock When Issued,Information Technology,"Electronic Equipment, Instruments & Components",United States,Small Cap,NMS,USD
MG,"Mistras Group, Inc.",Industrials,Professional Services,United States,Small Cap,NYQ,USD
MGEE,"MGE Energy, Inc.",Utilities,Multi-Utilities,United States,Mid Cap,NMS,USD
MGLN,"Magellan Health, Inc.",Health Care,Health Care Providers & Services,United States,Mid Cap,NMS,USD
MGM,MGM Resorts International,Consumer Discretionary,"Hotels, Restaurants & Leisure",United States,Mid Cap,NYQ,USD
MGNI,"Magnite, Inc.",Communication Services,Diversified Telecommunication Services,United States,Small Cap,NMS,USD
MGPI,"MGP Ingredients, Inc.",Materials,Construction Materials,United States,Small Cap,NMS,USD
MGRC,McGrath RentCorp,Industrials,Commercial Services & Supplies,United States,Mid Cap,NMS,USD
MGTX,MeiraGTx Holdings plc,Health Care,Biotechnology,United States,Small Cap,NMS,USD
MGY,Magnolia Oil & Gas Corporation,Energy,"Oil, Gas & Consumable Fuels",United States,Mid Cap,NYQ,USD
MHK,"Mohawk Industries, Inc.",Consumer Discretionary,Household Durables,United States,Mid Cap,NYQ,USD
MHO,"M/I Homes, Inc.",Industrials,Construction & Engineering,United States,Mid Cap,NYQ,USD
MIC,Macquarie Infrastructure Corporation,Industrials,Air Freight & Logistics,United States,Mid Cap,NYQ,USD
MICC,The Magnum Ice Cream Company N.V. Ordinary Shares,Consumer Staples,Food & Staples Retailing,Netherlands,Mid Cap,NYQ,USD
MIDD,Middleby Corporation,Industrials,Machinery,United States,Mid Cap,NMS,USD
MIM.F,"The Michaels Companies, Inc.",Consumer Discretionary,,United States,Mid Cap,FRA,EUR
MIR,Mirion Technologies Inc. Class A Common Stock,Information Technology,"Electronic Equipment, Instruments & Components",United States,Mid Cap,NYQ,USD
MIRM,"Mirum Pharmaceuticals, Inc.",Health Care,Biotechnology,United States,Mid Cap,NMS,USD
MITK,"Mitek Systems, Inc.",Information Technology,Software,United States,Small Cap,NCM,USD
MIXT,MiX Telematics Limited,Information Technology,Software,United States,Small Cap,NYQ,USD
MKC,"McCormick & Company, Incorporated",Consumer Staples,Food & Staples Retailing,United States,Large Cap,NYQ,USD
MKR.JO,"Montauk Renewables, Inc.",Utilities,Multi-Utilities,United States,Small Cap,JNB,ZAC
MKSI,"MKS Instruments, Inc.",Information Technology,"Electronic Equipment, Instruments & Components",United States,Large Cap,NMS,USD
ML,MoneyLion Inc. Class A Common Stock,Information Technology,Software,United States,Small Cap,ASE,USD
MLAB,"Mesa Laboratories, Inc.",Information Technology,"Electronic Equipment, Instruments & Components",United States,Small Cap,NMS,USD
MLHR,"Herman Miller, Inc.",Consumer Discretionary,Household Durables,United States,Mid Cap,NMS,USD
MLI,"Mueller Industries, Inc.",Industrials,Building Products,United States,Large Cap,NYQ,USD
MLKN,MillerKnoll Inc. Common Stock,Industrials,Building Products,United States,Small Cap,NMS,USD
MLM,"Martin Marietta Materials, Inc.",Materials,Construction Materials,United States,Large Cap,NYQ,USD
MLR,"Miller Industries, Inc.",Consumer Discretionary,Auto Components,United States,Small Cap,NYQ,USD
MLTX,MoonLake Immunotherapeutics Class A Ordinary Shares,Health Care,Biotechnology,United States,Small Cap,NMS,USD
MLYS,Mineralys Therapeutics Inc. Common Stock,Health Care,Biotechnology,United States,Mid Cap,NMS,USD
MMED,MiniMed Group Inc. Common Stock,Health Care,Health Care Technology,United States,Mid Cap,NMS,USD
MMIA.F,"MEI Pharma, Inc.",Health Care,Biotechnology,United States,Small Cap,FRA,EUR
MMM,3M Company,Industrials,Machinery,United States,Large Cap,NYQ,USD
MMP,"Magellan Midstream Partners, L.P.",Energy,"Oil, Gas & Consumable Fuels",United States,Large Cap,NYQ,USD
MMS,"Maximus, Inc.",Industrials,Professional Services,United States,Mid Cap,NYQ,USD
MMSI,"Merit Medical Systems, Inc.",Health Care,Health Care Equipment & Supplies,United States,Mid Cap,NMS,USD
MNKD,MannKind Corporation,Health Care,Biotechnology,United States,Small Cap,NMS,USD
MNMD,Mind Medicine (MindMed) Inc.,Health Care,Biotechnology,United States,Small Cap,NCM,USD
MNPR,Monopar Therapeutics Inc.,Health Care,Biotechnology,United States,Small Cap,NMS,USD
MNRL,"Brigham Minerals, Inc.",Energy,"Oil, Gas & Consumable Fuels",United States,Small Cap,NYQ,USD
MNRO,"Monro, Inc.",Consumer Discretionary,Auto Components,United States,Small Cap,NMS,USD
MNST,Monster Beverage Corporation,Consumer Staples,Beverages,United States,Large Cap,NMS,USD
MNTV,Momentive Global Inc. Common Stock,Information Technology,Software,United States,Small Cap,NMS,USD
MO,"Altria Group, Inc.",Consumer Staples,Tobacco,United States,Large Cap,NYQ,USD
MOD,Modine Manufacturing Company,Consumer Discretionary,Auto Components,United States,Large Cap,NYQ,USD
MODG,Topgolf Callaway Brands Corp. Common Stock,Consumer Discretionary,"Hotels, Restaurants & Leisure",United States,Mid Cap,ASE,USD
MODN,"Model N, Inc.",Information Technology,Software,United States,Small Cap,NYQ,USD
MOG-A,Moog Inc.,Industrials,Aerospace & Defense,United States,Mid Cap,NYQ,USD
MOH,"Molina Healthcare, Inc.",Health Care,Health Care Providers & Services,United States,Mid Cap,NYQ,USD
MORF,"Morphic Holding, Inc.",Health Care,Biotechnology,United States,Mid Cap,NGM,USD
MOS,The Mosaic Company,Materials,Construction Materials,United States,Mid Cap,NYQ,USD
MOV,"Movado Group, Inc.",Consumer Discretionary,"Textiles, Apparel & Luxury Goods",United States,Small Cap,NYQ,USD
MP,MP Materials Corp.,Materials,Metals & Mining,United States,Large Cap,NYQ,USD
MPC,Marathon Petroleum Corporation,Energy,"Oil, Gas & Consumable Fuels",United States,Large Cap,NYQ,USD
MPLN,MultiPlan Corporation,Health Care,Health Care Providers & Services,United States,Small Cap,NYQ,USD
MPLT,MapLight Therapeutics Inc. Common Stock,Health Care,Biotechnology,United States,Small Cap,NMS,USD
MPLX,MPLX LP,Energy,"Oil, Gas & Consumable Fuels",United States,Large Cap,NYQ,USD
MPWR,"Monolithic Power Systems, Inc.",Information Technology,Semiconductors & Semiconductor Equipment,United States,Large Cap,NMS,USD
MQ,Marqeta Inc. Class A Common Stock,Information Technology,Software,United States,Small Cap,NMS,USD
MRC,MRC Global Inc.,Energy,Energy Equipment & Services,United States,Small Cap,NYQ,USD
MRCY,"Mercury Systems, Inc.",Industrials,Aerospace & Defense,United States,Mid Cap,NMS,USD
MRK,"Merck & Co., Inc.",Health Care,Pharmaceuticals,United States,Mega Cap,NYQ,USD
MRNA,"Moderna, Inc.",Health Care,Biotechnology,United States,Large Cap,NMS,USD
MRO,Marathon Oil Corporation,Energy,"Oil, Gas & Consumable Fuels",United States,Large Cap,NYQ,USD
MRTN,"Marten Transport, Ltd.",Industrials,Transportation Infrastructure,United States,Small Cap,NMS,USD
MRTX,"Mirati Therapeutics, Inc.",Health Care,Biotechnology,United States,Mid Cap,NMS,USD
MRUS,Merus N.V.,Health Care,Biotechnology,Netherlands,Mid Cap,NGM,USD
MRVI,"Maravai LifeSciences Holdings, Inc.",Health Care,Biotechnology,United States,Small Cap,NMS,USD
MRVL,"Marvell Technology, Inc.",Information Technology,Semiconductors & Semiconductor Equipment,United States,Large Cap,NMS,USD
MSA,MSA Safety Incorporated,Industrials,Professional Services,United States,Mid Cap,NYQ,USD
MSB,Mesabi Trust,Materials,Metals & Mining,United States,Small Cap,NYQ,USD
MSEX,Middlesex Water Company,Utilities,Water Utilities,United States,Small Cap,NMS,USD
MSF3.L,Leverage Shares 3x Microsoft ETC,Information Technology,Software,United States,Mega Cap,LSE,USD
MSFE.L,Leverage Shares 2x Microsoft ETP,Information Technology,Software,United States,Mega Cap,LSE,EUR
MSFS.L,Leverage Shares -1x Microsoft ETC,Information Technology,Software,United States,Mega Cap,LSE,USD
MSFT,Microsoft Corporation,Information Technology,Software,United States,Mega Cap,NMS,USD
MSGE,Madison Square Garden Entertainment Corp.,Communication Services,Entertainment,United States,Mid Cap,NYQ,USD
MSGS,Madison Square Garden Sports Corp.,Communication Services,Entertainment,United States,Mid Cap,NYQ,USD
MSI,"Motorola Solutions, Inc.",Information Technology,Communications Equipment,United States,Large Cap,NYQ,USD
MSM,"MSC Industrial Direct Co., Inc.",Industrials,Trading Companies & Distributors,United States,Mid Cap,NYQ,USD
MSON,"Misonix, Inc.",Health Care,Health Care Technology,United States,Small Cap,NMS,USD
MSP,Datto Holding Corp.,Information Technology,Software,United States,Mid Cap,NYQ,USD
MSSEL,Massachusetts Electric Company,Utilities,Electric Utilities,United States,Small Cap,PNK,USD
MSTR,MicroStrategy Incorporated,Information Technology,Software,United States,Large Cap,NMS,USD
MTCH,"Match Group, Inc.",Communication Services,Diversified Telecommunication Services,United States,Mid Cap,NMS,USD
MTD,"Mettler-Toledo International, Inc.",Health Care,Biotechnology,United States,Large Cap,NYQ,USD
MTDR,Matador Resources Company,Energy,"Oil, Gas & Consumable Fuels",United States,Mid Cap,NYQ,USD
MTH,Meritage Homes Corporation,Industrials,Construction & Engineering,United States,Mid Cap,NYQ,USD
MTN,"Vail Resorts, Inc.",Consumer Discretionary,"Hotels, Restaurants & Leisure",United States,Mid Cap,NYQ,USD
MTOR,"Meritor, Inc.",Consumer Discretionary,Auto Components,United States,Small Cap,NYQ,USD
MTRN,Materion Corporation,Materials,Metals & Mining,United States,Mid Cap,NYQ,USD
MTRX,Matrix Service Company,Industrials,Construction & Engineering,United States,Small Cap,NMS,USD
MTSI,"MACOM Technology Solutions Holdings, Inc.",Information Technology,Semiconductors & Semiconductor Equipment,United States,Large Cap,NMS,USD
MTSR,Metsera Inc. Common Stock,Health Care,,United States,Mid Cap,NMS,USD
MTTR,Matterport Inc. Class A Common Stock,Information Technology,Software,United States,Small Cap,NMS,USD
MTUS,Metallus Inc. Common Shares,Materials,Metals & Mining,United States,Small Cap,NYQ,USD
MTW,"Manitowoc Company, Inc.",Industrials,Machinery,United States,Small Cap,NYQ,USD
MTX,Minerals Technologies Inc.,Materials,Chemicals,United States,Mid Cap,NYQ,USD
MTXN.F,MTU Aero Engines AG,Industrials,,United States,Large Cap,FRA,EUR
MTZ,"MasTec, Inc.",Industrials,Construction & Engineering,United States,Large Cap,NYQ,USD
MU,"Micron Technology, Inc.",Information Technology,Semiconductors & Semiconductor Equipment,United States,Mega Cap,NMS,USD
MUR,Murphy Oil Corporation,Energy,"Oil, Gas & Consumable Fuels",United States,Mid Cap,NYQ,USD
MUSA,Murphy USA Inc.,Consumer Discretionary,Specialty Retail,United States,Mid Cap,NYQ,USD
MVST,Microvast Holdings Inc. Common Stock,Information Technology,"Electronic Equipment, Instruments & Components",United States,Small Cap,NMS,USD
MWA,"Mueller Water Products, Inc. Class A",Industrials,Machinery,United States,Mid Cap,NYQ,USD
MWK,"Aterian, Inc.",Information Technology,"Electronic Equipment, Instruments & Components",United States,Small Cap,NMS,USD
MWTR.OL,Meltwater N.V.,Communication Services,Diversified Telecommunication Services,United States,Small Cap,OSL,NOK
MXIM,"Maxim Integrated Products, Inc.",Information Technology,Semiconductors & Semiconductor Equipment,United States,Large Cap,NMS,USD
MXL,"MaxLinear, Inc.",Information Technology,Semiconductors & Semiconductor Equipment,United States,Small Cap,NYQ,USD
MYE,"Myers Industries, Inc.",Consumer Discretionary,Distributors,United States,Small Cap,NYQ,USD
MYGN,"Myriad Genetics, Inc.",Health Care,Biotechnology,United States,Small Cap,NMS,USD
MYRG,MYR Group Inc.,Industrials,Construction & Engineering,United States,Mid Cap,NMS,USD
MZTI,The Marzetti Company Common Stock,Consumer Staples,Food & Staples Retailing,United States,Mid Cap,NMS,USD
N4CN.F,"PARATEK PHARMACEUTICALS, INC.",Health Care,Biotechnology,United States,Small Cap,FRA,EUR
NABL,N-able Inc. Common Stock,Information Technology,Software,United States,Small Cap,NYQ,USD
NAGE,Niagen Bioscience Inc. Common Stock,Health Care,Biotechnology,United States,Small Cap,NMS,USD
NAMS,NewAmsterdam Pharma Company N.V. Ordinary Shares,Health Care,Biotechnology,Netherlands,Mid Cap,NMS,USD
NAPA,"The Duckhorn Portfolio, Inc.",Consumer Staples,Beverages,United States,Small Cap,NYQ,USD
NARI,"Inari Medical, Inc.",Health Care,Health Care Technology,United States,Mid Cap,NMS,USD
NATH,"Nathan's Famous, Inc.",Consumer Discretionary,"Hotels, Restaurants & Leisure",United States,Small Cap,NMS,USD
NATI,National Instruments Corporation,Information Technology,Software,United States,Mid Cap,NMS,USD
NATL,NCR Atleos Corporation,Information Technology,,United States,Mid Cap,NYQ,USD
NATR,"Nature's Sunshine Products, Inc.",Consumer Staples,Household Products,United States,Small Cap,NMS,USD
NAUT,"Nautilus Biotechnology, Inc.",Health Care,Biotechnology,United States,Small Cap,NMS,USD
NAV,Navistar International Corporation,Industrials,Machinery,United States,Mid Cap,NYQ,USD
NAVN,Navan Inc. Class A Common Stock,Information Technology,Software,United States,Mid Cap,NMS,USD
NB,NioCorp Developments Ltd. Common Stock,Materials,,United States,Small Cap,NMS,USD
NB11.F,"Vaxart, Inc.",Health Care,Biotechnology,United States,Small Cap,FRA,EUR
NBIS,Nebius Group N.V. Class A Ordinary Shares,Communication Services,Diversified Telecommunication Services,Netherlands,Large Cap,NMS,USD
NBIX,"Neurocrine Biosciences, Inc.",Health Care,Biotechnology,United States,Large Cap,NMS,USD
NBLX,Noble Midstream Partners LP,Energy,"Oil, Gas & Consumable Fuels",United States,Small Cap,NMS,USD
NC,"NACCO Industries, Inc.",Materials,Metals & Mining,United States,Small Cap,NYQ,USD
NCLH,Norwegian Cruise Line Holdings Ltd.,Consumer Discretionary,"Hotels, Restaurants & Leisure",United States,Large Cap,NYQ,USD
NCMI,"National CineMedia, Inc.",Communication Services,Diversified Telecommunication Services,United States,Small Cap,NMS,USD
NCNO,"nCino, Inc.",Information Technology,Software,United States,Small Cap,NMS,USD
NCR,NCR Corporation,Information Technology,IT Services,United States,Mid Cap,NYQ,USD
NDSN,Nordson Corporation,Industrials,Machinery,United States,Large Cap,NMS,USD
NEDAP.AS,Nedap N.V.,Information Technology,"Electronic Equipment, Instruments & Components",Netherlands,Small Cap,AMS,EUR
NEE,"NextEra Energy, Inc.",Utilities,Electric Utilities,United States,Large Cap,NYQ,USD
NEM,Newmont Corporation,Materials,Metals & Mining,United States,Large Cap,NYQ,USD
NEO,"NeoGenomics, Inc.",Health Care,Biotechnology,United States,Small Cap,NCM,USD
NEOG,Neogen Corporation,Health Care,Biotechnology,United States,Mid Cap,NMS,USD
NEP,"NextEra Energy Partners, LP",Utilities,Independent Power and Renewable Electricity Producers,United States,Small Cap,NYQ,USD
NESR,National Energy Services Reunit,Energy,Energy Equipment & Services,United States,Mid Cap,NCM,USD
NET,"Cloudflare, Inc.",Information Technology,Software,United States,Large Cap,NYQ,USD
NEU,NewMarket Corporation,Materials,Chemicals,United States,Mid Cap,NYQ,USD
NEVDF,Nevada Copper Corp.,Materials,Metals & Mining,United States,Small Cap,PNK,USD
NEWR,"NEW RELIC, INC.",Information Technology,Software,United States,Mid Cap,NYQ,USD
NEX,NexTier Oilfield Solutions Inc.,Energy,Energy Equipment & Services,United States,Mid Cap,NYQ,USD
NEXT,NextDecade Corporation,Energy,"Oil, Gas & Consumable Fuels",United States,Small Cap,NMS,USD
NFE,New Fortress Energy Inc.,Utilities,Gas Utilities,United States,Small Cap,NMS,USD
NFG,National Fuel Gas Company,Energy,"Oil, Gas & Consumable Fuels",United States,Mid Cap,NYQ,USD
NFLX,"Netflix, Inc.",Communication Services,Entertainment,United States,Mega Cap,NMS,USD
NGL,NGL Energy Partners LP,Energy,"Oil, Gas & Consumable Fuels",United States,Small Cap,NYQ,USD
NGS,"Natural Gas Services Group, Inc.",Energy,Energy Equipment & Services,United States,Small Cap,NYQ,USD
NGVC,"Natural Grocers by Vitamin Cottage, Inc.",Consumer Staples,Food & Staples Retailing,United States,Small Cap,NYQ,USD
NGVT,Ingevity Corporation,Materials,Chemicals,United States,Mid Cap,NYQ,USD
NHC,National HealthCare Corporation,Health Care,Health Care Equipment & Supplies,United States,Mid Cap,ASE,USD
NI,NISOURCE INC,Utilities,Gas Utilities,United States,Large Cap,NYQ,USD
NJR,New Jersey Resources Corporation,Utilities,Gas Utilities,United States,Mid Cap,NYQ,USD
NKE,"Nike, Inc.",Consumer Discretionary,"Textiles, Apparel & Luxury Goods",United States,Large Cap,NYQ,USD
NKTR,Nektar Therapeutics,Health Care,Biotechnology,United States,Small Cap,NMS,USD
NL,"NL Industries, Inc.",Industrials,Professional Services,United States,Small Cap,NYQ,USD
NLAB.ST,Enlabs AB (publ),Consumer Discretionary,,United States,Small Cap,STO,SEK
NLOK,NortonLifeLock Inc.,Information Technology,Software,United States,Large Cap,NMS,USD
NLSN,Nielsen Holdings plc,Industrials,Professional Services,United States,Mid Cap,NYQ,USD
NLST,"Netlist, Inc.",Information Technology,Semiconductors & Semiconductor Equipment,United States,Small Cap,PNK,USD
NMAX,Newsmax Inc. Class B Common Stock,Communication Services,Media,United States,Small Cap,NYQ,USD
NMRA,Neumora Therapeutics Inc. Common Stock,Health Care,,United States,Small Cap,NMS,USD
NN,NextNav Inc. Common Stock,Information Technology,"Electronic Equipment, Instruments & Components",United States,Mid Cap,NMS,USD
NNE,Nano Nuclear Energy Inc. Common Stock,Energy,,United States,Small Cap,NMS,USD
NO3.F,Noodles & Company,Consumer Discretionary,"Hotels, Restaurants & Leisure",United States,Small Cap,FRA,EUR
NOC,Northrop Grumman Corp.,Industrials,Aerospace & Defense,United States,Large Cap,NYQ,USD
NOG,"Northern Oil and Gas, Inc.",Energy,"Oil, Gas & Consumable Fuels",United States,Mid Cap,NYQ,USD
NOV,NOV Inc.,Energy,Energy Equipment & Services,United States,Mid Cap,NYQ,USD
NOVT,Novanta Inc.,Information Technology,"Electronic Equipment, Instruments & Components",United States,Mid Cap,NMS,USD
NOW,"ServiceNow, Inc.",Information Technology,Software,United States,Large Cap,NYQ,USD
NP,"Neenah, Inc.",Materials,Paper & Forest Products,United States,Mid Cap,NYQ,USD
NPCE,"NeuroPace, Inc.",Health Care,Health Care Technology,United States,Small Cap,NMS,USD
NPK,"National Presto Industries, Inc.",Industrials,Aerospace & Defense,United States,Small Cap,NYQ,USD
NPKI,NPK International Inc. Common Stock,Energy,Energy Equipment & Services,United States,Small Cap,NYQ,USD
NPO,"EnPro Industries, Inc.",Industrials,Machinery,United States,Mid Cap,NYQ,USD
NPTN,NeoPhotonics Corporation,Information Technology,Semiconductors & Semiconductor Equipment,United States,Small Cap,NYQ,USD
NPWR,NET Power Inc.,Energy,,United States,Small Cap,NYQ,USD
NR,"Newpark Resources, Inc.",Energy,Energy Equipment & Services,United States,Small Cap,NYQ,USD
NRC,National Research Corporation,Health Care,Biotechnology,United States,Small Cap,NMS,USD
NRDS,NerdWallet Inc. Class A Common Stock,Communication Services,Diversified Telecommunication Services,United States,Small Cap,NMS,USD
NRG,"NRG Energy, Inc.",Utilities,Independent Power and Renewable Electricity Producers,United States,Large Cap,NYQ,USD
NRGV,Energy Vault Holdings Inc. Common Stock,Utilities,Electric Utilities,United States,Small Cap,NYQ,USD
NRIX,"Nurix Therapeutics, Inc.",Health Care,Biotechnology,United States,Small Cap,NGM,USD
NRP,Natural Resource Partners L.P.,Materials,Metals & Mining,United States,Small Cap,NYQ,USD
NS,NuStar Energy L.P.,Energy,"Oil, Gas & Consumable Fuels",United States,Mid Cap,NYQ,USD
NSARO,NSTAR Electric Company,Utilities,Electric Utilities,United States,Mid Cap,PNK,USD
NSC,Norfolk Southern Corporation,Industrials,Road & Rail,United States,Large Cap,NYQ,USD
NSIT,"Insight Enterprises, Inc.",Information Technology,IT Services,United States,Mid Cap,NMS,USD
NSP,"Insperity, Inc.",Industrials,Professional Services,United States,Small Cap,NYQ,USD
NSSC,"Napco Security Technologies, Inc.",Industrials,Professional Services,United States,Small Cap,NMS,USD
NTAP,"NetApp, Inc.",Information Technology,"Technology Hardware, Storage & Peripherals",United States,Large Cap,NMS,USD
NTCT,"NetScout Systems, Inc.",Information Technology,Software,United States,Mid Cap,NMS,USD
NTGR,"NETGEAR, Inc.",Information Technology,Communications Equipment,United States,Small Cap,NMS,USD
NTLA,"Intellia Therapeutics, Inc.",Health Care,Biotechnology,United States,Small Cap,NMS,USD
NTNX,"Nutanix, Inc. Class A",Information Technology,Software,United States,Large Cap,NMS,USD
NTR.F,"SPECTRUM PHARMACEUTICALS, INC.",Health Care,Biotechnology,United States,Small Cap,FRA,EUR
NTRA,"Natera, Inc.",Health Care,Biotechnology,United States,Large Cap,NMS,USD
NTSK,Netskope Inc. Class A Common Stock,Information Technology,Software,United States,Mid Cap,NMS,USD
NTUS,Natus Medical Incorporated,Health Care,Health Care Technology,United States,Small Cap,NMS,USD
NTXVF,Nexteer Automotive Group Limited,Consumer Discretionary,Auto Components,United States,Mid Cap,PNK,USD
NUAN,"Nuance Communications, Inc.",Information Technology,Software,United States,Large Cap,NMS,USD
NUE,Nucor Corporation,Materials,Metals & Mining,United States,Large Cap,NYQ,USD
NUNZ,Nunzia Pharmaceutical Corporation,Health Care,Pharmaceuticals,United States,Small Cap,PNK,USD
NUS,"Nu Skin Enterprises, Inc. Class A",Consumer Staples,Household Products,United States,Small Cap,NYQ,USD
NUTX,Nutex Health Inc. Common Stock,Information Technology,Software,United States,Small Cap,NMS,USD
NUVA,"NUVASIVE, INC.",Health Care,Health Care Technology,United States,Mid Cap,NMS,USD
NUVB,Nuvation Bio Inc.,Health Care,Biotechnology,United States,Mid Cap,NYQ,USD
NUVL,Nuvalent Inc. Class A Common Stock,Health Care,Biotechnology,United States,Mid Cap,NMS,USD
NVAX,"Novavax, Inc.",Health Care,Biotechnology,United States,Small Cap,NMS,USD
NVDA,NVIDIA Corporation,Information Technology,Semiconductors & Semiconductor Equipment,United States,Mega Cap,NMS,USD
NVEC,NVE Corporation,Information Technology,Semiconductors & Semiconductor Equipment,United States,Small Cap,NCM,USD
NVEE,"NV5 Global, Inc.",Industrials,Construction & Engineering,United States,Small Cap,NMS,USD
NVR,"NVR, Inc.",Industrials,Construction & Engineering,United States,Large Cap,NYQ,USD
NVRI,Enviri Corporation Common Stock,Industrials,Professional Services,United States,Small Cap,NYQ,USD
NVST,Envista Holdings Corporation,Health Care,Health Care Equipment & Supplies,United States,Mid Cap,NYQ,USD
NVTS,Navitas Semiconductor Corporation Common Stock,Information Technology,Semiconductors & Semiconductor Equipment,United States,Mid Cap,NMS,USD
NWBO,"Northwest Biotherapeutics, Inc.",Health Care,Biotechnology,United States,Small Cap,PNK,USD
NWE,NorthWestern Corporation,Utilities,Multi-Utilities,United States,Mid Cap,NMS,USD
NWL,Newell Brands Inc.,Consumer Staples,Household Products,United States,Small Cap,NMS,USD
NWN,Northwest Natural Holding Co.,Utilities,Gas Utilities,United States,Mid Cap,NYQ,USD
NWPX,Northwest Pipe Company,Industrials,Building Products,United States,Small Cap,NMS,USD
NWS,News Corporation,Communication Services,Media,United States,Large Cap,NMS,USD
NX,CTS Corporation,Information Technology,"Electronic Equipment, Instruments & Components",United States,Small Cap,NYQ,USD
NXEN.F,"Seelos Therapeutics, Inc.",Health Care,Biotechnology,United States,Small Cap,FRA,EUR
NXGN,"NextGen Healthcare, Inc.",Health Care,Health Care Providers & Services,United States,Small Cap,NMS,USD
NXPI,NXP Semiconductors NV,Information Technology,Semiconductors & Semiconductor Equipment,Netherlands,Large Cap,NMS,USD
NXST,"Nexstar Media Group, Inc.",Communication Services,Media,United States,Mid Cap,NMS,USD
NXT,Nextracker Inc. Class A Common Stock,Information Technology,Semiconductors & Semiconductor Equipment,United States,Large Cap,NMS,USD
NYT,New York Times Company Class A,Communication Services,Diversified Telecommunication Services,United States,Large Cap,NYQ,USD
NZW2.F,"Molecular Templates, Inc.",Health Care,Biotechnology,United States,Small Cap,FRA,EUR
OAS,Oasis Petroleum Inc.,Energy,"Oil, Gas & Consumable Fuels",United States,Small Cap,NMS,USD
OC,Owens Corning,Industrials,Building Products,United States,Mid Cap,NYQ,USD
OCDX,Ortho Clinical Diagnostics Holdings plc,Health Care,Biotechnology,United States,Mid Cap,NMS,USD
OCGN,"Ocugen, Inc.",Health Care,Biotechnology,United States,Small Cap,NCM,USD
OCI.AS,OCI N.V.,Materials,Chemicals,Netherlands,Mid Cap,AMS,EUR
OCTVV,Octave Intelligence plc Class B Ordinary Shares When Issued,Information Technology,Software,United States,Mid Cap,NMS,USD
OCUL,"Ocular Therapeutix, Inc.",Health Care,Biotechnology,United States,Small Cap,NGM,USD
ODC,Oil-Dri Corporation of America,Materials,Chemicals,United States,Small Cap,NYQ,USD
ODFL,"Old Dominion Freight Line, Inc.",Industrials,Transportation Infrastructure,United States,Large Cap,NMS,USD
ODP,The ODP Corporation,Consumer Discretionary,Specialty Retail,United States,Small Cap,NMS,USD
OFIX,Orthofix Medical Inc.,Health Care,Health Care Technology,United States,Small Cap,NMS,USD
OFLX,"Omega Flex, Inc.",Industrials,Machinery,United States,Small Cap,NMS,USD
OGE,OGE Energy Corp.,Utilities,Electric Utilities,United States,Large Cap,NYQ,USD
OGN,Organon & Co. Common Stock ,Health Care,Biotechnology,United States,Small Cap,NYQ,USD
OI,"O-I Glass, Inc.",Consumer Discretionary,Distributors,United States,Mid Cap,NYQ,USD
OII,"Oceaneering International, Inc.",Energy,Energy Equipment & Services,United States,Mid Cap,NYQ,USD
OILY,Sino American Oil Company,Energy,"Oil, Gas & Consumable Fuels",United States,Small Cap,PNK,USD
OIS,"Oil States International, Inc.",Energy,Energy Equipment & Services,United States,Small Cap,NYQ,USD
OJU1.F,Oramed Pharmaceuticals Inc.,Health Care,Biotechnology,United States,Small Cap,FRA,EUR
OKLO,Oklo Inc.,Energy,,United States,Mid Cap,NYQ,USD
OKTA,"Okta, Inc. Class A",Information Technology,Software,United States,Large Cap,NMS,USD
OLED,Universal Display Corporation,Information Technology,Semiconductors & Semiconductor Equipment,United States,Mid Cap,NMS,USD
OLLI,Ollie's Bargain Outlet Holdings Inc,Consumer Staples,Household Products,United States,Mid Cap,NGM,USD
OLMA,"Olema Pharmaceuticals, Inc.",Health Care,Biotechnology,United States,Small Cap,NMS,USD
OLN,Olin Corporation,Materials,Chemicals,United States,Mid Cap,NYQ,USD
OLO,Olo Inc.,Information Technology,Software,United States,Small Cap,NYQ,USD
OLPX,Olaplex Holdings Inc. Common Stock,Industrials,Professional Services,United States,Small Cap,NMS,USD
OMC,Omnicom Group Inc.,Communication Services,Diversified Telecommunication Services,United States,Large Cap,NYQ,USD
OMCL,"Omnicell, Inc.",Health Care,Health Care Providers & Services,United States,Small Cap,NMS,USD
OMDA,Omada Health Inc. Common Stock,Health Care,Health Care Equipment & Supplies,United States,Small Cap,NMS,USD
OMER,Omeros Corporation,Health Care,Biotechnology,United States,Small Cap,NGM,USD
OMP,Oasis Midstream Partners LP,Energy,"Oil, Gas & Consumable Fuels",United States,Small Cap,NMS,USD
ON,ON Semiconductor Corporation,Information Technology,Semiconductors & Semiconductor Equipment,United States,Large Cap,NMS,USD
ONDS,Ondas Holdings Inc.,Information Technology,Communications Equipment,United States,Mid Cap,NMS,USD
ONEM,"1Life Healthcare, Inc.",Health Care,Health Care Providers & Services,United States,Mid Cap,NMS,USD
ONT,Onterris Inc. Common Stock,Industrials,Professional Services,United States,Small Cap,NYQ,USD
ONTF,"ON24, Inc.",Information Technology,Software,United States,Small Cap,NYQ,USD
ONTO,"Onto Innovation, Inc.",Information Technology,Semiconductors & Semiconductor Equipment,United States,Large Cap,NYQ,USD
OOMA,"Ooma, Inc.",Communication Services,Diversified Telecommunication Services,United States,Small Cap,NYQ,USD
OPAL,OPAL Fuels Inc. Class A Common Stock,Energy,"Oil, Gas & Consumable Fuels",United States,Small Cap,NMS,USD
OPCH,"Option Care Health, Inc.",Health Care,Health Care Equipment & Supplies,United States,Mid Cap,NMS,USD
OPFI,OppFi Inc. Class A Common Stock,Information Technology,Software,United States,Small Cap,NYQ,USD
OPK,"OPKO Health, Inc.",Health Care,Biotechnology,United States,Small Cap,NMS,USD
OPTU,Optimum Communications Inc. Class A common stock,Communication Services,Entertainment,United States,Small Cap,NYQ,USD
ORA,"Ormat Technologies, Inc.",Utilities,Independent Power and Renewable Electricity Producers,United States,Mid Cap,NYQ,USD
ORANW.AS,Oranjewoud N.V.,Industrials,Construction & Engineering,Netherlands,Small Cap,AMS,EUR
ORBC,ORBCOMM Inc.,Communication Services,Diversified Telecommunication Services,United States,Small Cap,NMS,USD
ORCL,Oracle Corporation,Information Technology,Software,United States,Mega Cap,NYQ,USD
ORDI.AS,Ordina N.V.,Information Technology,IT Services,Netherlands,Small Cap,AMS,EUR
ORGO,"Organogenesis Holdings, Inc. Class A",Health Care,Pharmaceuticals,United States,Small Cap,NMS,USD
ORIC,"Oric Pharmaceuticals, Inc.",Health Care,Biotechnology,United States,Small Cap,NMS,USD
ORKA,Oruka Therapeutics Inc. Common Stock,Health Care,Biotechnology,United States,Small Cap,NMS,USD
ORLY,"O'Reilly Automotive, Inc.",Consumer Discretionary,Specialty Retail,United States,Large Cap,NMS,USD
ORN,"Orion Group Holdings, Inc.",Industrials,Construction & Engineering,United States,Small Cap,NYQ,USD
OSCR,"Oscar Health, Inc.",Health Care,Health Care Providers & Services,United States,Mid Cap,NYQ,USD
OSH,"OAK STREET HEALTH, INC.",Health Care,Health Care Equipment & Supplies,United States,Mid Cap,NYQ,USD
OSIS,"OSI Systems, Inc.",Information Technology,"Electronic Equipment, Instruments & Components",United States,Mid Cap,NMS,USD
OSK,Oshkosh Corporation,Industrials,Machinery,United States,Large Cap,NYQ,USD
OSTK,"Overstock.com, Inc.",Consumer Discretionary,Internet & Direct Marketing Retail,United States,Small Cap,NGM,USD
OTIS,Otis Worldwide Corporation,Industrials,Machinery,United States,Large Cap,NYQ,USD
OTLKW,"Outlook Therapeutics, Inc.",Health Care,Biotechnology,United States,Small Cap,NCM,USD
OTTR,Otter Tail Corporation,Utilities,Multi-Utilities,United States,Mid Cap,NMS,USD
OUST,"Ouster, Inc.",Information Technology,"Electronic Equipment, Instruments & Components",United States,Small Cap,NYQ,USD
OVV,Ovintiv Inc. (DE),Energy,"Oil, Gas & Consumable Fuels",United States,Large Cap,NYQ,USD
OWLT,Owlet Inc. Class A Common Stock,Health Care,Health Care Technology,United States,Small Cap,NYQ,USD
OXI.F,"GT Biopharma, Inc.",Health Care,Biotechnology,United States,Small Cap,FRA,EUR
OXM,"Oxford Industries, Inc.",Consumer Discretionary,"Textiles, Apparel & Luxury Goods",United States,Small Cap,NYQ,USD
OXSQG,Oxford Square Capital Corp. 5.50% Notes due 2028,Consumer Staples,Household Products,United States,Small Cap,NMS,USD
OXY,Occidental Petroleum Corporatio,Energy,"Oil, Gas & Consumable Fuels",United States,Large Cap,NYQ,USD
OYST,"Oyster Point Pharma, Inc.",Health Care,Biotechnology,United States,Small Cap,NMS,USD
OZSC,"Ozop Energy Solutions, Inc.",Industrials,Electrical Equipment,United States,Small Cap,PNK,USD
PAA,"Plains All American Pipeline, L.P.",Energy,"Oil, Gas & Consumable Fuels",United States,Large Cap,NMS,USD
PACB,"Pacific Biosciences of California, Inc.",Health Care,Biotechnology,United States,Small Cap,NMS,USD
PACK,Ranpak Holdings Corp.,Consumer Discretionary,Distributors,United States,Small Cap,NYQ,USD
PACS,PACS Group Inc.,Health Care,,United States,Mid Cap,NYQ,USD
PAE,PAE Incorporated,Industrials,Professional Services,United States,Small Cap,NMS,USD
PAG,"Penske Automotive Group, Inc.",Consumer Discretionary,Automobiles,United States,Large Cap,NYQ,USD
PAGP,"Plains GP Holdings, L.P.",Energy,"Oil, Gas & Consumable Fuels",United States,Mid Cap,NMS,USD
PAHC,Phibro Animal Health Corporation Class A,Health Care,Pharmaceuticals,United States,Mid Cap,NGM,USD
PANL,"Pangaea Logistics Solutions, Ltd.",Industrials,Marine,United States,Small Cap,NMS,USD
PAR,PAR Technology Corporation,Information Technology,Software,United States,Small Cap,NYQ,USD
PARA,Paramount Global Class B Common Stock,Consumer Discretionary,"Hotels, Restaurants & Leisure",United States,Mid Cap,NMS,USD
PARAA,Paramount Global Class A Common Stock,Consumer Discretionary,"Hotels, Restaurants & Leisure",United States,Large Cap,NMS,USD
PARAP,Paramount Global 5.75% Series A Mandatory Convertible Preferred Stock,Consumer Discretionary,"Hotels, Restaurants & Leisure",United States,Mid Cap,NMS,USD
PARR,"Par Pacific Holdings, Inc.",Energy,"Oil, Gas & Consumable Fuels",United States,Mid Cap,NYQ,USD
PATH,"UiPath, Inc. Class A",Information Technology,Software,United States,Mid Cap,NYQ,USD
PATK,"Patrick Industries, Inc.",Consumer Discretionary,Automobiles,United States,Mid Cap,NMS,USD
PAVMW,PAVmed Inc.,Health Care,Health Care Technology,United States,Small Cap,NMS,USD
PAY,Paymentus Holdings Inc. Class A Common Stock,Information Technology,Software,United States,Mid Cap,NYQ,USD
PAYA,Paya Holdings Inc.,Information Technology,Software,United States,Small Cap,NMS,USD
PAYC,"Paycom Software, Inc.",Information Technology,Software,United States,Mid Cap,NYQ,USD
PAYO,Payoneer Global Inc. Common Stock,Information Technology,Software,United States,Small Cap,NMS,USD
PAYX,"Paychex, Inc.",Industrials,Professional Services,United States,Large Cap,NMS,USD
PBF,PBF Energy Inc.,Energy,"Oil, Gas & Consumable Fuels",United States,Mid Cap,NYQ,USD
PBFX,PBF Logistics LP,Energy,"Oil, Gas & Consumable Fuels",United States,Small Cap,NYQ,USD
PBH,Prestige Consumer Healthcare Inc.,Health Care,Health Care Providers & Services,United States,Mid Cap,NYQ,USD
PBI,Pitney Bowes Inc.,Industrials,Commercial Services & Supplies,United States,Small Cap,NYQ,USD
PBLS,Parabilis Medicines Inc. Common Stock,Health Care,Biotechnology,United States,Mid Cap,NMS,USD
PBPB,Potbelly Corporation,Consumer Discretionary,"Hotels, Restaurants & Leisure",United States,Small Cap,NMS,USD
PBS.F,"Precision BioSciences, Inc.",Health Care,Biotechnology,United States,Small Cap,FRA,EUR
PBT,Permian Basin Royalty Trust,Energy,"Oil, Gas & Consumable Fuels",United States,Small Cap,NYQ,USD
PCAR,PACCAR Inc,Industrials,Machinery,United States,Large Cap,NMS,USD
PCG,PG&E Corporation,Utilities,Electric Utilities,United States,Large Cap,NYQ,USD
PCG-PA,Pacific Gas and Electric Company,Utilities,,United States,Mid Cap,ASE,USD
PCOR,Procore Technologies Inc. Common Stock,Information Technology,Software,United States,Mid Cap,NYQ,USD
PCRX,"Pacira Biosciences, Inc.",Health Care,Pharmaceuticals,United States,Small Cap,NMS,USD
PCT,"PureCycle Technologies, Inc.",Industrials,Construction & Engineering,United States,Small Cap,NCM,USD
PCTY,Paylocity Holding Corporation,Information Technology,Software,United States,Mid Cap,NMS,USD
PCVX,"Vaxcyte, Inc.",Health Care,Biotechnology,United States,Mid Cap,NMS,USD
PD,"PagerDuty, Inc.",Information Technology,Software,United States,Small Cap,NYQ,USD
PDCE,"PDC Energy, Inc.",Energy,"Oil, Gas & Consumable Fuels",United States,Mid Cap,NMS,USD
PDCO,"Patterson Companies, Inc.",Health Care,Health Care Providers & Services,United States,Mid Cap,NMS,USD
PDFS,"PDF Solutions, Inc.",Information Technology,Software,United States,Small Cap,NMS,USD
PDYN,Palladyne AI Corp. Common Stock,Industrials,Building Products,United States,Small Cap,NMS,USD
PEG,Public Service Enterprise Group Inc,Utilities,Multi-Utilities,United States,Large Cap,NYQ,USD
PEGA,Pegasystems Inc.,Information Technology,Software,United States,Mid Cap,NMS,USD
PEN,"Penumbra, Inc.",Health Care,Health Care Technology,United States,Large Cap,NYQ,USD
PENG,Penguin Solutions Inc. Ordinary Shares,Information Technology,Semiconductors & Semiconductor Equipment,United States,Small Cap,NMS,USD
PENN,"Penn National Gaming, Inc.",Consumer Discretionary,"Hotels, Restaurants & Leisure",United States,Mid Cap,NMS,USD
PEP,"PepsiCo, Inc.",Consumer Staples,Beverages,United States,Mega Cap,NMS,USD
PEPG,PepGen Inc. Common Stock,Health Care,Biotechnology,United States,Small Cap,NMS,USD
PETQ,"PetIQ, Inc.",Health Care,Pharmaceuticals,United States,Small Cap,NMS,USD
PFE,"Pfizer, Inc.",Health Care,Pharmaceuticals,United States,Large Cap,NYQ,USD
PFGC,Performance Food Group Company,Consumer Staples,Food & Staples Retailing,United States,Large Cap,NYQ,USD
PFPT,"Proofpoint, Inc.",Information Technology,Software,United States,Mid Cap,NMS,USD
PG,The Procter & Gamble Company,Consumer Staples,Household Products,United States,Mega Cap,NYQ,USD
PGEN,Precigen Inc,Health Care,Biotechnology,United States,Small Cap,NMS,USD
PGNY,"Progyny, Inc.",Health Care,Health Care Providers & Services,United States,Small Cap,NMS,USD
PGTI,"PGT Innovations, Inc.",Industrials,Building Products,United States,Mid Cap,NYQ,USD
PH,Parker-Hannifin Corporation,Industrials,Machinery,United States,Large Cap,NYQ,USD
PHARM.AS,Pharming Group N.V.,Health Care,Biotechnology,Netherlands,Small Cap,AMS,EUR
PHAT,"Phathom Pharmaceuticals, Inc.",Health Care,Biotechnology,United States,Small Cap,NMS,USD
PHIA.AS,Koninklijke Philips N.V.,Health Care,Biotechnology,Netherlands,Large Cap,AMS,EUR
PHLT,Performant Healthcare Inc. Common Stock,Consumer Staples,Household Products,United States,Small Cap,NMS,USD
PHM,"PulteGroup, Inc.",Industrials,Construction & Engineering,United States,Large Cap,NYQ,USD
PHR,"Phreesia, Inc.",Health Care,Health Care Providers & Services,United States,Small Cap,NYQ,USD
PHVS,Pharvaris N.V.,Health Care,Biotechnology,Netherlands,Small Cap,NMS,USD
PI,"Impinj, Inc.",Information Technology,Communications Equipment,United States,Mid Cap,NMS,USD
PII,Polaris Inc.,Consumer Discretionary,Automobiles,United States,Mid Cap,NYQ,USD
PINC,"Premier, Inc.",Health Care,Health Care Providers & Services,United States,Mid Cap,NMS,USD
PING,Ping Identity Holding Corp.,Information Technology,Software,United States,Small Cap,NYQ,USD
PINS,"Pinterest, Inc.",Communication Services,Diversified Telecommunication Services,United States,Large Cap,NYQ,USD
PJP.F,X5 RETAIL GROUP N.V.,Consumer Staples,Food & Staples Retailing,Netherlands,Mid Cap,FRA,EUR
PKE,Park Aerospace Corp.,Industrials,Aerospace & Defense,United States,Small Cap,NYQ,USD
PKG,Packaging Corporation of America,Consumer Discretionary,Distributors,United States,Large Cap,NYQ,USD
PKI,"PerkinElmer, Inc.",Health Care,Biotechnology,United States,Large Cap,NYQ,USD
PKOH,Park-Ohio Holdings Corp.,Industrials,Trading Companies & Distributors,United States,Small Cap,NMS,USD
PLAB,"Photronics, Inc.",Information Technology,Semiconductors & Semiconductor Equipment,United States,Mid Cap,NMS,USD
PLAN,"Anaplan, Inc.",Information Technology,Software,United States,Mid Cap,NYQ,USD
PLAY,"Dave & Buster's Entertainment, Inc.",Consumer Discretionary,"Hotels, Restaurants & Leisure",United States,Small Cap,NMS,USD
PLLWF,Polarean Imaging plc,Health Care,Health Care Technology,United States,Small Cap,PNK,USD
PLM,PolyMet Mining Corp.,Materials,Metals & Mining,United States,Small Cap,ASE,USD
PLNHF,Planet 13 Holdings Inc.,Health Care,Pharmaceuticals,United States,Small Cap,PNK,USD
PLNT,"Planet Fitness, Inc. Class A",Consumer Discretionary,"Hotels, Restaurants & Leisure",United States,Mid Cap,NYQ,USD
PLOW,"Douglas Dynamics, Inc.",Consumer Discretionary,Auto Components,United States,Small Cap,NYQ,USD
PLPC,Preformed Line Products Company,Industrials,Electrical Equipment,United States,Small Cap,NMS,USD
PLSE,"Pulse Biosciences, Inc.",Health Care,Health Care Equipment & Supplies,United States,Small Cap,NCM,USD
PLT,"Plantronics, Inc.",Information Technology,Communications Equipment,United States,Small Cap,NYQ,USD
PLTR,Palantir Technologies Inc. Class A,Information Technology,Software,United States,Mega Cap,NYQ,USD
PLUG,Plug Power Inc.,Industrials,Electrical Equipment,United States,Mid Cap,NMS,USD
PLUS,ePlus inc.,Information Technology,Software,United States,Mid Cap,NMS,USD
PLXS,Plexus Corp.,Information Technology,"Electronic Equipment, Instruments & Components",United States,Mid Cap,NMS,USD
PLYA,Playa Hotels & Resorts N.V.,Consumer Discretionary,"Hotels, Restaurants & Leisure",United States,Small Cap,NMS,USD
PM,Philip Morris International Inc.,Consumer Staples,Tobacco,United States,Mega Cap,NYQ,USD
PNL.AS,PostNL N.V.,Industrials,Air Freight & Logistics,Netherlands,Mid Cap,AMS,EUR
PNM,"PNM Resources, Inc.",Utilities,Electric Utilities,United States,Mid Cap,NYQ,USD
PNRG,PrimeEnergy Resources Corporation,Energy,"Oil, Gas & Consumable Fuels",United States,Small Cap,NMS,USD
PNT,POINT Biopharma Global Inc. Common Stock,Health Care,Biotechnology,United States,Small Cap,NMS,USD
PNTG,Pennant Group Inc,Health Care,Health Care Equipment & Supplies,United States,Small Cap,NMS,USD
PNW,Pinnacle West Capital Corp,Utilities,Electric Utilities,United States,Large Cap,NYQ,USD
PODD,Insulet Corporation,Health Care,Health Care Technology,United States,Large Cap,NMS,USD
POSH,"Poshmark, Inc.",Consumer Discretionary,Internet & Direct Marketing Retail,United States,Mid Cap,NMS,USD
POST,"Post Holdings, Inc.",Consumer Staples,Food & Staples Retailing,United States,Mid Cap,NYQ,USD
POWI,"Power Integrations, Inc.",Information Technology,Semiconductors & Semiconductor Equipment,United States,Mid Cap,NMS,USD
POWL,"Powell Industries, Inc.",Industrials,Electrical Equipment,United States,Mid Cap,NMS,USD
POWWP,"AMMO, Inc.",Industrials,Aerospace & Defense,United States,Mid Cap,NCM,USD
PPC,Pilgrim's Pride Corporation,Consumer Staples,Food & Staples Retailing,United States,Large Cap,NMS,USD
PPD,"PPD, Inc.",Health Care,Pharmaceuticals,United States,Large Cap,NMS,USD
PPG,"PPG Industries, Inc.",Materials,Chemicals,United States,Large Cap,NYQ,USD
PPL,PPL Corporation,Utilities,Electric Utilities,United States,Large Cap,NYQ,USD
PPLI,People Incorporated Common Stock,Communication Services,Diversified Telecommunication Services,United States,Mid Cap,NMS,USD
PPTA,Perpetua Resources Corp.,Materials,Metals & Mining,United States,Mid Cap,NCM,USD
PPWLM,PacifiCorp,Utilities,Multi-Utilities,United States,Large Cap,PNK,USD
PQG,PQ Group Holdings Inc.,Materials,Chemicals,United States,Mid Cap,NYQ,USD
PQM.SG,Piquadro S.p.A.,Consumer Discretionary,,United States,Small Cap,STU,EUR
PR,Permian Resources Corporation Class A Common Stock,Energy,"Oil, Gas & Consumable Fuels",United States,Large Cap,NYQ,USD
PRAH,"PRA Health Sciences, Inc.",Health Care,Biotechnology,United States,Large Cap,NMS,USD
PRAX,"Praxis Precision Medicines, Inc.",Health Care,Biotechnology,United States,Mid Cap,NMS,USD
PRCH,Porch Group Inc.,Information Technology,Software,United States,Small Cap,NMS,USD
PRCT,PROCEPT BioRobotics Corporation Common Stock,Health Care,Biotechnology,United States,Small Cap,NMS,USD
PRDO,Perdoceo Education Corporation,Consumer Staples,Household Products,United States,Mid Cap,NMS,USD
PRF0.F,ModivCare Inc.,Health Care,Health Care Equipment & Supplies,United States,Mid Cap,FRA,EUR
PRFT,"Perficient, Inc.",Information Technology,IT Services,United States,Mid Cap,NMS,USD
PRG,"PROG Holdings, Inc.",Industrials,Commercial Services & Supplies,United States,Small Cap,NYQ,USD
PRGS,Progress Software Corporation,Information Technology,Software,United States,Small Cap,NMS,USD
PRIM,Primoris Services Corporation,Industrials,Construction & Engineering,United States,Mid Cap,NMS,USD
PRKS,United Parks & Resorts Inc. Common Stock,Health Care,Health Care Technology,United States,Small Cap,NYQ,USD
PRLB,"Proto Labs, Inc.",Industrials,Building Products,United States,Small Cap,NYQ,USD
PRM,Perimeter Solutions SA Ordinary Shares,Communication Services,Diversified Telecommunication Services,United States,Mid Cap,NYQ,USD
PRME,Prime Medicine Inc. Common Stock,Health Care,Biotechnology,United States,Small Cap,NMS,USD
PRMW,Primo Water Corporation,Consumer Staples,Beverages,United States,Mid Cap,NYQ,USD
PRO,"PROS Holdings, Inc.",Information Technology,Software,United States,Small Cap,NYQ,USD
PROK,ProKidney Corp. Class A Ordinary Shares,Health Care,Biotechnology,United States,Small Cap,NMS,USD
PRSP,Perspecta Inc.,Information Technology,IT Services,United States,Mid Cap,NYQ,USD
PRSU,Pursuit Attractions and Hospitality Inc. Common Stock,Industrials,Professional Services,United States,Small Cap,NYQ,USD
PRTC,PureTech Health plc,Health Care,Biotechnology,United States,Small Cap,NMS,USD
PRTH,"Priority Technology Holdings, Inc.",Information Technology,IT Services,United States,Small Cap,NMS,USD
PRTY,PARTY CITY HOLDCO INC.,Consumer Discretionary,Specialty Retail,United States,Small Cap,NYQ,USD
PRVA,"Privia Health Group, Inc.",Health Care,Health Care Providers & Services,United States,Mid Cap,NMS,USD
PRVB,"Provention Bio, Inc.",Health Care,Biotechnology,United States,Mid Cap,NMS,USD
PRX.AS,Prosus N.V.,Communication Services,Diversified Telecommunication Services,Netherlands,Large Cap,AMS,EUR
PS1.F,"Computer Programs and Systems, Inc.",Health Care,Health Care Providers & Services,United States,Small Cap,FRA,EUR
PSIX,"Power Solutions International, Inc.",Industrials,Machinery,United States,Small Cap,PNK,USD
PSKY,Paramount Skydance Corporation Class B Common Stock,Communication Services,Media,United States,Large Cap,NMS,USD
PSMT,"PriceSmart, Inc.",Consumer Staples,Household Products,United States,Mid Cap,NMS,USD
PSN,Parsons Corporation,Industrials,Machinery,United States,Mid Cap,NYQ,USD
PSNL,"Personalis, Inc.",Health Care,Biotechnology,United States,Small Cap,NGM,USD
PSTG,"Pure Storage, Inc.",Information Technology,"Technology Hardware, Storage & Peripherals",United States,Large Cap,NYQ,USD
PSTX,"POSEIDA THERAPEUTICS, INC.",Health Care,Biotechnology,United States,Small Cap,NMS,USD
PSX,Phillips 66,Energy,"Oil, Gas & Consumable Fuels",United States,Large Cap,NYQ,USD
PTC,PTC Inc.,Information Technology,Software,United States,Large Cap,NMS,USD
PTCT,"PTC Therapeutics, Inc.",Health Care,Biotechnology,United States,Mid Cap,NMS,USD
PTEN,"Patterson-UTI Energy, Inc.",Energy,"Oil, Gas & Consumable Fuels",United States,Mid Cap,NMS,USD
PTGX,"Protagonist Therapeutics, Inc.",Health Care,Biotechnology,United States,Mid Cap,NGM,USD
PTLO,Portillo's Inc. Class A Common Stock,Consumer Discretionary,"Hotels, Restaurants & Leisure",United States,Small Cap,NMS,USD
PTON,"Peloton Interactive, Inc. Class A",Consumer Discretionary,"Hotels, Restaurants & Leisure",United States,Small Cap,NMS,USD
PTSI,"P.A.M. Transportation Services, Inc.",Industrials,Transportation Infrastructure,United States,Small Cap,NGM,USD
PTVE,Pactiv Evergreen Inc.,Consumer Discretionary,Distributors,United States,Mid Cap,NMS,USD
PUBM,"PubMatic, Inc.",Information Technology,Software,United States,Small Cap,NGM,USD
PUMP,ProPetro Holding Corp.,Energy,Energy Equipment & Services,United States,Small Cap,NYQ,USD
PURR,Hyperliquid Strategies Inc Common Stock,Health Care,Biotechnology,United States,Small Cap,NMS,USD
PVH,PVH Corp.,Consumer Discretionary,"Textiles, Apparel & Luxury Goods",United States,Mid Cap,NYQ,USD
PVLA,Palvella Therapeutics Inc. Common Stock,Health Care,Biotechnology,United States,Small Cap,NMS,USD
PWFL,"PowerFleet, Inc.",Information Technology,Communications Equipment,United States,Small Cap,NMS,USD
PWR,"Quanta Services, Inc.",Industrials,Construction & Engineering,United States,Large Cap,NYQ,USD
PWSC,PowerSchool Holdings Inc. Class A Common Stock,Information Technology,Software,United States,Mid Cap,ASE,USD
PX91.F,"Cassava Sciences, Inc.",Health Care,Biotechnology,United States,Small Cap,FRA,EUR
PXED,Phoenix Education Partners Inc. Common Stock,Consumer Staples,Household Products,United States,Small Cap,NYQ,USD
PYCR,Paycor HCM Inc. Common Stock,Information Technology,Software,United States,Mid Cap,NMS,USD
PZZA,"Papa John's International, Inc.",Consumer Discretionary,"Hotels, Restaurants & Leisure",United States,Small Cap,NMS,USD
Q8Q.F,"QEP Resources, Inc.",Energy,,United States,Small Cap,FRA,EUR
QADA,QAD Inc.,Information Technology,Software,United States,Small Cap,NMS,USD
QBTS,D-Wave Quantum Inc. Common Shares,Information Technology,Software,United States,Mid Cap,NYQ,USD
QCOM,QUALCOMM Incorporated,Information Technology,Semiconductors & Semiconductor Equipment,United States,Large Cap,NMS,USD
QDEL,Quidel Corporation,Health Care,Biotechnology,United States,Small Cap,NMS,USD
QGEN,QIAGEN N.V.,Health Care,Biotechnology,Netherlands,Large Cap,NYQ,USD
QLYS,"Qualys, Inc.",Information Technology,Software,United States,Mid Cap,NMS,USD
QMLS,QumulusAI Inc. Common Stock,Information Technology,Software,United States,Small Cap,NMS,USD
QNST,"QuinStreet, Inc.",Communication Services,Diversified Telecommunication Services,United States,Small Cap,NMS,USD
QNT2.F,Quantum Corporation,Information Technology,"Technology Hardware, Storage & Peripherals",United States,Small Cap,FRA,EUR
QRTEB,"Qurate Retail, Inc.",Consumer Discretionary,Internet & Direct Marketing Retail,United States,Small Cap,NMS,USD
QRVO,"Qorvo, Inc.",Information Technology,Semiconductors & Semiconductor Equipment,United States,Mid Cap,NMS,USD
QS,QuantumScape Corporation,Consumer Discretionary,Auto Components,United States,Mid Cap,NYQ,USD
QSOA.F,"Surface Oncology, Inc.",Health Care,Biotechnology,United States,Small Cap,FRA,EUR
QTRX,Quanterix Corporation,Health Care,Health Care Technology,United States,Small Cap,NGM,USD
QTWO,"Q2 Holdings, Inc.",Information Technology,Software,United States,Mid Cap,NYQ,USD
QUAD,"Quad/Graphics, Inc.",Industrials,Professional Services,United States,Small Cap,NYQ,USD
QUBT,"Quantum Computing, Inc.",Information Technology,"Technology Hardware, Storage & Peripherals",United States,Small Cap,PNK,USD
QUOT,Quotient Technology Inc.,Communication Services,Diversified Telecommunication Services,United States,Small Cap,NYQ,USD
QURE,uniQure N.V.,Health Care,Biotechnology,Netherlands,Small Cap,NMS,USD
QVCGB,QVC Group Inc. Series B Common Stock,Consumer Discretionary,,United States,Small Cap,NMS,USD
QXO,QXO Inc. Common Stock,Information Technology,Software,United States,Large Cap,NMS,USD
R,"Stem, Inc.",Information Technology,Software,United States,Mid Cap,NYQ,USD
RADI,"Radius Global Infrastructure, Inc.",Communication Services,Diversified Telecommunication Services,United States,Small Cap,NGM,USD
RAMP,"LiveRamp Holdings, Inc.",Information Technology,IT Services,United States,Small Cap,NYQ,USD
RAND.AS,Randstad N.V.,Industrials,Professional Services,Netherlands,Large Cap,AMS,EUR
RAPP,Rapport Therapeutics Inc. Common Stock,Health Care,,United States,Small Cap,NMS,USD
RAPT,"RAPT Therapeutics, Inc.",Health Care,Biotechnology,United States,Small Cap,NMS,USD
RARE,Ultragenyx Pharmaceutical Inc.,Health Care,Biotechnology,United States,Mid Cap,NMS,USD
RAVN,"Raven Industries, Inc.",Industrials,Machinery,United States,Small Cap,NMS,USD
RAZFF,Razer Inc.,Information Technology,"Technology Hardware, Storage & Peripherals",United States,Mid Cap,PNK,USD
RBBN,"Ribbon Communications, Inc.",Communication Services,Diversified Telecommunication Services,United States,Small Cap,NMS,USD
RBC,Regal Beloit Corporation,Industrials,Machinery,United States,Large Cap,NYQ,USD
RBCP,RBC Bearings Incorporated 5.00% Series A Mandatory Convertible Preferred Stock,Energy,Energy Equipment & Services,United States,Mid Cap,ASE,USD
RBLX,Roblox Corporation,Communication Services,Interactive Media & Services,United States,Large Cap,NYQ,USD
RBRK,Rubrik Inc. Class A Common Stock,Information Technology,,United States,Large Cap,NYQ,USD
RCAT,"Red Cat Holdings, Inc.",Information Technology,,United States,Small Cap,NMS,USD
RCII,"Rent-A-Center, Inc.",Industrials,Commercial Services & Supplies,United States,Mid Cap,NMS,USD
RCKT,"Rocket Pharmaceuticals, Inc.",Health Care,Biotechnology,United States,Small Cap,NMS,USD
RCKY,"Rocky Brands, Inc.",Consumer Discretionary,"Textiles, Apparel & Luxury Goods",United States,Small Cap,NMS,USD
RCL,Royal Caribbean Group,Consumer Discretionary,"Hotels, Restaurants & Leisure",United States,Large Cap,NYQ,USD
RCM,R1 RCM Inc.,Health Care,Health Care Providers & Services,United States,Mid Cap,NMS,USD
RCO.F,"Resources Connection, Inc.",Industrials,Professional Services,United States,Small Cap,FRA,EUR
RCUS,"Arcus Biosciences, Inc.",Health Care,Biotechnology,United States,Mid Cap,NYQ,USD
RDDT,Reddit Inc. Class A Common Stock,Communication Services,,United States,Large Cap,NYQ,USD
RDNT,"RadNet, Inc.",Health Care,Biotechnology,United States,Mid Cap,NGM,USD
RDUS,"Radius Health, Inc.",Health Care,Pharmaceuticals,United States,Small Cap,NMS,USD
RDVT,"Red Violet, Inc.",Information Technology,Software,United States,Small Cap,NCM,USD
RDW,Redwire Corporation Common Stock,Industrials,Aerospace & Defense,United States,Small Cap,NYQ,USD
REAL,"The RealReal, Inc.",Consumer Discretionary,Specialty Retail,United States,Small Cap,NMS,USD
REGI,"Renewable Energy Group, Inc.",Energy,"Oil, Gas & Consumable Fuels",United States,Mid Cap,NMS,USD
REGN,"Regeneron Pharmaceuticals, Inc.",Health Care,Biotechnology,United States,Large Cap,NMS,USD
RELY,Remitly Global Inc. Common Stock,Information Technology,Software,United States,Mid Cap,NMS,USD
REPL,"Replimune Group, Inc.",Health Care,Biotechnology,United States,Small Cap,NMS,USD
REPX,"Riley Exploration Permian, Inc.",Energy,"Oil, Gas & Consumable Fuels",United States,Small Cap,ASE,USD
RES,"RPC, Inc.",Energy,Energy Equipment & Services,United States,Small Cap,NYQ,USD
RETA,"REATA PHARMACEUTICALS, INC.",Health Care,Biotechnology,United States,Mid Cap,NMS,USD
REV,"Revlon, Inc.",Consumer Staples,Household Products,United States,Small Cap,NYQ,USD
REX,American Resources Corporation,Materials,Metals & Mining,United States,Small Cap,NYQ,USD
REYN,Reynolds Consumer Products Inc,Consumer Discretionary,Distributors,United States,Mid Cap,NMS,USD
REZI,"Resideo Technologies, Inc.",Industrials,Professional Services,United States,Mid Cap,NYQ,USD
RGEN,Repligen Corporation,Health Care,Health Care Equipment & Supplies,United States,Mid Cap,NMS,USD
RGI.F,Regis Corporation,Consumer Discretionary,"Hotels, Restaurants & Leisure",United States,Small Cap,FRA,EUR
RGLD,"Royal Gold, Inc.",Materials,Metals & Mining,United States,Large Cap,NMS,USD
RGLS,Regulus Therapeutics Inc.,Health Care,Biotechnology,United States,Small Cap,NCM,USD
RGNX,REGENXBIO Inc.,Health Care,Biotechnology,United States,Small Cap,NMS,USD
RGR,"Sturm, Ruger & Company, Inc.",Industrials,Aerospace & Defense,United States,Small Cap,NYQ,USD
RGTI,Rigetti Computing Inc. Common Stock,Information Technology,Software,United States,Mid Cap,NMS,USD
RH,RH,Consumer Discretionary,Specialty Retail,United States,Mid Cap,NYQ,USD
RHI,Robert Half International Inc.,Industrials,Professional Services,United States,Mid Cap,NYQ,USD
RIDE,Lordstown Motors Corp.,Consumer Discretionary,Automobiles,United States,Small Cap,NMS,USD
RIGL,"Rigel Pharmaceuticals, Inc.",Health Care,Biotechnology,United States,Small Cap,NMS,USD
RIK.F,"RCI Hospitality Holdings, Inc.",Consumer Discretionary,"Hotels, Restaurants & Leisure",United States,Small Cap,FRA,EUR
RIOT,"Riot Blockchain, Inc.",Information Technology,Software,United States,Mid Cap,NMS,USD
RIVN,Rivian Automotive Inc. Class A Common Stock,Consumer Discretionary,Automobiles,United States,Large Cap,NMS,USD
RKLB,Rocket Lab USA Inc. Common Stock,Industrials,Aerospace & Defense,United States,Large Cap,NMS,USD
RL,Ralph Lauren Corporation Class A,Consumer Discretionary,"Textiles, Apparel & Luxury Goods",United States,Large Cap,NYQ,USD
RLAY,"Relay Therapeutics, Inc.",Health Care,Biotechnology,United States,Small Cap,NGM,USD
RLGT,"Radiant Logistics, Inc.",Industrials,Air Freight & Logistics,United States,Small Cap,ASE,USD
RLLWF,Reliance Worldwide Corporation Limited,Industrials,Building Products,United States,Mid Cap,PNK,USD
RLMD,Relmada Therapeutics Inc,Health Care,Pharmaceuticals,United States,Small Cap,NMS,USD
RMBS,Rambus Inc.,Information Technology,Semiconductors & Semiconductor Equipment,United States,Large Cap,NMS,USD
RMD,ResMed Inc.,Health Care,Health Care Equipment & Supplies,United States,Large Cap,NYQ,USD
RMIX,Suncrete Inc. Class A Common Stock,Materials,Construction Materials,United States,Small Cap,NMS,USD
RMNI,"Rimini Street, Inc.",Information Technology,Software,United States,Small Cap,NMS,USD
RMO,"Romeo Power, Inc.",Consumer Discretionary,Auto Components,United States,Small Cap,NYQ,USD
RN3N.MU,"ARENA PHARMA.NEW DL-,0001",Health Care,,United States,Small Cap,MUN,EUR
RNA,"Avidity Biosciences, Inc.",Health Care,Biotechnology,United States,Mid Cap,NGM,USD
RNG,"RingCentral, Inc. Class A",Information Technology,Software,United States,Mid Cap,NYQ,USD
RNGR,"Ranger Energy Services, Inc.",Energy,Energy Equipment & Services,United States,Small Cap,NYQ,USD
ROAD,"Construction Partners, Inc. Class A",Industrials,Construction & Engineering,United States,Mid Cap,NMS,USD
ROCK,"Gibraltar Industries, Inc.",Industrials,Building Products,United States,Small Cap,NMS,USD
ROG,Rogers Corporation,Information Technology,"Electronic Equipment, Instruments & Components",United States,Small Cap,NYQ,USD
ROK,"Rockwell Automation, Inc.",Industrials,Machinery,United States,Large Cap,NYQ,USD
ROKU,"Roku, Inc. Class A",Communication Services,Entertainment,United States,Large Cap,NMS,USD
ROL,"Rollins, Inc.",Consumer Discretionary,"Hotels, Restaurants & Leisure",United States,Large Cap,NYQ,USD
ROLL,RBC Bearings Incorporated,Industrials,Building Products,United States,Mid Cap,NMS,USD
ROP,"Roper Technologies, Inc.",Industrials,Machinery,United States,Large Cap,NYQ,USD
ROST,"Ross Stores, Inc.",Consumer Discretionary,"Textiles, Apparel & Luxury Goods",United States,Large Cap,NMS,USD
ROVR,Rover Group Inc. Class A Common Stock,Consumer Staples,Household Products,United States,Small Cap,NMS,USD
RPD,"Rapid7, Inc.",Information Technology,Software,United States,Small Cap,NMS,USD
RPM,RPM International Inc.,Materials,Chemicals,United States,Large Cap,NYQ,USD
RPRX,Royalty Pharma Plc Class A,Health Care,Biotechnology,United States,Large Cap,NMS,USD
RR,Richtech Robotics Inc. Class B Common Stock,Industrials,,United States,Small Cap,NMS,USD
RRC,Range Resources Corporation,Energy,"Oil, Gas & Consumable Fuels",United States,Mid Cap,NYQ,USD
RRD,R. R. Donnelley & Sons Company,Industrials,Professional Services,United States,Small Cap,NYQ,USD
RRN.F,"Red Robin Gourmet Burgers, Inc.",Consumer Discretionary,"Hotels, Restaurants & Leisure",United States,Small Cap,FRA,EUR
RRR,"Red Rock Resorts, Inc.",Consumer Discretionary,"Hotels, Restaurants & Leisure",United States,Mid Cap,NMS,USD
RRX,Regal Rexnord Corporation Common Stock,Energy,Energy Equipment & Services,United States,Large Cap,NYQ,USD
RS,Reliance Steel & Aluminum Co.,Materials,Metals & Mining,United States,Large Cap,NYQ,USD
RSG,"Republic Services, Inc.",Industrials,Transportation Infrastructure,United States,Large Cap,NYQ,USD
RSI,"Rush Street Interactive, Inc.",Consumer Discretionary,"Hotels, Restaurants & Leisure",United States,Mid Cap,NYQ,USD
RSVR,Reservoir Media Inc. Common Stock,Consumer Discretionary,"Hotels, Restaurants & Leisure",United States,Small Cap,NMS,USD
RTA1.F,Rite Aid Corporation,Health Care,Pharmaceuticals,United States,Small Cap,FRA,EUR
RTLR,Rattler Midstream LP,Energy,"Oil, Gas & Consumable Fuels",United States,Small Cap,NMS,USD
RTX,Raytheon Technologies Corporation,Industrials,Aerospace & Defense,United States,Mega Cap,NYQ,USD
RUBY,"Rubius Therapeutics, Inc.",Health Care,Biotechnology,United States,Mid Cap,NMS,USD
RUM,Rumble Inc. Class A Common Stock,Information Technology,Software,United States,Mid Cap,NMS,USD
RUN,Sunrun Inc.,Information Technology,"Technology Hardware, Storage & Peripherals",United States,Mid Cap,NMS,USD
RUSHA,"Rush Enterprises, Inc.",Consumer Discretionary,Automobiles,United States,Mid Cap,NMS,USD
RUTH,"Ruth's Hospitality Group, Inc.",Consumer Discretionary,"Hotels, Restaurants & Leisure",United States,Small Cap,NMS,USD
RVLV,"Revolve Group, Inc.",Consumer Discretionary,Internet & Direct Marketing Retail,United States,Mid Cap,NYQ,USD
RVMD,"Revolution Medicines, Inc.",Health Care,Biotechnology,United States,Large Cap,NMS,USD
RVNC,"REVANCE THERAPEUTICS, INC.",Health Care,Biotechnology,United States,Small Cap,NMS,USD
RVTY,Revvity Inc. Common Stock,Health Care,Biotechnology,United States,Large Cap,NYQ,USD
RWWI,"Rand Worldwide, Inc.",Information Technology,Software,United States,Small Cap,PNK,USD
RXDX,"Prometheus Biosciences, Inc.",Health Care,Biotechnology,United States,Mid Cap,NMS,USD
RXN,Rexnord Corporation,Industrials,Machinery,United States,Mid Cap,NYQ,USD
RXO,RXO Inc. Common Stock,Industrials,,United States,Mid Cap,NYQ,USD
RXRX,"Recursion Pharmaceuticals, Inc.",Health Care,Biotechnology,United States,Small Cap,NMS,USD
RXST,RxSight Inc. Common Stock,Health Care,Health Care Technology,United States,Small Cap,NMS,USD
RXT,"Rackspace Technology, Inc.",Information Technology,Software,United States,Small Cap,NMS,USD
RYAM,Rayonier Advanced Materials Inc,Materials,Chemicals,United States,Small Cap,NYQ,USD
RYDAF,Royal Dutch Shell plc,Energy,"Oil, Gas & Consumable Fuels",Netherlands,Large Cap,PNK,USD
RYI,Ryerson Holding Corporation,Industrials,Building Products,United States,Small Cap,NYQ,USD
RYI.F,"Viracta Therapeutics, Inc.",Health Care,Biotechnology,United States,Small Cap,FRA,EUR
RYZ,Ryerson Holding Corporation Common Stock,Energy,Energy Equipment & Services,United States,Small Cap,NYQ,USD
RYZB,RayzeBio Inc. Common Stock,Health Care,,United States,Mid Cap,NMS,USD
RZLT,"Rezolute, Inc.",Health Care,Biotechnology,United States,Small Cap,NCM,USD
S,SentinelOne Inc. Class A Common Stock,Information Technology,Software,United States,Mid Cap,NYQ,USD
S0Z.F,"Sientra, Inc.",Health Care,Health Care Technology,United States,Small Cap,FRA,EUR
S1TE34.SA,STERIS Corporation,Health Care,Health Care Equipment & Supplies,United States,Large Cap,SAO,BRL
S64.F,"SPIRIT AIRLINES, INC.",Industrials,Airlines,United States,Mid Cap,FRA,EUR
SABR,Sabre Corporation,Information Technology,IT Services,United States,Small Cap,NMS,USD
SAEYY,Shop Apotheke Europe N.V.,Health Care,Pharmaceuticals,Netherlands,Mid Cap,PNK,USD
SAFM,"Sanderson Farms, Inc.",Consumer Staples,Food & Staples Retailing,United States,Mid Cap,NMS,USD
SAGE,"Sage Therapeutics, Inc.",Health Care,Biotechnology,United States,Small Cap,NMS,USD
SAH,"Sonic Automotive, Inc.",Consumer Discretionary,Automobiles,United States,Mid Cap,NYQ,USD
SAIA,"Saia, Inc.",Industrials,Transportation Infrastructure,United States,Large Cap,NMS,USD
SAIC,Science Applications International Corporation,Information Technology,IT Services,United States,Mid Cap,NYQ,USD
SAM,"Boston Beer Company, Inc. Class A",Consumer Staples,Beverages,United States,Mid Cap,NYQ,USD
SANA,"Sana Biotechnology, Inc.",Health Care,Biotechnology,United States,Small Cap,NMS,USD
SANM,Sanmina Corporation,Information Technology,"Electronic Equipment, Instruments & Components",United States,Mid Cap,NMS,USD
SARO,StandardAero Inc. Common Stock,Industrials,Aerospace & Defense,United States,Large Cap,NYQ,USD
SATS,EchoStar Corporation,Information Technology,Communications Equipment,United States,Large Cap,NMS,USD
SBC,SBC Medical Group Holdings Incorporated Common Stock,Health Care,Health Care Equipment & Supplies,United States,Small Cap,NMS,USD
SBGI,"Sinclair Broadcast Group, Inc.",Communication Services,Media,United States,Small Cap,NMS,USD
SBH,"Sally Beauty Holdings, Inc.",Consumer Discretionary,Specialty Retail,United States,Small Cap,NYQ,USD
SBMO.AS,SBM Offshore N.V.,Energy,Energy Equipment & Services,Netherlands,Mid Cap,AMS,EUR
SBMT,Silver Bow Mining Corp. Common Shares,Materials,Metals & Mining,United States,Small Cap,ASE,USD
SBOW,"SILVERBOW RESOURCES, INC.",Energy,"Oil, Gas & Consumable Fuels",United States,Small Cap,NYQ,USD
SBR,Sabine Royalty Trust,Energy,"Oil, Gas & Consumable Fuels",United States,Small Cap,NYQ,USD
SBTX,"Silverback Therapeutics, Inc.",Health Care,Biotechnology,United States,Small Cap,NMS,USD
SBUX,Starbucks Corporation,Consumer Discretionary,"Hotels, Restaurants & Leisure",United States,Large Cap,NMS,USD
SCCO,Southern Copper Corporation,Materials,Metals & Mining,United States,Large Cap,NYQ,USD
SCHL,Scholastic Corporation,Communication Services,Diversified Telecommunication Services,United States,Small Cap,NMS,USD
SCHN,"Schnitzer Steel Industries, Inc.",Materials,Metals & Mining,United States,Small Cap,NMS,USD
SCI,Service Corporation International,Consumer Discretionary,"Hotels, Restaurants & Leisure",United States,Large Cap,NYQ,USD
SCL,Stepan Company,Materials,Chemicals,United States,Small Cap,NYQ,USD
SCPH,scPharmaceuticals Inc.,Health Care,Biotechnology,United States,Small Cap,NMS,USD
SCPL,SCIPLAY CORPORATION,Communication Services,Interactive Media & Services,United States,Mid Cap,NMS,USD
SCS,Steelcase Inc.,Industrials,Commercial Services & Supplies,United States,Small Cap,NYQ,USD
SCSC,"ScanSource, Inc.",Information Technology,"Electronic Equipment, Instruments & Components",United States,Small Cap,NMS,USD
SCVL,"Shoe Carnival, Inc.",Consumer Discretionary,"Textiles, Apparel & Luxury Goods",United States,Small Cap,NMS,USD
SCWX,SecureWorks Corp.,Information Technology,Software,United States,Small Cap,NMS,USD
SD,"SandRidge Energy, Inc.",Energy,"Oil, Gas & Consumable Fuels",United States,Small Cap,NYQ,USD
SD3.F,"Simulations Plus, Inc.",Health Care,Health Care Providers & Services,United States,Small Cap,FRA,EUR
SDGR,"Schrodinger, Inc.",Health Care,Health Care Providers & Services,United States,Small Cap,NMS,USD
SDHC,Smith Douglas Homes Corp. Class A Common Stock,Industrials,,United States,Small Cap,NYQ,USD
SEAS,"SeaWorld Entertainment, Inc.",Consumer Discretionary,"Hotels, Restaurants & Leisure",United States,Mid Cap,NYQ,USD
SEB,Seaboard Corporation,Industrials,Industrial Conglomerates,United States,Mid Cap,ASE,USD
SEE,SEALED AIR CORPORATION,Consumer Discretionary,Distributors,United States,Mid Cap,NYQ,USD
SEI,Solaris Energy Infrastructure Inc. Class A Common Stock,Energy,Energy Equipment & Services,United States,Mid Cap,NYQ,USD
SEM,Select Medical Holdings Corporation,Health Care,Health Care Equipment & Supplies,United States,Small Cap,NYQ,USD
SEMR,"SEMrush Holdings, Inc.",Information Technology,Software,United States,Small Cap,NYQ,USD
SENEA,Seneca Foods Corporation,Consumer Staples,Food & Staples Retailing,United States,Small Cap,NMS,USD
SENS,"Senseonics Holdings, Inc.",Health Care,Biotechnology,United States,Small Cap,NMS,USD
SEPN,Septerna Inc. Common Stock,Health Care,,United States,Small Cap,NMS,USD
SERV,Serve Robotics Inc. Common Stock,Materials,Chemicals,United States,Small Cap,NMS,USD
SESN,"Sesen Bio, Inc.",Health Care,Biotechnology,United States,Small Cap,NMS,USD
SET.F,"Somero Enterprises, Inc.",Industrials,Machinery,United States,Small Cap,FRA,EUR
SFD,Smithfield Foods Inc. Common Stock,Consumer Staples,Food & Staples Retailing,United States,Mid Cap,NMS,USD
SFIX,"Stitch Fix, Inc.",Consumer Discretionary,Specialty Retail,United States,Small Cap,NMS,USD
SFM,"Sprouts Farmers Market, Inc.",Consumer Staples,Food & Staples Retailing,United States,Mid Cap,NMS,USD
SG,Sweetgreen Inc. Class A Common Stock,Consumer Discretionary,"Hotels, Restaurants & Leisure",United States,Small Cap,NYQ,USD
SGEN,Seagen Inc.,Health Care,Biotechnology,United States,Large Cap,NMS,USD
SGFY,"Signify Health, Inc.",Health Care,Health Care Providers & Services,United States,Mid Cap,NYQ,USD
SGH,"SMART Global Holdings, Inc.",Information Technology,Semiconductors & Semiconductor Equipment,United States,Small Cap,NMS,USD
SGI,Somnigroup International Inc. Common Stock,Consumer Discretionary,Household Durables,United States,Large Cap,NYQ,USD
SGMS,Scientific Games Corporation,Consumer Discretionary,"Hotels, Restaurants & Leisure",United States,Mid Cap,NMS,USD
SGP,SpyGlass Pharma Inc. Common Stock,Health Care,Health Care Technology,United States,Small Cap,NMS,USD
SGRY,"Surgery Partners, Inc.",Health Care,Health Care Equipment & Supplies,United States,Mid Cap,NMS,USD
SGU,"Star Group, L.P.",Energy,"Oil, Gas & Consumable Fuels",United States,Small Cap,NYQ,USD
SHAK,Shake Shack Inc.,Consumer Discretionary,"Hotels, Restaurants & Leisure",United States,Mid Cap,NYQ,USD
SHC,Sotera Health Company,Health Care,Biotechnology,United States,Mid Cap,NMS,USD
SHCR,Sharecare Inc. Class A Common Stock,Information Technology,Software,United States,Small Cap,NMS,USD
SHEN,Shenandoah Telecommunications Company,Communication Services,Diversified Telecommunication Services,United States,Small Cap,NMS,USD
SHLS,"Shoals Technologies Group, Inc.",Information Technology,"Technology Hardware, Storage & Peripherals",United States,Small Cap,NGM,USD
SHLX,"Shell Midstream Partners, L.P.",Energy,"Oil, Gas & Consumable Fuels",United States,Mid Cap,NYQ,USD
SHMP,NaturalShrimp Incorporated,Consumer Staples,Household Products,United States,Small Cap,PNK,USD
SHOO,"Steven Madden, Ltd.",Consumer Discretionary,"Textiles, Apparel & Luxury Goods",United States,Mid Cap,NMS,USD
SHW,Sherwin-Williams Company,Materials,Chemicals,United States,Large Cap,NYQ,USD
SHYF,"The Shyft Group, Inc.",Industrials,Machinery,United States,Small Cap,NMS,USD
SIFG.AS,Sif Holding N.V.,Industrials,Building Products,Netherlands,Small Cap,AMS,EUR
SIGA,"SIGA Technologies, Inc.",Health Care,Biotechnology,United States,Small Cap,NMS,USD
SILK,"Silk Road Medical, Inc",Health Care,Health Care Technology,United States,Small Cap,NMS,USD
SION,Sionna Therapeutics Inc. Common Stock,Health Care,Biotechnology,United States,Small Cap,NMS,USD
SIRI,Sirius XM Holdings Inc.,Communication Services,Media,United States,Mid Cap,NMS,USD
SITM,SiTime Corporation,Information Technology,Semiconductors & Semiconductor Equipment,United States,Large Cap,NMS,USD
SIX,Six Flags Entertainment Corporation,Consumer Discretionary,"Hotels, Restaurants & Leisure",United States,Mid Cap,NYQ,USD
SJI,"South Jersey Industries, Inc.",Utilities,Multi-Utilities,United States,Mid Cap,NYQ,USD
SJM,J.M. Smucker Company,Consumer Staples,Food & Staples Retailing,United States,Large Cap,NYQ,USD
SJW,SJW Group,Utilities,Water Utilities,United States,Small Cap,NYQ,USD
SKLZ-WT,Skillz Inc,Communication Services,Interactive Media & Services,United States,Mid Cap,NYQ,USD
SKX,"Skechers U.S.A., Inc.",Consumer Discretionary,"Textiles, Apparel & Luxury Goods",United States,Mid Cap,NYQ,USD
SKY,Skyline Champion Corporation,Industrials,Construction & Engineering,United States,Mid Cap,NYQ,USD
SKYH,Sky Harbour Group Corporation Class A Common Stock,Industrials,Aerospace & Defense,United States,Small Cap,NYQ,USD
SKYT,"SkyWater Technology, Inc.",Information Technology,Semiconductors & Semiconductor Equipment,United States,Small Cap,NMS,USD
SKYW,"SkyWest, Inc.",Industrials,Airlines,United States,Mid Cap,NMS,USD
SL2.F,Sleep Number Corporation,Consumer Discretionary,Household Durables,United States,Mid Cap,FRA,EUR
SLAB,Silicon Laboratories Inc.,Information Technology,Semiconductors & Semiconductor Equipment,United States,Mid Cap,NMS,USD
SLB,Schlumberger Limited,Energy,Energy Equipment & Services,United States,Large Cap,NYQ,USD
SLCA,"U.S. Silica Holdings, Inc.",Energy,Energy Equipment & Services,United States,Small Cap,NYQ,USD
SLDB,Solid Biosciences Inc.,Health Care,Pharmaceuticals,United States,Small Cap,NMS,USD
SLDP,Solid Power Inc. Class A Common Stock,Industrials,Electrical Equipment,United States,Small Cap,NMS,USD
SLGC,SomaLogic Inc. Class A Common Stock,Health Care,Biotechnology,United States,Small Cap,NMS,USD
SLGN,Silgan Holdings Inc.,Consumer Discretionary,Distributors,United States,Mid Cap,NMS,USD
SLIGR.AS,Sligro Food Group N.V.,Consumer Staples,Food & Staples Retailing,Netherlands,Small Cap,AMS,EUR
SLMNP,"A. Schulman, Inc.",Materials,Chemicals,United States,Large Cap,PNK,USD
SLNHP,Soluna Holdings Inc 9.0% Series A Cumulative Perpetual Preferred Stock ,Information Technology,Software,United States,Small Cap,NMS,USD
SLNO,"Soleno Therapeutics, Inc.",Health Care,Biotechnology,United States,Mid Cap,NMS,USD
SLS,"SELLAS Life Sciences Group, Inc.",Health Care,Biotechnology,United States,Small Cap,NCM,USD
SLVM,Sylvamo Corporation Common Stock,Materials,Paper & Forest Products,United States,Small Cap,NYQ,USD
SM,SM Energy Company,Energy,"Oil, Gas & Consumable Fuels",United States,Mid Cap,NYQ,USD
SMAR,SMARTSHEET INC.,Information Technology,Software,United States,Mid Cap,NYQ,USD
SMC,Summit Midstream Corporation Common Stock,Energy,"Oil, Gas & Consumable Fuels",United States,Small Cap,NYQ,USD
SMCI,"Super Micro Computer, Inc.",Information Technology,"Technology Hardware, Storage & Peripherals",United States,Large Cap,NMS,USD
SMCIP,Super Micro Computer Inc. Depositary Shares representing a 1/20th Interest in a Share of 7% Series A Mandatory Convertible Preferred Stock,Information Technology,"Technology Hardware, Storage & Peripherals",United States,Large Cap,NMS,USD
SMG,The Scotts Miracle-Gro Company,Materials,Construction Materials,United States,Mid Cap,NYQ,USD
SMLP,"Summit Midstream Partners, LP",Energy,"Oil, Gas & Consumable Fuels",United States,Small Cap,NYQ,USD
SMLR,"Semler Scientific, Inc.",Health Care,Health Care Technology,United States,Small Cap,PNK,USD
SMMT,Summit Therapeutics Inc.,Health Care,Biotechnology,United States,Large Cap,NMS,USD
SMP,"Standard Motor Products, Inc.",Consumer Discretionary,Auto Components,United States,Small Cap,NYQ,USD
SMPL,The Simply Good Foods Company,Consumer Staples,Food & Staples Retailing,United States,Small Cap,NCM,USD
SMR,NuScale Power Corporation Class A Common Stock,Industrials,Electrical Equipment,United States,Mid Cap,NYQ,USD
SMTC,Semtech Corporation,Information Technology,Semiconductors & Semiconductor Equipment,United States,Mid Cap,NMS,USD
SNA,Snap-on Incorporated,Industrials,Building Products,United States,Large Cap,NYQ,USD
SNAP,Snap Inc.,Communication Services,Diversified Telecommunication Services,United States,Mid Cap,NYQ,USD
SNCY,"Sun Country Airlines Holdings, Inc.",Industrials,Airlines,United States,Small Cap,NMS,USD
SNDA,Sonida Senior Living Inc. Common Stock,Health Care,Health Care Equipment & Supplies,United States,Small Cap,NYQ,USD
SNDK,Sandisk Corporation Common Stock,Information Technology,"Electronic Equipment, Instruments & Components",United States,Large Cap,NMS,USD
SNDKV,Sandisk Corporation Common Stock When-Issued,Information Technology,"Electronic Equipment, Instruments & Components",United States,Mid Cap,NMS,USD
SNDR,"Schneider National, Inc.",Industrials,Transportation Infrastructure,United States,Mid Cap,NYQ,USD
SNDX,Syndax Pharmaceuticals Inc,Health Care,Biotechnology,United States,Small Cap,NMS,USD
SNOW,"Snowflake, Inc.",Information Technology,Software,United States,Large Cap,NYQ,USD
SNPO,Snap One Holdings Corp. Common Stock,Consumer Discretionary,,United States,Small Cap,NMS,USD
SNPS,"Synopsys, Inc.",Information Technology,Software,United States,Large Cap,NMS,USD
SNX,TD SYNNEX Corporation,Information Technology,IT Services,United States,Large Cap,NYQ,USD
SO,The Southern Company,Utilities,Electric Utilities,United States,Large Cap,NYQ,USD
SOI,"Solaris Oilfield Infrastructure, Inc.",Energy,Energy Equipment & Services,United States,Small Cap,NYQ,USD
SOLSV,Solstice Advanced Materials Inc. Common Stock When Issued,Industrials,Aerospace & Defense,United States,Mid Cap,NMS,USD
SOLV,Solventum Corporation Common Stock,Health Care,Health Care Technology,United States,Large Cap,NYQ,USD
SOLY,"Soliton, Inc.",Health Care,Health Care Technology,United States,Small Cap,NCM,USD
SON,Sonoco Products Company,Consumer Discretionary,Distributors,United States,Mid Cap,NYQ,USD
SONO,"Sonos, Inc.",Information Technology,"Electronic Equipment, Instruments & Components",United States,Small Cap,NMS,USD
SOT.DE,Southern Company,Utilities,,United States,Large Cap,GER,EUR
SOUN,SoundHound AI Inc Class A Common Stock,Information Technology,Software,United States,Mid Cap,NMS,USD
SOVO,Sovos Brands Inc. Common Stock,Consumer Staples,Food & Staples Retailing,United States,Mid Cap,NMS,USD
SP,SP Plus Corporation,Industrials,Professional Services,United States,Small Cap,NMS,USD
SPB,"Spectrum Brands Holdings, Inc.",Consumer Staples,Household Products,United States,Small Cap,NYQ,USD
SPCE.MX,"Virgin Galactic Holdings, Inc.",Industrials,Aerospace & Defense,United States,Mid Cap,MEX,MXN
SPH,"Suburban Propane Partners, L.P.",Utilities,Gas Utilities,United States,Small Cap,NYQ,USD
SPHR,Sphere Entertainment Co.,Consumer Discretionary,,United States,Mid Cap,NYQ,USD
SPKE,"Spark Energy, Inc.",Utilities,Electric Utilities,United States,Small Cap,NMS,USD
SPLK,Splunk Inc.,Information Technology,Software,United States,Large Cap,NMS,USD
SPLP,Steel Partners Holdings L.P.,Industrials,Industrial Conglomerates,United States,Small Cap,NYQ,USD
SPNE,SeaSpine Holdings Corporation,Health Care,Health Care Technology,United States,Small Cap,NMS,USD
SPR,"Spirit AeroSystems Holdings, Inc.",Industrials,Aerospace & Defense,United States,Mid Cap,NYQ,USD
SPRY,ARS Pharmaceuticals Inc. Common Stock,Health Care,Biotechnology,United States,Small Cap,NMS,USD
SPSC,"SPS Commerce, Inc.",Information Technology,Software,United States,Mid Cap,NMS,USD
SPT,"Sprout Social, Inc.",Information Technology,Software,United States,Small Cap,NMS,USD
SPTN,SpartanNash Company,Consumer Staples,Food & Staples Retailing,United States,Small Cap,NMS,USD
SPXC,SPX Corporation,Industrials,Machinery,United States,Large Cap,NYQ,USD
SQ,"Square, Inc.",Information Technology,Software,United States,Large Cap,NYQ,USD
SQSP,"Squarespace, Inc.",Information Technology,Software,United States,Mid Cap,NYQ,USD
SR,Spire Inc.,Utilities,Gas Utilities,United States,Mid Cap,NYQ,USD
SRCL,"Stericycle, Inc.",Industrials,Transportation Infrastructure,United States,Mid Cap,NMS,USD
SRDX,"Surmodics, Inc.",Health Care,Health Care Technology,United States,Small Cap,NMS,USD
SRE,Sempra Energy,Utilities,Multi-Utilities,United States,Large Cap,NYQ,USD
SRLP,Sprague Resources LP,Energy,"Oil, Gas & Consumable Fuels",United States,Small Cap,NYQ,USD
SRNE,"Sorrento Therapeutics, Inc.",Health Care,Biotechnology,United States,Small Cap,NMS,USD
SRPT,"Sarepta Therapeutics, Inc.",Health Care,Biotechnology,United States,Small Cap,NMS,USD
SRRK,Scholar Rock Holding Corporation,Health Care,Biotechnology,United States,Mid Cap,NMS,USD
SSD,"Simpson Manufacturing Co., Inc.",Industrials,Building Products,United States,Mid Cap,NYQ,USD
SSP,E. W. Scripps Company Class A,Communication Services,Media,United States,Small Cap,NMS,USD
SSTK,"Shutterstock, Inc.",Communication Services,Diversified Telecommunication Services,United States,Small Cap,NYQ,USD
SSYS,Stratasys Ltd.,Information Technology,"Technology Hardware, Storage & Peripherals",United States,Small Cap,NMS,USD
ST,Sensata Technologies Holding plc,Information Technology,"Electronic Equipment, Instruments & Components",United States,Mid Cap,NYQ,USD
STAA,STAAR Surgical Company,Health Care,Health Care Equipment & Supplies,United States,Small Cap,NGM,USD
STAY,"Extended Stay America, Inc.",Consumer Discretionary,"Hotels, Restaurants & Leisure",United States,Mid Cap,NMS,USD
STER,Sterling Check Corp. Common Stock,Information Technology,Software,United States,Small Cap,NMS,USD
STLA,Stellantis N.V.,Consumer Discretionary,Automobiles,Netherlands,Large Cap,NYQ,USD
STLD,"Steel Dynamics, Inc.",Materials,Metals & Mining,United States,Large Cap,NMS,USD
STMP,Stamps.com Inc.,Information Technology,Software,United States,Mid Cap,NMS,USD
STOK,"Stoke Therapeutics, Inc.",Health Care,Biotechnology,United States,Mid Cap,NMS,USD
STR,Sitio Royalties Corp. Class A Common Stock,Energy,"Oil, Gas & Consumable Fuels",United States,Mid Cap,ASE,USD
STRA,"Strategic Education, Inc.",Consumer Staples,Household Products,United States,Small Cap,NMS,USD
STRC,Sarcos Technology and Robotics Corporation Common Stock,Industrials,Building Products,United States,Large Cap,NMS,USD
STRD,MicroStrategy Incorporated 10.00% Series A Perpetual Stride Preferred Stock,Information Technology,Software,United States,Large Cap,NMS,USD
STRK,MicroStrategy Incorporated 8.00% Series A Perpetual Strike Preferred Stock,Information Technology,Software,United States,Large Cap,NMS,USD
STRL,"Sterling Construction Company, Inc.",Industrials,Construction & Engineering,United States,Large Cap,NMS,USD
STRO,"Sutro Biopharma, Inc.",Health Care,Biotechnology,United States,Small Cap,NGM,USD
STRT,Strattec Security Corporation,Consumer Discretionary,Auto Components,United States,Small Cap,NGM,USD
STUB,StubHub Holdings Inc. Class A Common Stock,Consumer Discretionary,"Hotels, Restaurants & Leisure",United States,Mid Cap,NYQ,USD
STZ,"Constellation Brands, Inc.",Consumer Staples,Beverages,United States,Large Cap,NYQ,USD
SU5.F,"Perry Ellis International, Inc.",Consumer Discretionary,,United States,Small Cap,FRA,EUR
SUIC,Sino United Worldwide Consolidated Ltd.,Information Technology,IT Services,United States,Small Cap,PNK,USD
SUJA,Suja Life Inc. Class A Common Stock,Consumer Staples,Beverages,United States,Small Cap,NMS,USD
SUM,"Summit Materials, Inc.",Materials,Construction Materials,United States,Mid Cap,NYQ,USD
SUMO,"SUMO LOGIC, INC.",Information Technology,Software,United States,Small Cap,NMS,USD
SUN,Sunoco LP,Energy,"Oil, Gas & Consumable Fuels",United States,Large Cap,NYQ,USD
SUNB,Sunbelt Rentals Holdings Inc. Common Stock,Industrials,Professional Services,United States,Large Cap,NYQ,USD
SUNC,"Suncast Solar Energy, Inc.",Industrials,Transportation Infrastructure,United States,Mid Cap,PNK,USD
SUPN,"Supernus Pharmaceuticals, Inc.",Health Care,Pharmaceuticals,United States,Mid Cap,NGM,USD
SVMK,SVMK Inc.,Information Technology,Software,United States,Mid Cap,NMS,USD
SVRA,Savara Inc.,Health Care,Biotechnology,United States,Small Cap,NMS,USD
SVV,Savers Value Village Inc. Common Stock,Consumer Discretionary,Automobiles,United States,Small Cap,NYQ,USD
SWAV,"SHOCKWAVE MEDICAL, INC.",Health Care,Health Care Technology,United States,Large Cap,NMS,USD
SWBI,"Smith & Wesson Brands, Inc.",Industrials,Aerospace & Defense,United States,Small Cap,NMS,USD
SWCH,"Switch, Inc.",Information Technology,IT Services,United States,Mid Cap,NYQ,USD
SWI,SolarWinds Corporation,Information Technology,Software,United States,Mid Cap,NYQ,USD
SWIM,"Latham Group, Inc.",Industrials,Building Products,United States,Small Cap,NMS,USD
SWK,"Stanley Black & Decker, Inc.",Industrials,Building Products,United States,Large Cap,NYQ,USD
SWKS,"Skyworks Solutions, Inc.",Information Technology,Semiconductors & Semiconductor Equipment,United States,Mid Cap,NMS,USD
SWM,"Schweitzer-Mauduit International, Inc.",Materials,Paper & Forest Products,United States,Small Cap,NYQ,USD
SWMR,Swarmer Inc Common Stock,Information Technology,Software,United States,Small Cap,NMS,USD
SWN,Southwestern Energy Company,Energy,"Oil, Gas & Consumable Fuels",United States,Mid Cap,NYQ,USD
SWTX,"SpringWorks Therapeutics, Inc.",Health Care,Biotechnology,United States,Mid Cap,NMS,USD
SWX,"Southwest Gas Holdings, Inc.",Utilities,Gas Utilities,United States,Mid Cap,NYQ,USD
SXC,"SunCoke Energy, Inc.",Materials,Metals & Mining,United States,Small Cap,NYQ,USD
SXI,Standex International Corporation,Industrials,Machinery,United States,Mid Cap,NYQ,USD
SXT,Sensient Technologies Corporation,Materials,Chemicals,United States,Mid Cap,NYQ,USD
SYK,Stryker Corporation,Health Care,Health Care Technology,United States,Large Cap,NYQ,USD
SYKE,"Sykes Enterprises, Incorporated",Information Technology,IT Services,United States,Small Cap,NMS,USD
SYNA,Synaptics Incorporated,Information Technology,Semiconductors & Semiconductor Equipment,United States,Mid Cap,NMS,USD
SYNH,"Syneos Health, Inc.",Health Care,Biotechnology,United States,Mid Cap,NMS,USD
SYRE,Spyre Therapeutics Inc. Common Stock,Health Care,Biotechnology,United States,Mid Cap,NMS,USD
SYRSW,"Syros Pharmaceuticals, Inc.",Health Care,Biotechnology,United States,Small Cap,PNK,USD
SYV.F,3D Systems Corporation,Information Technology,"Technology Hardware, Storage & Peripherals",United States,Mid Cap,FRA,EUR
SYX,Systemax Inc.,Industrials,Trading Companies & Distributors,United States,Small Cap,NYQ,USD
SYY,Sysco Corporation,Consumer Staples,Food & Staples Retailing,United States,Large Cap,NYQ,USD
T,AT&T Inc.,Communication Services,Diversified Telecommunication Services,United States,Large Cap,NYQ,USD
TA,TravelCenters of America Inc.,Consumer Discretionary,Specialty Retail,United States,Small Cap,NMS,USD
TACO,"Del Taco Restaurants, Inc.",Consumer Discretionary,"Hotels, Restaurants & Leisure",United States,Small Cap,NCM,USD
TALK,Talkspace Inc. Common Stock,Health Care,Health Care Providers & Services,United States,Small Cap,NMS,USD
TALO,Talos Energy Inc.,Energy,"Oil, Gas & Consumable Fuels",United States,Mid Cap,NYQ,USD
TAP,Molson Coors Beverage Company,Consumer Staples,Beverages,United States,Mid Cap,NYQ,USD
TARA,"Protara Therapeutics, Inc.",Health Care,Biotechnology,United States,Small Cap,NGM,USD
TARS,"Tarsus Pharmaceuticals, Inc.",Health Care,Biotechnology,United States,Mid Cap,NMS,USD
TASK,TaskUs Inc. Class A Common Stock,Information Technology,Software,United States,Small Cap,NMS,USD
TAST,"Carrols Restaurant Group, Inc.",Consumer Discretionary,"Hotels, Restaurants & Leisure",United States,Small Cap,NMS,USD
TCMD,"Tactile Systems Technology, Inc.",Health Care,Health Care Technology,United States,Small Cap,NMS,USD
TCNNF,Trulieve Cannabis Corp.,Health Care,Pharmaceuticals,United States,Mid Cap,PNK,USD
TDAY,USA TODAY Co. Inc. Common Stock,Communication Services,Diversified Telecommunication Services,United States,Small Cap,NYQ,USD
TDC,Teradata Corporation,Information Technology,IT Services,United States,Mid Cap,NYQ,USD
TDCX,TDCX Inc. American Depositary Shares each representing one Class A ordinary share,Information Technology,Software,United States,Small Cap,ASE,USD
TDG,TransDigm Group Incorporated,Industrials,Aerospace & Defense,United States,Large Cap,NYQ,USD
TDOC,"Teladoc Health, Inc.",Health Care,Health Care Providers & Services,United States,Small Cap,NYQ,USD
TDUP,ThredUp Inc.,Consumer Discretionary,Internet & Direct Marketing Retail,United States,Small Cap,NMS,USD
TDW,Tidewater Inc.,Energy,Energy Equipment & Services,United States,Mid Cap,NYQ,USD
TDY,Teledyne Technologies Incorporated,Information Technology,"Electronic Equipment, Instruments & Components",United States,Large Cap,NYQ,USD
TECH,Bio-Techne Corporation,Health Care,Biotechnology,United States,Mid Cap,NMS,USD
TECX,Tectonic Therapeutic Inc. Common Stock,Health Care,,United States,Small Cap,NMS,USD
TELL,Tellurian Inc.,Energy,"Oil, Gas & Consumable Fuels",United States,Small Cap,NMS,USD
TELZ,Tellurian Inc. 8.25% Senior Notes due 2028,Energy,"Oil, Gas & Consumable Fuels",United States,Large Cap,ASE,USD
TEM,Tempus AI Inc. Class A Common Stock,Communication Services,Diversified Telecommunication Services,United States,Mid Cap,NMS,USD
TEN,Tenneco Inc.,Consumer Discretionary,Auto Components,United States,Small Cap,NYQ,USD
TENB,"Enable Holdings, Inc.",Consumer Discretionary,Internet & Direct Marketing Retail,United States,Mid Cap,NMS,USD
TER,"Teradyne, Inc.",Information Technology,Semiconductors & Semiconductor Equipment,United States,Large Cap,NMS,USD
TERN,"Terns Pharmaceuticals, Inc.",Health Care,Biotechnology,United States,Mid Cap,NMS,USD
TEX,Terex Corporation,Industrials,Machinery,United States,Mid Cap,NYQ,USD
TFAN,TradeFan Inc.,Consumer Discretionary,"Textiles, Apparel & Luxury Goods",United States,Small Cap,PNK,USD
TFX,Teleflex Incorporated,Health Care,Health Care Equipment & Supplies,United States,Mid Cap,NYQ,USD
TG,Tredegar Corporation,Materials,Chemicals,United States,Small Cap,NYQ,USD
TGAN,"Transphorm, Inc.",Information Technology,Semiconductors & Semiconductor Equipment,United States,Small Cap,PNK,USD
TGI,"Triumph Group, Inc.",Industrials,Aerospace & Defense,United States,Mid Cap,NYQ,USD
TGNA,TEGNA Inc.,Communication Services,Media,United States,Mid Cap,NYQ,USD
TGT,Target Corporation,Consumer Staples,Household Products,United States,Large Cap,NYQ,USD
TGTX,"TG Therapeutics, Inc.",Health Care,Biotechnology,United States,Mid Cap,NCM,USD
TH,Target Hospitality Corp.,Energy,Energy Equipment & Services,United States,Small Cap,NCM,USD
TH1.F,"TTEC Holdings, Inc.",Information Technology,IT Services,United States,Mid Cap,FRA,EUR
THC,Tenet Healthcare Corporation,Health Care,Health Care Equipment & Supplies,United States,Large Cap,NYQ,USD
THO,"Thor Industries, Inc.",Consumer Discretionary,Automobiles,United States,Mid Cap,NYQ,USD
THR,"Thermon Group Holdings, Inc.",Industrials,Machinery,United States,Small Cap,NYQ,USD
THRM,Gentherm Incorporated,Consumer Discretionary,Auto Components,United States,Small Cap,NMS,USD
THRN,Thorne Healthtech Inc. Common Stock,Consumer Staples,Food & Staples Retailing,United States,Small Cap,NMS,USD
THS,"TreeHouse Foods, Inc.",Consumer Staples,Food & Staples Retailing,United States,Small Cap,NYQ,USD
TILE,"Interface, Inc.",Consumer Discretionary,Household Durables,United States,Small Cap,NMS,USD
TITN,Titan Machinery Inc.,Industrials,Trading Companies & Distributors,United States,Small Cap,NMS,USD
TJ9.F,"Cutera, Inc.",Health Care,Health Care Technology,United States,Small Cap,FRA,EUR
TJX,TJX Companies Inc,Consumer Discretionary,"Textiles, Apparel & Luxury Goods",United States,Large Cap,NYQ,USD
TKO,TKO Group Holdings Inc. Class A Common Stock,Communication Services,,United States,Large Cap,NYQ,USD
TKR,Timken Company,Industrials,Building Products,United States,Mid Cap,NYQ,USD
TKWY.AS,Just Eat Takeaway.com N.V.,Consumer Discretionary,Internet & Direct Marketing Retail,Netherlands,Large Cap,AMS,EUR
TLFP.F,DZS Inc.,Information Technology,Communications Equipment,United States,Small Cap,FRA,EUR
TLMD,"SOC Telemed, Inc.",Health Care,Health Care Equipment & Supplies,United States,Small Cap,NMS,USD
TLN,Talen Energy Corporation Common Stock,Utilities,Electric Utilities,United States,Large Cap,NMS,USD
TMDX,"TransMedics Group, Inc.",Health Care,Health Care Technology,United States,Mid Cap,NMS,USD
TMHC,Taylor Morrison Home Corporation,Industrials,Construction & Engineering,United States,Mid Cap,NYQ,USD
TMO,Thermo Fisher Scientific Inc.,Health Care,Biotechnology,United States,Large Cap,NYQ,USD
TMST,TimkenSteel Corporation,Materials,Metals & Mining,United States,Small Cap,NYQ,USD
TMUS,"T-Mobile US, Inc.",Communication Services,Diversified Telecommunication Services,United States,Mega Cap,NMS,USD
TMX,"Terminix Global Holdings, Inc.",Consumer Discretionary,"Hotels, Restaurants & Leisure",United States,Mid Cap,NYQ,USD
TNC,Tennant Company,Industrials,Machinery,United States,Small Cap,NYQ,USD
TNDM,"Tandem Diabetes Care, Inc.",Health Care,Health Care Technology,United States,Small Cap,NMS,USD
TNET,"TriNet Group, Inc.",Industrials,Professional Services,United States,Small Cap,NYQ,USD
TNGX,Tango Therapeutics Inc.,Health Care,Biotechnology,United States,Small Cap,NMS,USD
TNL,Travel + Leisure Co.,Consumer Discretionary,"Hotels, Restaurants & Leisure",United States,Mid Cap,NYQ,USD
TOGL,Toga Limited,Information Technology,Software,United States,Small Cap,PNK,USD
TOL,"Toll Brothers, Inc.",Industrials,Construction & Engineering,United States,Large Cap,NYQ,USD
TOM2.AS,TomTom N.V.,Information Technology,Software,Netherlands,Small Cap,AMS,EUR
TOST,Toast Inc. Class A Common Stock,Information Technology,Software,United States,Large Cap,NYQ,USD
TPB,Turning Point Brands Inc,Consumer Staples,Tobacco,United States,Mid Cap,NYQ,USD
TPC,Tutor Perini Corporation,Industrials,Construction & Engineering,United States,Mid Cap,NYQ,USD
TPCO,Tribune Publishing Company,Communication Services,Diversified Telecommunication Services,United States,Small Cap,NGM,USD
TPH,"Tri Pointe Homes, Inc.",Industrials,Construction & Engineering,United States,Mid Cap,NYQ,USD
TPL,Texas Pacific Land Corporation,Energy,"Oil, Gas & Consumable Fuels",United States,Large Cap,NYQ,USD
TPR,"Tapestry, Inc.",Consumer Discretionary,"Textiles, Apparel & Luxury Goods",United States,Large Cap,NYQ,USD
TPTX,"Turning Point Therapeutics, Inc.",Health Care,Biotechnology,United States,Mid Cap,NMS,USD
TPX,"Tempur Sealy International, Inc.",Consumer Discretionary,Household Durables,United States,Large Cap,NYQ,USD
TR,"Tootsie Roll Industries, Inc.",Consumer Staples,Food & Staples Retailing,United States,Mid Cap,NYQ,USD
TR5.F,Trinseo S.A.,Materials,Chemicals,United States,Mid Cap,FRA,EUR
TRAX,First Tracks Biotherapeutics Inc. Ordinary Shares ,Health Care,Biotechnology,United States,Small Cap,NMS,USD
TRAXV,First Tracks Biotherapeutics Inc. Ordinary Shares When-Issued,Health Care,Biotechnology,United States,Small Cap,NMS,USD
TRC,Tejon Ranch Co.,Industrials,Industrial Conglomerates,United States,Small Cap,NYQ,USD
TRDA,Entrada Therapeutics Inc. Common Stock,Health Care,Biotechnology,United States,Small Cap,NMS,USD
TREX,"Trex Company, Inc.",Industrials,Building Products,United States,Mid Cap,NYQ,USD
TRGP,Targa Resources Corp.,Energy,"Oil, Gas & Consumable Fuels",United States,Large Cap,NYQ,USD
TRIP,"TripAdvisor, Inc.",Consumer Discretionary,"Hotels, Restaurants & Leisure",United States,Small Cap,NMS,USD
TRMB,Trimble Inc.,Information Technology,"Electronic Equipment, Instruments & Components",United States,Large Cap,NMS,USD
TRML,Tourmaline Bio Inc. Common Stock,Health Care,,United States,Small Cap,NMS,USD
TRN,"Trinity Industries, Inc.",Industrials,Road & Rail,United States,Mid Cap,NYQ,USD
TRNS,"Transcat, Inc.",Industrials,Trading Companies & Distributors,United States,Small Cap,NGM,USD
TROX,Tronox Holdings plc,Materials,Chemicals,United States,Small Cap,NYQ,USD
TRS,TriMas Corporation,Industrials,Machinery,United States,Small Cap,NMS,USD
TRTK,TORtec Group Corporation,Industrials,Transportation Infrastructure,United States,Small Cap,PNK,USD
TRU,TransUnion,Industrials,Professional Services,United States,Large Cap,NYQ,USD
TRVI,"Trevi Therapeutics, Inc.",Health Care,Biotechnology,United States,Small Cap,NMS,USD
TSCO,Tractor Supply Company,Consumer Discretionary,Specialty Retail,United States,Large Cap,NMS,USD
TSHA,"Taysha Gene Therapies, Inc.",Health Care,Biotechnology,United States,Small Cap,NMS,USD
TSLA,"Tesla, Inc.",Consumer Discretionary,Automobiles,United States,Mega Cap,NMS,USD
TSN,"Tyson Foods, Inc. Class A",Consumer Staples,Household Products,United States,Large Cap,NYQ,USD
TTAN,ServiceTitan Inc. Class A Common Stock,Information Technology,Software,United States,Mid Cap,NMS,USD
TTC,The Toro Company,Industrials,Building Products,United States,Mid Cap,NYQ,USD
TTD,"The Trade Desk, Inc.",Information Technology,Software,United States,Large Cap,NGM,USD
TTEK,"Tetra Tech, Inc.",Industrials,Construction & Engineering,United States,Mid Cap,NMS,USD
TTI,"TETRA Technologies, Inc.",Energy,Energy Equipment & Services,United States,Small Cap,NYQ,USD
TTMI,"TTM Technologies, Inc.",Information Technology,"Electronic Equipment, Instruments & Components",United States,Large Cap,NMS,USD
TUP.F,Tupperware Brands Corporation,Consumer Discretionary,Distributors,United States,Small Cap,FRA,EUR
TVTX,"Travere Therapeutics, Inc.",Health Care,Biotechnology,United States,Mid Cap,NGM,USD
TVTY,"Tivity Health, Inc.",Health Care,Health Care Equipment & Supplies,United States,Small Cap,NMS,USD
TWEKA.AS,TKH Group N.V.,Information Technology,Communications Equipment,Netherlands,Mid Cap,AMS,EUR
TWI,"Titan International, Inc.",Industrials,Machinery,United States,Small Cap,NYQ,USD
TWKS,Thoughtworks Holding Inc. Common Stock,Information Technology,Software,United States,Small Cap,NMS,USD
TWLO,Twilio Inc.,Communication Services,Diversified Telecommunication Services,United States,Large Cap,NYQ,USD
TWNK,"Hostess Brands, Inc.",Consumer Staples,Food & Staples Retailing,United States,Mid Cap,NMS,USD
TWST,Twist Bioscience Corp.,Health Care,Biotechnology,United States,Mid Cap,NMS,USD
TWTR,"TWITTER, INC.",Communication Services,Diversified Telecommunication Services,United States,Large Cap,NYQ,USD
TXG,"10x Genomics, Inc.",Health Care,Health Care Providers & Services,United States,Mid Cap,NMS,USD
TXN,Texas Instruments Incorporated,Information Technology,Semiconductors & Semiconductor Equipment,United States,Large Cap,NMS,USD
TXNM,TXNM Energy Inc. Common Stock,Utilities,Electric Utilities,United States,Mid Cap,NYQ,USD
TXO,TXO Energy Partners L.P. Common Units Representing Limited Partner Interests,Energy,"Oil, Gas & Consumable Fuels",United States,Small Cap,NYQ,USD
TXRH,"Texas Roadhouse, Inc.",Consumer Discretionary,"Hotels, Restaurants & Leisure",United States,Large Cap,NMS,USD
TXT,Textron Inc.,Industrials,Aerospace & Defense,United States,Large Cap,NYQ,USD
TYL,"Tyler Technologies, Inc.",Information Technology,Software,United States,Large Cap,NYQ,USD
TYRA,Tyra Biosciences Inc. Common Stock,Health Care,Biotechnology,United States,Small Cap,NMS,USD
U,Unity Software Inc.,Information Technology,Software,United States,Mid Cap,NYQ,USD
UA,"Under Armour, Inc. Class A",Consumer Discretionary,"Textiles, Apparel & Luxury Goods",United States,Mid Cap,NYQ,USD
UAL,"United Airlines Holdings, Inc.",Industrials,Airlines,United States,Large Cap,NMS,USD
UAMY,United States Antimony Corporation,Materials,Metals & Mining,United States,Small Cap,NYQ,USD
UAN,"CVR Partners, LP",Materials,Construction Materials,United States,Small Cap,NYQ,USD
UBER,"Uber Technologies, Inc.",Information Technology,Software,United States,Large Cap,NYQ,USD
UCTT,"Ultra Clean Holdings, Inc.",Information Technology,Semiconductors & Semiconductor Equipment,United States,Mid Cap,NMS,USD
UDMY,Udemy Inc. Common Stock,Information Technology,,United States,Small Cap,NMS,USD
UE1.F,Universal Electronics Inc.,Information Technology,"Electronic Equipment, Instruments & Components",United States,Small Cap,FRA,EUR
UEC,Uranium Energy Corp.,Materials,Metals & Mining,United States,Mid Cap,ASE,USD
UELMO,Union Electric Company,Utilities,Electric Utilities,United States,Large Cap,PNK,USD
UFPI,"UFP Industries, Inc.",Materials,Paper & Forest Products,United States,Mid Cap,NMS,USD
UFPT,"UFP Technologies, Inc.",Consumer Discretionary,Distributors,United States,Small Cap,NMS,USD
UFS,Domtar Corporation,Materials,Paper & Forest Products,United States,Mid Cap,NYQ,USD
UGI,UGI Corporation,Utilities,Gas Utilities,United States,Mid Cap,NYQ,USD
UHAL,AMERCO,Industrials,Commercial Services & Supplies,United States,Mid Cap,NMS,USD
UHS,"Universal Health Services, Inc. Class B",Health Care,Health Care Equipment & Supplies,United States,Large Cap,NYQ,USD
UI,Ubiquiti Inc.,Information Technology,Communications Equipment,United States,Large Cap,NYQ,USD
ULCC,"Frontier Group Holdings, Inc.",Industrials,Airlines,United States,Small Cap,NMS,USD
ULH,"Universal Logistics Holdings, Inc.",Industrials,Transportation Infrastructure,United States,Small Cap,NMS,USD
ULS,UL Solutions Inc.,Industrials,,United States,Large Cap,NYQ,USD
ULTA,Ulta Beauty Inc.,Consumer Discretionary,Specialty Retail,United States,Large Cap,NMS,USD
UMAC,Unusual Machines Inc.,Industrials,,United States,Small Cap,ASE,USD
UMLGF,United Malt Group Limited,Consumer Staples,Beverages,United States,Small Cap,PNK,USD
UNF,UniFirst Corporation,Industrials,Professional Services,United States,Mid Cap,NYQ,USD
UNFI,"United Natural Foods, Inc.",Consumer Staples,Food & Staples Retailing,United States,Mid Cap,NYQ,USD
UNH,UnitedHealth Group Incorporated,Health Care,Health Care Providers & Services,United States,Mega Cap,NYQ,USD
UNP,Union Pacific Corporation,Industrials,Road & Rail,United States,Large Cap,NYQ,USD
UNVR,Univar Solutions Inc.,Materials,Chemicals,United States,Mid Cap,NYQ,USD
UPB,Upstream Bio Inc. Common Stock,Health Care,,United States,Small Cap,NMS,USD
UPBD,Upbound Group Inc. Common Stock,Information Technology,Software,United States,Small Cap,NMS,USD
UPS,"United Parcel Service, Inc.",Industrials,Air Freight & Logistics,United States,Large Cap,NYQ,USD
UPWK,Upwork Inc.,Industrials,Professional Services,United States,Small Cap,NMS,USD
URBN,"Urban Outfitters, Inc.",Consumer Discretionary,"Textiles, Apparel & Luxury Goods",United States,Mid Cap,NMS,USD
URG,Ur-Energy Inc.,Materials,Metals & Mining,United States,Small Cap,ASE,USD
URGN,UroGen Pharma Ltd.,Health Care,Biotechnology,United States,Small Cap,NGM,USD
URI,"United Rentals, Inc.",Industrials,Commercial Services & Supplies,United States,Large Cap,NYQ,USD
USAC,"USA Compression Partners, LP",Energy,Energy Equipment & Services,United States,Mid Cap,NYQ,USD
USAP,"Universal Stainless & Alloy Products, Inc.",Materials,Metals & Mining,United States,Small Cap,NMS,USD
USAR,USA Rare Earth Inc. Class A Common Stock,Materials,Metals & Mining,United States,Mid Cap,NMS,USD
USAU,U.S. Gold Corp.,Materials,Metals & Mining,United States,Small Cap,NCM,USD
USCR,"U.S. Concrete, Inc.",Materials,Construction Materials,United States,Small Cap,NMS,USD
USFD,US Foods Holding Corp.,Consumer Staples,Food & Staples Retailing,United States,Large Cap,NYQ,USD
USLM,"United States Lime & Minerals, Inc.",Materials,Construction Materials,United States,Mid Cap,NMS,USD
USM,United States Cellular Corporat,Communication Services,Diversified Telecommunication Services,United States,Mid Cap,NYQ,USD
USNA,"USANA Health Sciences, Inc.",Consumer Staples,Household Products,United States,Small Cap,NYQ,USD
USPH,"U.S. Physical Therapy, Inc.",Health Care,Health Care Equipment & Supplies,United States,Small Cap,NYQ,USD
USX,"U.S. Xpress Enterprises, Inc.",Industrials,Transportation Infrastructure,United States,Small Cap,NYQ,USD
USY.L,Unisys Corporation,Information Technology,IT Services,United States,Small Cap,LSE,USD
UTHR,United Therapeutics Corporation,Health Care,Biotechnology,United States,Large Cap,NMS,USD
UTI,"Universal Technical Institute, Inc.",Consumer Staples,Household Products,United States,Small Cap,NYQ,USD
UTL,Unitil Corporation,Utilities,Multi-Utilities,United States,Small Cap,NYQ,USD
UTZ,"Utz Brands, Inc.",Consumer Staples,Food & Staples Retailing,United States,Small Cap,NYQ,USD
UUUU,Energy Fuels Inc,Materials,Metals & Mining,United States,Mid Cap,ASE,USD
UVV,Universal Corporation,Consumer Staples,Tobacco,United States,Small Cap,NYQ,USD
UZF,United States Cellular Corporation 5.500% Senior Notes due 2070,Communication Services,Diversified Telecommunication Services,United States,Small Cap,NYQ,USD
VA21.F,"Vapotherm, Inc.",Health Care,Health Care Technology,United States,Small Cap,FRA,EUR
VAC,Marriott Vacations Worldwide Corporation,Consumer Discretionary,"Hotels, Restaurants & Leisure",United States,Mid Cap,NYQ,USD
VC,Visteon Corporation,Consumer Discretionary,Auto Components,United States,Mid Cap,NMS,USD
VCEL,Vericel Corporation,Health Care,Biotechnology,United States,Small Cap,NCM,USD
VCRA,"Vocera Communications, Inc.",Information Technology,Communications Equipment,United States,Small Cap,NYQ,USD
VCYT,"Veracyte, Inc.",Health Care,Biotechnology,United States,Mid Cap,NMS,USD
VEC,"Vectrus, Inc.",Industrials,Aerospace & Defense,United States,Small Cap,NYQ,USD
VECO,Veeco Instruments Inc.,Information Technology,Semiconductors & Semiconductor Equipment,United States,Small Cap,NMS,USD
VEEV,Veeva Systems Inc Class A,Health Care,Health Care Providers & Services,United States,Large Cap,NYQ,USD
VEI,Vine Energy Inc.,Energy,"Oil, Gas & Consumable Fuels",United States,Small Cap,NYQ,USD
VEON.AS,VEON Ltd.,Communication Services,Diversified Telecommunication Services,Netherlands,Mid Cap,AMS,EUR
VERA,"Vera Therapeutics, Inc.",Health Care,,United States,Mid Cap,NMS,USD
VERV,Verve Therapeutics Inc. Common Stock,Health Care,Biotechnology,United States,Small Cap,NMS,USD
VERX,"Vertex, Inc.",Information Technology,Software,United States,Mid Cap,NGM,USD
VFC,V.F. Corporation,Consumer Discretionary,"Textiles, Apparel & Luxury Goods",United States,Mid Cap,NYQ,USD
VG,Vonage Holdings Corp.,Communication Services,Diversified Telecommunication Services,United States,Large Cap,NMS,USD
VGR,Vector Group Ltd.,Consumer Staples,Tobacco,United States,Mid Cap,NYQ,USD
VGZ,Vista Gold Corp.,Materials,Metals & Mining,United States,Small Cap,ASE,USD
VHI,"Valhi, Inc.",Materials,Chemicals,United States,Small Cap,NYQ,USD
VIA,Via Renewables Inc. Class A Common Stock,Utilities,Electric Utilities,United States,Small Cap,NMS,USD
VIAC,ViacomCBS Inc.,Communication Services,Entertainment,United States,Large Cap,NMS,USD
VIAV,Viavi Solutions Inc,Information Technology,Communications Equipment,United States,Mid Cap,NMS,USD
VICR,Vicor Corporation,Information Technology,"Electronic Equipment, Instruments & Components",United States,Mid Cap,NMS,USD
VIGL,Vigil Neuroscience Inc. Common Stock,Health Care,Biotechnology,United States,Small Cap,NMS,USD
VIR,"Vir Biotechnology, Inc.",Health Care,Biotechnology,United States,Small Cap,NMS,USD
VISN,Vistance Networks Inc. Common Stock,Information Technology,Communications Equipment,United States,Mid Cap,NMS,USD
VITL,"Vital Farms, Inc.",Consumer Staples,Household Products,United States,Small Cap,NGM,USD
VIVO,"Meridian Bioscience, Inc.",Health Care,Biotechnology,United States,Small Cap,NMS,USD
VKTX,"Viking Therapeutics, Inc.",Health Care,Biotechnology,United States,Mid Cap,NCM,USD
VLDR,"Velodyne Lidar, Inc.",Information Technology,"Electronic Equipment, Instruments & Components",United States,Mid Cap,NMS,USD
VLGEA,"Village Super Market, Inc.",Consumer Staples,Food & Staples Retailing,United States,Small Cap,NMS,USD
VLO,Valero Energy Corporation,Energy,"Oil, Gas & Consumable Fuels",United States,Large Cap,NYQ,USD
VLTO,Veralto Corp Common Stock ,Industrials,,United States,Large Cap,NYQ,USD
VMC,Vulcan Materials Company,Materials,Construction Materials,United States,Large Cap,NYQ,USD
VMD,"Viemed Healthcare, Inc.",Health Care,Health Care Technology,United States,Small Cap,NMS,USD
VMEO,Vimeo Inc. Common Stock,Information Technology,Software,United States,Small Cap,NMS,USD
VMI,"Valmont Industries, Inc.",Industrials,Building Products,United States,Mid Cap,NYQ,USD
VMW,VMWARE LLC,Information Technology,Software,United States,Large Cap,NYQ,USD
VN2.F,VirnetX Holding Corp,Information Technology,Software,United States,Small Cap,FRA,EUR
VNDA,Vanda Pharmaceuticals Inc.,Health Care,Biotechnology,United States,Small Cap,NMS,USD
VNM.F,"Varian Medical Systems, Inc.",Health Care,,United States,Large Cap,FRA,EUR
VNOM,Viper Energy Partners LP,Energy,"Oil, Gas & Consumable Fuels",United States,Large Cap,NMS,USD
VNT,Vontier Corporation,Information Technology,"Electronic Equipment, Instruments & Components",United States,Mid Cap,NYQ,USD
VOR,Vor Biopharma Inc.,Health Care,Biotechnology,United States,Small Cap,NMS,USD
VOX.F,VOXX International Corporation,Information Technology,"Electronic Equipment, Instruments & Components",United States,Small Cap,FRA,EUR
VOYG,Voyager Technologies Inc. Class A Common Stock,Industrials,Aerospace & Defense,United States,Small Cap,NYQ,USD
VPG,"Vishay Precision Group, Inc.",Information Technology,"Electronic Equipment, Instruments & Components",United States,Small Cap,NYQ,USD
VPK.AS,Royal Vopak N.V.,Energy,Energy Equipment & Services,Netherlands,Mid Cap,AMS,EUR
VQKB.F,ReneSola Ltd,Information Technology,"Technology Hardware, Storage & Peripherals",United States,Small Cap,FRA,EUR
VRDN,"Viridian Therapeutics, Inc.",Health Care,Biotechnology,United States,Mid Cap,NMS,USD
VREX,Varex Imaging Corporation,Health Care,Health Care Technology,United States,Small Cap,NMS,USD
VRM.MX,"Vroom, Inc.",Consumer Discretionary,Automobiles,United States,Mid Cap,MEX,MXN
VRNS,"Varonis Systems, Inc.",Information Technology,Software,United States,Mid Cap,NMS,USD
VRNT,Verint Systems Inc.,Information Technology,Software,United States,Small Cap,NMS,USD
VRRM,Verra Mobility Corporation,Industrials,Professional Services,United States,Mid Cap,NCM,USD
VRS,Verso Corporation,Materials,Paper & Forest Products,United States,Small Cap,NYQ,USD
VRSK,"Verisk Analytics, Inc.",Industrials,Professional Services,United States,Large Cap,NMS,USD
VRSN,"VeriSign, Inc.",Information Technology,Software,United States,Large Cap,NMS,USD
VRT,Vertiv Holdings Co,Industrials,Electrical Equipment,United States,Large Cap,NYQ,USD
VRTV,VERITIV CORPORATION,Industrials,Industrial Conglomerates,United States,Mid Cap,NYQ,USD
VRTX,Vertex Pharmaceuticals Incorporated,Health Care,Biotechnology,United States,Large Cap,NMS,USD
VSAT,"Viasat, Inc.",Information Technology,Communications Equipment,United States,Mid Cap,NMS,USD
VSCO,Victorias Secret & Co. Common Stock ,Consumer Discretionary,,United States,Mid Cap,NYQ,USD
VSEC,VSE Corporation,Industrials,Aerospace & Defense,United States,Mid Cap,NMS,USD
VSH,"Vishay Intertechnology, Inc.",Information Technology,Semiconductors & Semiconductor Equipment,United States,Mid Cap,NYQ,USD
VSNT,Versant Media Group Inc. Class A Common Stock ,Communication Services,Media,United States,Mid Cap,NMS,USD
VSNTV,Versant Media Group Inc. Class A Common Stock When-Issued,Communication Services,Media,United States,Mid Cap,NMS,USD
VST,Vistra Corp.,Utilities,Independent Power and Renewable Electricity Producers,United States,Large Cap,NYQ,USD
VSTO,Vista Outdoor Inc.,Consumer Discretionary,"Hotels, Restaurants & Leisure",United States,Mid Cap,NYQ,USD
VSTS,Vestis Corporation Common Stock,Industrials,,United States,Small Cap,NYQ,USD
VTLE,Vital Energy Inc. Common Stock par value $0.01 per share,Energy,"Oil, Gas & Consumable Fuels",United States,Small Cap,ASE,USD
VTOL,Bristow Group Inc.,Energy,Energy Equipment & Services,United States,Small Cap,NYQ,USD
VTRS,"Viatris, Inc.",Health Care,Pharmaceuticals,United States,Large Cap,NMS,USD
VTS,Vitesse Energy Inc. Common Stock,Energy,"Oil, Gas & Consumable Fuels",United States,Small Cap,NYQ,USD
VTYX,Ventyx Biosciences Inc. Common Stock,Health Care,Biotechnology,United States,Small Cap,NMS,USD
VVI,Viad Corp.,Industrials,Professional Services,United States,Small Cap,NYQ,USD
VVNT,"Vivint Smart Home, Inc.",Industrials,Professional Services,United States,Mid Cap,NYQ,USD
VVV,Valvoline Inc.,Energy,"Oil, Gas & Consumable Fuels",United States,Mid Cap,NYQ,USD
VVX,V2X Inc. Common Stock,Information Technology,,United States,Mid Cap,NYQ,USD
VYGR,"Voyager Therapeutics, Inc.",Health Care,Biotechnology,United States,Small Cap,NMS,USD
VYGVF,Voyager Digital Ltd.,Information Technology,Software,United States,Mid Cap,PNK,USD
VYX,NCR Voyix Corporation,Information Technology,,United States,Small Cap,NYQ,USD
VZ,Verizon Communications Inc.,Communication Services,Diversified Telecommunication Services,United States,Mega Cap,NYQ,USD
VZIO,VIZIO Holding Corp.,Information Technology,"Electronic Equipment, Instruments & Components",United States,Mid Cap,NYQ,USD
W,Wayfair Inc.,Consumer Discretionary,Internet & Direct Marketing Retail,United States,Mid Cap,NYQ,USD
W8NB.F,"AquaBounty Technologies, Inc.",Consumer Staples,Household Products,United States,Small Cap,FRA,EUR
WAB,Westinghouse Air Brake Technologies Corporation,Industrials,Road & Rail,United States,Large Cap,NYQ,USD
WAT,Waters Corporation,Health Care,Biotechnology,United States,Large Cap,NYQ,USD
WAY,Waystar Holding Corp. Common Stock,Health Care,,United States,Mid Cap,NMS,USD
WBA,"Walgreens Boots Alliance, Inc.",Health Care,Pharmaceuticals,United States,Large Cap,NMS,USD
WBD,Warner Bros. Discovery Inc. Series A Common Stock ,Communication Services,Entertainment,United States,Large Cap,NMS,USD
WBT,"Welbilt, Inc.",Industrials,Machinery,United States,Mid Cap,NYQ,USD
WCC,"WESCO International, Inc.",Industrials,Trading Companies & Distributors,United States,Large Cap,NYQ,USD
WDAY,"Workday, Inc. Class A",Information Technology,Software,United States,Large Cap,NMS,USD
WDC,Western Digital Corporation,Information Technology,"Technology Hardware, Storage & Peripherals",United States,Large Cap,NMS,USD
WDFC,WD-40 Company,Materials,Chemicals,United States,Mid Cap,NMS,USD
WEAV,Weave Communications Inc. Common Stock,Information Technology,Software,United States,Small Cap,NYQ,USD
WEC,WEC Energy Group Inc,Utilities,Electric Utilities,United States,Large Cap,NYQ,USD
WELPP,Wisconsin Electric Power Company PFD 3.60%,Utilities,,United States,Mid Cap,PNK,USD
WEN,Wendy's Company,Consumer Discretionary,"Hotels, Restaurants & Leisure",United States,Small Cap,NMS,USD
WERN,"Werner Enterprises, Inc.",Industrials,Transportation Infrastructure,United States,Mid Cap,NMS,USD
WES,"Western Midstream Partners, LP",Energy,"Oil, Gas & Consumable Fuels",United States,Large Cap,NYQ,USD
WEST,Westrock Coffee Company Common Stock,Consumer Staples,Food & Staples Retailing,United States,Small Cap,NMS,USD
WEX,WEX Inc.,Information Technology,Software,United States,Mid Cap,NYQ,USD
WFRD,Weatherford International plc Ordinary Shares,Energy,Energy Equipment & Services,United States,Mid Cap,NMS,USD
WFTLF,Weatherford International plc,Energy,Energy Equipment & Services,United States,Small Cap,PNK,USD
WGO,"Winnebago Industries, Inc.",Consumer Discretionary,Automobiles,United States,Small Cap,NYQ,USD
WGS,GeneDx Holdings Corp. Class A Common Stock,Information Technology,Software,United States,Mid Cap,NMS,USD
WH,"Wyndham Hotels & Resorts, Inc.",Consumer Discretionary,"Hotels, Restaurants & Leisure",United States,Mid Cap,NYQ,USD
WHD,"Cactus, Inc. Class A",Energy,Energy Equipment & Services,United States,Mid Cap,NYQ,USD
WHR,Pool Corporation,Consumer Discretionary,"Hotels, Restaurants & Leisure",United States,Mid Cap,NYQ,USD
WIFI,"Boingo Wireless, Inc.",Communication Services,Diversified Telecommunication Services,United States,Small Cap,NMS,USD
WINA,Winmark Corporation,Consumer Discretionary,Specialty Retail,United States,Small Cap,NMS,USD
WING,Wingstop Inc.,Consumer Discretionary,"Hotels, Restaurants & Leisure",United States,Mid Cap,NMS,USD
WIRE,Encore Wire Corporation,Industrials,Electrical Equipment,United States,Mid Cap,NMS,USD
WISH.MX,ContextLogic Inc.,Consumer Discretionary,Internet & Direct Marketing Retail,United States,Mid Cap,MEX,MXN
WK,Workiva Inc.,Information Technology,Software,United States,Mid Cap,NYQ,USD
WKC,World Kinect Corporation,Energy,,United States,Small Cap,NYQ,USD
WKL.AS,Wolters Kluwer N.V.,Communication Services,Diversified Telecommunication Services,Netherlands,Large Cap,AMS,EUR
WLDN,"Willdan Group, Inc.",Industrials,Construction & Engineering,United States,Small Cap,NMS,USD
WLFC,Willis Lease Finance Corporation,Industrials,Commercial Services & Supplies,United States,Small Cap,NMS,USD
WLK,Westlake Corporation,Materials,Chemicals,United States,Large Cap,NYQ,USD
WLKP,Westlake Chemical Partners LP,Materials,Chemicals,United States,Small Cap,NYQ,USD
WLL,Whiting Petroleum Corporation,Energy,"Oil, Gas & Consumable Fuels",United States,Small Cap,NYQ,USD
WLY,John Wiley & Sons Inc. Common Stock,Communication Services,Diversified Telecommunication Services,United States,Small Cap,NYQ,USD
WM,"Waste Management, Inc.",Industrials,Transportation Infrastructure,United States,Large Cap,NYQ,USD
WMB,"The Williams Companies, Inc.",Energy,"Oil, Gas & Consumable Fuels",United States,Large Cap,NYQ,USD
WMG,Warner Music Group Corp. Class A,Communication Services,Entertainment,United States,Large Cap,NMS,USD
WMK,"Weis Markets, Inc.",Consumer Staples,Food & Staples Retailing,United States,Small Cap,NYQ,USD
WMS,"Advanced Drainage Systems, Inc.",Industrials,Building Products,United States,Large Cap,NYQ,USD
WMT,Walmart Inc.,Consumer Staples,Household Products,United States,Mega Cap,NYQ,USD
WNC,Wabash National Corporation,Industrials,Machinery,United States,Small Cap,NYQ,USD
WOLF,Wolfspeed Inc. Common Stock,Information Technology,Semiconductors & Semiconductor Equipment,United States,Small Cap,NYQ,USD
WOOF,"Petco Health and Wellness Company, Inc.",Consumer Discretionary,Specialty Retail,United States,Small Cap,NMS,USD
WOR,"Worthington Industries, Inc.",Industrials,Building Products,United States,Mid Cap,NYQ,USD
WORK,"Slack Technologies, Inc.",Information Technology,Software,United States,Large Cap,NYQ,USD
WOW,"WideOpenWest, Inc.",Communication Services,Entertainment,United States,Small Cap,NYQ,USD
WRBY,Warby Parker Inc. Class A Common Stock,Health Care,Health Care Equipment & Supplies,United States,Mid Cap,NYQ,USD
WRK,WestRock Company,Consumer Discretionary,Distributors,United States,Large Cap,NYQ,USD
WS,Worthington Steel Inc.,Materials,,United States,Mid Cap,NYQ,USD
WSC,WillScot Mobile Mini Holdings Corp.,Industrials,Commercial Services & Supplies,United States,Mid Cap,NCM,USD
WSM,"Williams-Sonoma, Inc.",Consumer Discretionary,Specialty Retail,United States,Large Cap,NYQ,USD
WSO,"Watsco, Inc.",Industrials,Trading Companies & Distributors,United States,Large Cap,NYQ,USD
WST,"West Pharmaceutical Services, Inc.",Health Care,Health Care Equipment & Supplies,United States,Large Cap,NYQ,USD
WTI,"W&T Offshore, Inc.",Energy,"Oil, Gas & Consumable Fuels",United States,Small Cap,NYQ,USD
WTRG,"Essential Utilities, Inc.",Utilities,Water Utilities,United States,Large Cap,NYQ,USD
WTS,"Watts Water Technologies, Inc. Class A",Industrials,Machinery,United States,Large Cap,NYQ,USD
WTTR,"Select Energy Services, Inc.",Energy,Energy Equipment & Services,United States,Small Cap,NYQ,USD
WW6.F,"WW International, Inc.",Consumer Discretionary,"Hotels, Restaurants & Leisure",United States,Mid Cap,FRA,EUR
WWD,"Woodward, Inc.",Industrials,Aerospace & Defense,United States,Large Cap,NMS,USD
WWE,"WORLD WRESTLING ENTERTAINMENT, LLC",Communication Services,Entertainment,United States,Mid Cap,NYQ,USD
WWIN,"AllyMe Group, Inc.",Industrials,Professional Services,United States,Small Cap,PNK,USD
WWW,"Wolverine World Wide, Inc.",Consumer Discretionary,"Textiles, Apparel & Luxury Goods",United States,Small Cap,NYQ,USD
WYNN,"Wynn Resorts, Limited",Consumer Discretionary,"Hotels, Restaurants & Leisure",United States,Large Cap,NMS,USD
X,UNITED STATES STEEL CORPORATION,Materials,Metals & Mining,United States,Large Cap,NYQ,USD
XE7C.F,"Cardiff Oncology, Inc.",Health Care,Biotechnology,United States,Small Cap,FRA,EUR
XEC,Cimarex Energy Co.,Energy,"Oil, Gas & Consumable Fuels",United States,Mid Cap,NYQ,USD
XEJ.F,Accuray Incorporated,Health Care,Health Care Technology,United States,Small Cap,FRA,EUR
XEL,Xcel Energy Inc.,Utilities,Electric Utilities,United States,Large Cap,NMS,USD
XENT,"Intersect ENT, Inc.",Health Care,Health Care Technology,United States,Small Cap,NGM,USD
XERS,"Xeris Pharmaceuticals, Inc.",Health Care,Biotechnology,United States,Small Cap,NMS,USD
XFOR,"X4 Pharmaceuticals, Inc.",Health Care,Biotechnology,United States,Small Cap,NCM,USD
XIFR,XPLR Infrastructure LP Common Units representing limited partner interests,Utilities,Electric Utilities,United States,Small Cap,NYQ,USD
XL,XL Fleet Corp.,Consumer Discretionary,Auto Components,United States,Small Cap,NYQ,USD
XLNX,"Xilinx, Inc.",Information Technology,Semiconductors & Semiconductor Equipment,United States,Large Cap,NMS,USD
XLRN,Acceleron Pharma Inc.,Health Care,Biotechnology,United States,Mid Cap,NMS,USD
XM,Qualtrics International Inc.,Information Technology,Software,United States,Large Cap,NMS,USD
XMTR,Xometry Inc. Class A Common Stock,Information Technology,"Electronic Equipment, Instruments & Components",United States,Mid Cap,NMS,USD
XNCR,"Xencor, Inc.",Health Care,Biotechnology,United States,Small Cap,NGM,USD
XOG,"Extraction Oil & Gas, Inc.",Energy,"Oil, Gas & Consumable Fuels",United States,Small Cap,NMS,USD
XOM,Exxon Mobil Corporation,Energy,"Oil, Gas & Consumable Fuels",United States,Mega Cap,NYQ,USD
XOMA,XOMA Corporation,Health Care,Biotechnology,United States,Small Cap,NGM,USD
XPEL,"XPEL, Inc.",Consumer Discretionary,Auto Components,United States,Small Cap,NCM,USD
XPO,"XPO, Inc.",Industrials,Air Freight & Logistics,United States,Large Cap,NYQ,USD
XPRO,Expro Group Holdings N.V. Common Stock,Energy,Energy Equipment & Services,United States,Mid Cap,NYQ,USD
XRAY,DENTSPLY SIRONA Inc.,Health Care,Health Care Equipment & Supplies,United States,Mid Cap,NMS,USD
XRX,Xerox Holdings Corporation,Information Technology,IT Services,United States,Small Cap,NYQ,USD
XXY.F,"Cross Country Healthcare, Inc.",Industrials,Professional Services,United States,Small Cap,FRA,EUR
XYL,Xylem Inc.,Industrials,Machinery,United States,Large Cap,NYQ,USD
XYZ,Block Inc. Class A Common Stock,Information Technology,Software,United States,Large Cap,NYQ,USD
YAG2.F,"Atossa Therapeutics, Inc.",Health Care,Biotechnology,United States,Small Cap,FRA,EUR
YEL.F,Yellow Corporation,Industrials,Transportation Infrastructure,United States,Small Cap,FRA,EUR
YELP,Yelp Inc.,Communication Services,Diversified Telecommunication Services,United States,Small Cap,NYQ,USD
YETI,"YETI Holdings, Inc.",Consumer Discretionary,"Hotels, Restaurants & Leisure",United States,Mid Cap,NYQ,USD
YEXT,"Yext, Inc.",Information Technology,Software,United States,Small Cap,NYQ,USD
YMAB,"Y-mAbs Therapeutics, Inc.",Health Care,Biotechnology,United States,Small Cap,NMS,USD
YNDX,Yandex N.V.,Communication Services,Diversified Telecommunication Services,Netherlands,Large Cap,NMS,USD
YORW,The York Water Company,Utilities,Water Utilities,United States,Small Cap,NMS,USD
YOU,Clear Secure Inc. Class A Common Stock,Information Technology,Software,United States,Mid Cap,NYQ,USD
YSS,York Space Systems Inc. Common Stock,Industrials,Aerospace & Defense,United States,Mid Cap,NYQ,USD
YSWY,Yesway Inc. Class A Common Stock,Consumer Staples,Food & Staples Retailing,United States,Small Cap,NMS,USD
YUM,"Yum! Brands, Inc.",Consumer Discretionary,"Hotels, Restaurants & Leisure",United States,Large Cap,NYQ,USD
YUMC,"China Holdings, Inc.",Health Care,Biotechnology,United States,Large Cap,NYQ,USD
Z,"Zillow Group, Inc.",Communication Services,Diversified Telecommunication Services,United States,Large Cap,NMS,USD
ZBH,"Zimmer Biomet Holdings, Inc.",Health Care,Health Care Technology,United States,Large Cap,NYQ,USD
ZBIO,Zenas BioPharma Inc. Common Stock,Health Care,Biotechnology,United States,Small Cap,NMS,USD
ZBRA,Zebra Technologies Corporation Class A,Information Technology,Communications Equipment,United States,Large Cap,NMS,USD
ZD,Ziff Davis Inc. Common Stock,Communication Services,Diversified Telecommunication Services,United States,Small Cap,NMS,USD
ZEN,"Zendesk, Inc.",Information Technology,Software,United States,Large Cap,NYQ,USD
ZEUS,"Olympic Steel, Inc.",Materials,Metals & Mining,United States,Small Cap,NMS,USD
ZGNX,"Zogenix, Inc.",Health Care,Biotechnology,United States,Small Cap,NMS,USD
ZI,ZoomInfo Technologies Inc.,Information Technology,Software,United States,Mid Cap,NMS,USD
ZIMV,ZimVie Inc. Common Stock,Health Care,Health Care Technology,United States,Small Cap,NMS,USD
ZIOP,"ZIOPHARM Oncology, Inc.",Health Care,Biotechnology,United States,Small Cap,NMS,USD
ZIXI,Zix Corporation,Information Technology,Software,United States,Small Cap,NMS,USD
ZM,"Zoom Video Communications, Inc.",Communication Services,Diversified Telecommunication Services,United States,Large Cap,NMS,USD
ZNGA,Zynga Inc.,Communication Services,Interactive Media & Services,United States,Large Cap,NMS,USD
ZS,"Zscaler, Inc.",Information Technology,Software,United States,Large Cap,NMS,USD
ZSQR,Z Squared Inc. Common Stock,Health Care,Biotechnology,United States,Small Cap,NMS,USD
ZUMZ,Zumiez Inc.,Consumer Discretionary,"Textiles, Apparel & Luxury Goods",United States,Small Cap,NMS,USD
ZUO,"Zuora, Inc.",Information Technology,Software,United States,Small Cap,NYQ,USD
ZUUS,"Zeuus, Inc.",Industrials,Professional Services,United States,Small Cap,PNK,USD
ZVRA,Zevra Therapeutics Inc. Common Stock,Health Care,Biotechnology,United States,Small Cap,NMS,USD
ZWS,Zurn Elkay Water Solutions Corporation Common Stock,Industrials,Transportation Infrastructure,United States,Mid Cap,NYQ,USD
ZY,Zymergen Inc.,Materials,Chemicals,United States,Mid Cap,NMS,USD
BRK-B,BERKSHIRE HATHAWAY INC,,,,,NYSE,
V,VISA INC.,,,,,NYSE,
ASML,ASML HOLDING NV,,,,,Nasdaq,
QH,QUHUO Ltd,,,,,Nasdaq,
HSBC,HSBC HOLDINGS PLC,,,,,NYSE,
MS,MORGAN STANLEY,,,,,NYSE,
NVS,NOVARTIS AG,,,,,NYSE,
RY,ROYAL BANK OF CANADA,,,,,NYSE,
BABA,Alibaba Group Holding Ltd,,,,,NYSE,
PANW,Palo Alto Networks Inc,,,,,Nasdaq,
ARM,ARM HOLDINGS PLC /UK,,,,,Nasdaq,
WFC,WELLS FARGO & COMPANY/MN,,,,,NYSE,
MUFG,MITSUBISHI UFJ FINANCIAL GROUP INC,,,,,NYSE,
AXP,AMERICAN EXPRESS CO,,,,,NYSE,
ANET,"Arista Networks, Inc.",,,,,NYSE,
TM,TOYOTA MOTOR CORP/,,,,,NYSE,
C,CITIGROUP INC,,,,,NYSE,
LIN,LINDE PLC,,,,,Nasdaq,
BHP,BHP Group Ltd,,,,,NYSE,
SAP,SAP SE,,,,,NYSE,
NVO,NOVO NORDISK A S,,,,,NYSE,
SAN,"Banco Santander, S.A.",,,,,NYSE,
TD,TORONTO DOMINION BANK,,,,,NYSE,
STX,Seagate Technology Holdings plc,,,,,Nasdaq,
TTE,TotalEnergies SE,,,,,NYSE,
SCHW,SCHWAB CHARLES CORP,,,,,NYSE,
UBS,UBS Group AG,,,,,NYSE,
WELL,WELLTOWER INC.,,,,,NYSE,
BUD,Anheuser-Busch InBev SA/NV,,,,,NYSE,
SMFG,"SUMITOMO MITSUI FINANCIAL GROUP, INC.",,,,,NYSE,
BX,Blackstone Inc.,,,,,NYSE,
RIO,RIO TINTO PLC,,,,,NYSE,
BBVA,"BANCO BILBAO VIZCAYA ARGENTARIA, S.A.",,,,,NYSE,
SHOP,SHOPIFY INC.,,,,,Nasdaq,
IBKR,"Interactive Brokers Group, Inc.",,,,,Nasdaq,
PLD,"Prologis, Inc.",,,,,NYSE,
UL,UNILEVER PLC,,,,,NYSE,
SONY,Sony Group Corp,,,,,NYSE,
CB,Chubb Ltd,,,,,NYSE,
BTI,British American Tobacco p.l.c.,,,,,NYSE,
COF,CAPITAL ONE FINANCIAL CORP,,,,,NYSE,
MFG,MIZUHO FINANCIAL GROUP INC,,,,,NYSE,
BMO,BANK OF MONTREAL /CAN/,,,,,NYSE,
PDD,PDD Holdings Inc.,,,,,Nasdaq,
PBR,PETROBRAS - PETROLEO BRASILEIRO SA,,,,,NYSE,
PGR,PROGRESSIVE CORP/OH/,,,,,NYSE,
HDB,HDFC BANK LTD,,,,,NYSE,
SPGI,S&P Global Inc.,,,,,NYSE,
BP,BP PLC,,,,,NYSE,
CM,CANADIAN IMPERIAL BANK OF COMMERCE /CAN/,,,,,NYSE,
BNS,BANK OF NOVA SCOTIA,,,,,NYSE,
BNY,Bank of New York Mellon Corp,,,,,NYSE,
GSK,GSK plc,,,,,NYSE,
SPOT,Spotify Technology S.A.,,,,,NYSE,
SNY,Sanofi,,,,,Nasdaq,
EQIX,EQUINIX INC,,,,,Nasdaq,
ACN,Accenture plc,,,,,NYSE,
TT,Trane Technologies plc,,,,,NYSE,
ING,ING GROEP NV,,,,,NYSE,
PNC,"PNC FINANCIAL SERVICES GROUP, INC.",,,,,NYSE,
CNQ,CANADIAN NATURAL RESOURCES Ltd,,,,,NYSE,
USB,US BANCORP DE,,,,,NYSE,
EQNR,EQUINOR ASA,,,,,NYSE,
CME,CME GROUP INC.,,,,,Nasdaq,
BN,BROOKFIELD Corp /ON/,,,,,NYSE,
MELI,MERCADOLIBRE INC,,,,,Nasdaq,
KKR,KKR & Co. Inc.,,,,,NYSE,
ITUB,Itau Unibanco Holding S.A.,,,,,NYSE,
BCS,BARCLAYS PLC,,,,,NYSE,
MRSH,"MARSH & MCLENNAN COMPANIES, INC.",,,,,NYSE,
LYG,Lloyds Banking Group plc,,,,,NYSE,
JCI,Johnson Controls International plc,,,,,NYSE,
NTES,"NetEase, Inc.",,,,,Nasdaq,
MCO,MOODYS CORP /DE/,,,,,NYSE,
AMT,AMERICAN TOWER CORP /MA/,,,,,NYSE,
NGG,NATIONAL GRID PLC,,,,,NYSE,
E,ENI SPA,,,,,NYSE,
HOOD,"Robinhood Markets, Inc.",,,,,Nasdaq,
TRV,"TRAVELERS COMPANIES, INC.",,,,,NYSE,
CP,CANADIAN PACIFIC KANSAS CITY LTD/CN,,,,,NYSE,
ASX,"ASE Technology Holding Co., Ltd.",,,,,NYSE,
BAM,Brookfield Asset Management Ltd.,,,,,NYSE,
HON,HONEYWELL INTERNATIONAL INC,,,,,Nasdaq,
AON,Aon plc,,,,,NYSE,
CNI,CANADIAN NATIONAL RAILWAY CO,,,,,NYSE,
AMX,AMERICA MOVIL SAB DE CV/,,,,,NYSE,
NWG,NatWest Group plc,,,,,NYSE,
MFC,MANULIFE FINANCIAL CORP,,,,,NYSE,
AEM,AGNICO EAGLE MINES LTD,,,,,NYSE,
APO,"Apollo Global Management, Inc.",,,,,NYSE,
DLR,"DIGITAL REALTY TRUST, INC.",,,,,NYSE,
NU,Nu Holdings Ltd.,,,,,NYSE,
RACE,Ferrari N.V.,,,,,NYSE,
DB,DEUTSCHE BANK AKTIENGESELLSCHAFT,,,,,NYSE,
ALL,ALLSTATE CORP,,,,,NYSE,
VALE,Vale S.A.,,,,,NYSE,
CRH,CRH PUBLIC LTD CO,,,,,NYSE,
TFC,TRUIST FINANCIAL CORP,,,,,NYSE,
MET,METLIFE INC,,,,,NYSE,
RELX,RELX PLC,,,,,NYSE,
COR,"Cencora, Inc.",,,,,NYSE,
PSA,Public Storage,,,,,NYSE,
TEL,TE Connectivity plc,,,,,NYSE,
GRMN,GARMIN LTD,,,,,NYSE,
OKE,ONEOK INC /NEW/,,,,,NYSE,
CVE,CENOVUS ENERGY INC.,,,,,NYSE,
TAK,TAKEDA PHARMACEUTICAL CO LTD,,,,,NYSE,
MT,ArcelorMittal,,,,,NYSE,
NDAQ,"NASDAQ, INC.",,,,,Nasdaq,
FITB,FIFTH THIRD BANCORP,,,,,NYSE,
STT,STATE STREET CORP,,,,,NYSE,
WPM,Wheaton Precious Metals Corp.,,,,,NYSE,
INFY,Infosys Ltd,,,,,NYSE,
DEO,DIAGEO PLC,,,,,NYSE,
PYPL,"PayPal Holdings, Inc.",,,,,Nasdaq,
AMP,AMERIPRISE FINANCIAL INC,,,,,NYSE,
CCEP,COCA-COLA EUROPACIFIC PARTNERS plc,,,,,Nasdaq,
UMC,UNITED MICROELECTRONICS CORP,,,,,NYSE,
ABEV,AMBEV S.A.,,,,,NYSE,
VTR,"Ventas, Inc.",,,,,NYSE,
STM,STMicroelectronics N.V.,,,,,NYSE,
VIK,Viking Holdings Ltd,,,,,NYSE,
SLF,SUN LIFE FINANCIAL INC,,,,,NYSE,
FERG,Ferguson Enterprises Inc. /DE/,,,,,NYSE,
TTWO,TAKE TWO INTERACTIVE SOFTWARE INC,,,,,Nasdaq,
HLN,Haleon plc,,,,,NYSE,
FMX,MEXICAN ECONOMIC DEVELOPMENT INC,,,,,NYSE,
TRI,THOMSON REUTERS CORP /CAN/,,,,,Nasdaq,
WCN,"Waste Connections, Inc.",,,,,NYSE,
FLEX,FLEX LTD.,,,,,Nasdaq,
CBRE,"CBRE GROUP, INC.",,,,,NYSE,
MSCI,MSCI Inc.,,,,,NYSE,
ARES,Ares Management Corp,,,,,NYSE,
KB,KB Financial Group Inc.,,,,,NYSE,
TEVA,TEVA PHARMACEUTICAL INDUSTRIES LTD,,,,,NYSE,
AU,AngloGold Ashanti PLC,,,,,NYSE,
CLS,CELESTICA INC,,,,,NYSE,
HIG,"HARTFORD INSURANCE GROUP, INC.",,,,,NYSE,
BBD,BANK BRADESCO,,,,,NYSE,
ESLT,ELBIT SYSTEMS LTD,,,,,Nasdaq,
PUK,PRUDENTIAL PLC,,,,,NYSE,
BIDU,"Baidu, Inc.",,,,,Nasdaq,
IRM,IRON MOUNTAIN INC,,,,,NYSE,
VOD,VODAFONE GROUP PUBLIC LTD CO,,,,,Nasdaq,
MTB,M&T BANK CORP,,,,,NYSE,
EC,ECOPETROL S.A.,,,,,NYSE,
HBAN,HUNTINGTON BANCSHARES INC /MD/,,,,,Nasdaq,
ACGL,ARCH CAPITAL GROUP LTD.,,,,,Nasdaq,
RJF,RAYMOND JAMES FINANCIAL INC,,,,,NYSE,
ALC,ALCON INC,,,,,NYSE,
CCI,CROWN CASTLE INC.,,,,,NYSE,
NTR,Nutrien Ltd.,,,,,NYSE,
CHT,CHUNGHWA TELECOM CO LTD,,,,,NYSE,
SHG,SHINHAN FINANCIAL GROUP CO LTD,,,,,NYSE,
ONC,BeOne Medicines Ltd.,,,,,Nasdaq,
EXR,Extra Space Storage Inc.,,,,,NYSE,
ERIC,ERICSSON LM TELEPHONE CO,,,,,Nasdaq,
BAP,CREDICORP LTD,,,,,NYSE,
WTW,WILLIS TOWERS WATSON PLC,,,,,Nasdaq,
RYAAY,RYANAIR HOLDINGS PLC,,,,,Nasdaq,
CFG,CITIZENS FINANCIAL GROUP INC/RI,,,,,NYSE,
TCOM,Trip.com Group Ltd,,,,,Nasdaq,
TECK,TECK RESOURCES LTD,,,,,NYSE,
CPNG,"Coupang, Inc.",,,,,NYSE,
FTS,Fortis Inc.,,,,,NYSE,
VICI,VICI PROPERTIES INC.,,,,,NYSE,
FISV,FISERV INC,,,,,Nasdaq,
PBA,PEMBINA PIPELINE CORP,,,,,NYSE,
LPLA,LPL Financial Holdings Inc.,,,,,Nasdaq,
NMR,NOMURA HOLDINGS INC,,,,,NYSE,
Q,"Qnity Electronics, Inc.",,,,,NYSE,
KGC,KINROSS GOLD CORP,,,,,NYSE,
CINF,CINCINNATI FINANCIAL CORP,,,,,Nasdaq,
WRB,BERKLEY W R CORP,,,,,NYSE,
AVB,AVALONBAY COMMUNITIES INC,,,,,NYSE,
SYM,Symbotic Inc.,,,,,Nasdaq,
TEAM,Atlassian Corp,,,,,Nasdaq,
PHG,KONINKLIJKE PHILIPS NV,,,,,NYSE,
NVT,nVent Electric plc,,,,,NYSE,
TSEM,TOWER SEMICONDUCTOR LTD,,,,,Nasdaq,
FCNCA,FIRST CITIZENS BANCSHARES INC /DE/,,,,,Nasdaq,
SYF,Synchrony Financial,,,,,NYSE,
ROIV,Roivant Sciences Ltd.,,,,,Nasdaq,
PFG,PRINCIPAL FINANCIAL GROUP INC,,,,,Nasdaq,
KEY,KEYCORP /NEW/,,,,,NYSE,
IHG,INTERCONTINENTAL HOTELS GROUP PLC /NEW/,,,,,NYSE,
SW,Smurfit Westrock plc,,,,,NYSE,
L,LOEWS CORP,,,,,NYSE,
AXIA,AXIA Energia S.A.,,,,,NYSE,
TROW,PRICE T ROWE GROUP INC,,,,,Nasdaq,
AER,AerCap Holdings N.V.,,,,,NYSE,
BRO,"BROWN & BROWN, INC.",,,,,NYSE,
MKL,MARKEL GROUP INC.,,,,,NYSE,
FFIV,"F5, INC.",,,,,Nasdaq,
BNTX,BioNTech SE,,,,,Nasdaq,
FWONA,Liberty Media Corp,,,,,Nasdaq,
NTRS,NORTHERN TRUST CORP,,,,,Nasdaq,
STE,STERIS plc,,,,,NYSE,
BSP,Bending Spoons S.p.A.,,,,,Nasdaq,
CIB,Grupo Cibest S.A.,,,,,NYSE,
HSAI,Hesai Group,,,,,Nasdaq,
SOFI,"SoFi Technologies, Inc.",,,,,Nasdaq,
BSBR,Banco Santander (Brasil) S.A.,,,,,NYSE,
FDXF,"FedEx Freight Holding Company, Inc.",,,,,NYSE,
BCH,BANK OF CHILE,,,,,NYSE,
AMCR,Amcor plc,,,,,NYSE,
YPF,YPF SOCIEDAD ANONIMA,,,,,NYSE,
RBA,RB GLOBAL INC.,,,,,NYSE,
BCE,BCE INC,,,,,NYSE,
ESS,"ESSEX PROPERTY TRUST, INC.",,,,,NYSE,
WIT,WIPRO LTD,,,,,NYSE,
SBS,COMPANHIA DE SANEAMENTO BASICO DO ESTADO DE SAO PAULO-SABESP,,,,,NYSE,
SBAC,SBA COMMUNICATIONS CORP,,,,,Nasdaq,
SQM,CHEMICAL & MINING CO OF CHILE INC,,,,,NYSE,
BEKE,KE Holdings Inc.,,,,,NYSE,
MGA,MAGNA INTERNATIONAL INC,,,,,NYSE,
SSNC,SS&C Technologies Holdings Inc,,,,,Nasdaq,
RCI,ROGERS COMMUNICATIONS INC,,,,,NYSE,
ZTO,ZTO Express (Cayman) Inc.,,,,,NYSE,
PAAS,PAN AMERICAN SILVER CORP,,,,,NYSE,
INIO,INNIO N.V.,,,,,Nasdaq,
EWBC,EAST WEST BANCORP INC,,,,,Nasdaq,
WY,WEYERHAEUSER CO,,,,,NYSE,
GMAB,GENMAB A/S,,,,,Nasdaq,
INVH,Invitation Homes Inc.,,,,,NYSE,
BEN,FRANKLIN RESOURCES INC,,,,,NYSE,
NLY,ANNALY CAPITAL MANAGEMENT INC,,,,,NYSE,
KSPI,Joint Stock Co Kaspi.kz,,,,,Nasdaq,
WF,WOORI FINANCIAL GROUP INC.,,,,,NYSE,
WPC,W. P. Carey Inc.,,,,,NYSE,
TPG,TPG Inc.,,,,,Nasdaq,
JLL,JONES LANG LASALLE INC,,,,,NYSE,
CRCL,"Circle Internet Group, Inc.",,,,,NYSE,
EMA,EMERA INC,,,,,NYSE,
BSAC,BANCO SANTANDER CHILE,,,,,NYSE,
LAMR,LAMAR ADVERTISING CO/NEW,,,,,Nasdaq,
ASND,Ascendis Pharma A/S,,,,,Nasdaq,
PKX,POSCO HOLDINGS INC.,,,,,NYSE,
BEP,Brookfield Renewable Partners L.P.,,,,,NYSE,
TIGO,MILLICOM INTERNATIONAL CELLULAR SA,,,,,Nasdaq,
OHI,OMEGA HEALTHCARE INVESTORS INC,,,,,NYSE,
OWL,BLUE OWL CAPITAL INC.,,,,,NYSE,
PNFP,"Pinnacle Financial Partners, Inc.",,,,,NYSE,
JAZZ,Jazz Pharmaceuticals plc,,,,,Nasdaq,
SUI,SUN COMMUNITIES INC,,,,,NYSE,
RGA,REINSURANCE GROUP OF AMERICA INC,,,,,NYSE,
TME,Tencent Music Entertainment Group,,,,,NYSE,
KEP,KOREA ELECTRIC POWER CORP,,,,,NYSE,
JHX,James Hardie Industries plc,,,,,NYSE,
GIB,CGI INC,,,,,NYSE,
IESC,"IES Holdings, Inc.",,,,,Nasdaq,
TU,TELUS CORP,,,,,NYSE,
GFL,GFL Environmental Inc.,,,,,NYSE,
FUTU,Futu Holdings Ltd,,,,,Nasdaq,
MAIR,Madison Air Solutions Corp,,,,,NYSE,
LOGI,LOGITECH INTERNATIONAL S.A.,,,,,Nasdaq,
PHYS,Sprott Physical Gold Trust,,,,,NYSE,
EG,"EVEREST GROUP, LTD.",,,,,NYSE,
GL,GLOBE LIFE INC.,,,,,NYSE,
CRBG,"Corebridge Financial, Inc.",,,,,NYSE,
GRAB,Grab Holdings Ltd,,,,,Nasdaq,
DTM,"DT Midstream, Inc.",,,,,NYSE,
AEG,AEGON LTD.,,,,,NYSE,
UDR,"UDR, Inc.",,,,,NYSE,
FNF,"Fidelity National Financial, Inc.",,,,,NYSE,
FMS,Fresenius Medical Care AG,,,,,NYSE,
UNM,Unum Group,,,,,NYSE,
PS,PERSHING SQUARE INC.,,,,,NYSE,
LULU,lululemon athletica inc.,,,,,Nasdaq,
ARCC,ARES CAPITAL CORP,,,,,Nasdaq,
QNT,Quantinuum Inc.,,,,,Nasdaq,
IREN,IREN Ltd,,,,,Nasdaq,
RNR,RENAISSANCERE HOLDINGS LTD,,,,,NYSE,
ALLE,Allegion plc,,,,,NYSE,
LI,Li Auto Inc.,,,,,Nasdaq,
SNN,SMITH & NEPHEW PLC,,,,,NYSE,
ALLY,Ally Financial Inc.,,,,,NYSE,
EQH,"Equitable Holdings, Inc.",,,,,NYSE,
HTHT,H World Group Ltd,,,,,Nasdaq,
CHKP,CHECK POINT SOFTWARE TECHNOLOGIES LTD,,,,,Nasdaq,
ELS,EQUITY LIFESTYLE PROPERTIES INC,,,,,NYSE,
IVZ,Invesco Ltd.,,,,,NYSE,
GLPI,"Gaming & Leisure Properties, Inc.",,,,,Nasdaq,
PAC,Pacific Airport Group,,,,,NYSE,
ICLR,ICON PLC,,,,,Nasdaq,
CNH,CNH Industrial N.V.,,,,,NYSE,
NVMI,NOVA LTD.,,,,,Nasdaq,
VIRT,"Virtu Financial, Inc.",,,,,NYSE,
BXP,"BXP, Inc.",,,,,NYSE,
SF,STIFEL FINANCIAL CORP,,,,,NYSE,
WBS,WEBSTER FINANCIAL CORP,,,,,NYSE,
AGNC,AGNC Investment Corp.,,,,,Nasdaq,
XPEV,XPENG INC.,,,,,NYSE,
HUT,Hut 8 Corp.,,,,,Nasdaq,
ERIE,ERIE INDEMNITY CO,,,,,Nasdaq,
SEIC,SEI INVESTMENTS CO,,,,,Nasdaq,
ONON,On Holding AG,,,,,NYSE,
EMBJ,EMBRAER S.A.,,,,,NYSE,
DRS,"Leonardo DRS, Inc.",,,,,Nasdaq,
SKM,SK TELECOM CO LTD,,,,,NYSE,
APTV,Aptiv PLC,,,,,NYSE,
PSLV,Sprott Physical Silver Trust,,,,,NYSE,
RYAN,"RYAN SPECIALTY HOLDINGS, INC.",,,,,NYSE,
ENLT,Enlight Renewable Energy Ltd.,,,,,Nasdaq,
BNT,Brookfield Wealth Solutions Ltd.,,,,,NYSE,
WSE,Wise Group plc,,,,,Nasdaq,
RTO,RENTOKIL INITIAL PLC /FI,,,,,NYSE,
AGI,ALAMOS GOLD INC,,,,,NYSE,
CSGP,"COSTAR GROUP, INC.",,,,,Nasdaq,
AHR,"American Healthcare REIT, Inc.",,,,,NYSE,
EGP,EASTGROUP PROPERTIES INC,,,,,NYSE,
BPOP,"POPULAR, INC.",,,,,Nasdaq,
JEF,Jefferies Financial Group Inc.,,,,,NYSE,
TFII,TFI International Inc.,,,,,NYSE,
UMBF,UMB FINANCIAL CORP,,,,,Nasdaq,
FRT,FEDERAL REALTY INVESTMENT TRUST,,,,,NYSE,
WTFC,WINTRUST FINANCIAL CORP,,,,,Nasdaq,
LGN,Legence Corp.,,,,,Nasdaq,
ABVX,Abivax S.A.,,,,,Nasdaq,
LINE,"Lineage, Inc.",,,,,Nasdaq,
SUZ,Suzano S.A.,,,,,NYSE,
CFR,"CULLEN/FROST BANKERS, INC.",,,,,NYSE,
PNR,PENTAIR plc,,,,,NYSE,
GIL,Gildan Activewear Inc.,,,,,NYSE,
PAYP,PayPay Corp,,,,,Nasdaq,
BMNR,"BITMINE IMMERSION TECHNOLOGIES, INC.",,,,,NYSE,
SSB,SouthState Bank Corp,,,,,NYSE,
ZION,"ZIONS BANCORPORATION, NATIONAL ASSOCIATION /UT/",,,,,Nasdaq,
PSO,PEARSON PLC,,,,,NYSE,
ONB,OLD NATIONAL BANCORP /IN/,,,,,Nasdaq,
HBM,Hudbay Minerals Inc.,,,,,NYSE,
PRI,"Primerica, Inc.",,,,,NYSE,
YMM,Full Truck Alliance Co. Ltd.,,,,,NYSE,
CTRE,"CareTrust REIT, Inc.",,,,,NYSE,
RDY,DR REDDYS LABORATORIES LTD,,,,,NYSE,
FRHC,Freedom Holding Corp.,,,,,Nasdaq,
BRX,Brixmor Property Group Inc.,,,,,NYSE,
SOLS,Solstice Advanced Materials Inc.,,,,,Nasdaq,
SAIL,"SailPoint, Inc.",,,,,Nasdaq,
CIFR,Cipher Digital Inc.,,,,,Nasdaq,
ADC,AGREE REALTY CORP,,,,,NYSE,
FDS,FACTSET RESEARCH SYSTEMS INC,,,,,NYSE,
SNEX,StoneX Group Inc.,,,,,Nasdaq,
TIMB,TIM S.A.,,,,,NYSE,
VOYA,"Voya Financial, Inc.",,,,,NYSE,
NNN,"NNN REIT, INC.",,,,,NYSE,
SIMO,Silicon Motion Technology CORP,,,,,Nasdaq,
ALV,AUTOLIV INC,,,,,NYSE,
FR,FIRST INDUSTRIAL REALTY TRUST INC,,,,,NYSE,
PB,PROSPERITY BANCSHARES INC,,,,,NYSE,
WULF,TERAWULF INC.,,,,,Nasdaq,
CHYM,"Chime Financial, Inc.",,,,,Nasdaq,
FCFS,"FirstCash Holdings, Inc.",,,,,Nasdaq,
COLB,"COLUMBIA BANKING SYSTEM, INC.",,,,,Nasdaq,
XP,XP Inc.,,,,,Nasdaq,
WAL,WESTERN ALLIANCE BANCORPORATION,,,,,NYSE,
FRO,Frontline plc,,,,,NYSE,
LNC,LINCOLN NATIONAL CORP,,,,,NYSE,
HLI,"HOULIHAN LOKEY, INC.",,,,,NYSE,
ELPC,ENERGY CO OF PARANA,,,,,NYSE,
REXR,"Rexford Industrial Realty, Inc.",,,,,NYSE,
KT,KT CORP,,,,,NYSE,
BOKF,BOK FINANCIAL CORP,,,,,Nasdaq,
CBSH,COMMERCE BANCSHARES INC /MO/,,,,,Nasdaq,
GGAL,GRUPO FINANCIERO GALICIA SA,,,,,Nasdaq,
JXN,Jackson Financial Inc.,,,,,NYSE,
RHP,"Ryman Hospitality Properties, Inc.",,,,,NYSE,
CAE,CAE INC,,,,,Nasdaq,
GLXY,Galaxy Digital Inc.,,,,,Nasdaq,
PRMB,Primo Brands Corp,,,,,NYSE,
ALKS,Alkermes plc.,,,,,Nasdaq,
KNSL,"Kinsale Capital Group, Inc.",,,,,NYSE,
THG,"HANOVER INSURANCE GROUP, INC.",,,,,NYSE,
STN,STANTEC INC,,,,,NYSE,
EGO,ELDORADO GOLD CORP /FI,,,,,NYSE,
BILI,Bilibili Inc.,,,,,Nasdaq,
MAC,MACERICH CO,,,,,NYSE,
VLY,VALLEY NATIONAL BANCORP,,,,,Nasdaq,
VIST,"Vista Energy, S.A.B. de C.V.",,,,,NYSE,
CBC,"Central Bancompany, Inc.",,,,,Nasdaq,
MAAS,Maase Inc.,,,,,Nasdaq,
SOBO,South Bow Corp,,,,,NYSE,
AXS,AXIS CAPITAL HOLDINGS LTD,,,,,NYSE,
FAF,First American Financial Corp,,,,,NYSE,
TRNO,Terreno Realty Corp,,,,,NYSE,
DBX,"DROPBOX, INC.",,,,,Nasdaq,
STAG,"STAG Industrial, Inc.",,,,,NYSE,
AG,FIRST MAJESTIC SILVER CORP,,,,,NYSE,
RAL,Ralliant Corp,,,,,NYSE,
HR,Healthcare Realty Trust Inc,,,,,NYSE,
PDI,PIMCO Dynamic Income Fund,,,,,NYSE,
VIPS,Vipshop Holdings Ltd,,,,,NYSE,
PL,Planet Labs PBC,,,,,NYSE,
VFS,VinFast Auto Ltd.,,,,,Nasdaq,
MORN,"Morningstar, Inc.",,,,,Nasdaq,
OMF,"OneMain Holdings, Inc.",,,,,NYSE,
KLAR,Klarna Group plc,,,,,NYSE,
BIRK,Birkenstock Holding plc,,,,,NYSE,
EQX,Equinox Gold Corp.,,,,,NYSE,
SGHC,Super Group (SGHC) Ltd,,,,,NYSE,
VSXY,Victoria's Secret & Co.,,,,,NYSE,
PJT,PJT Partners Inc.,,,,,NYSE,
QMMM,QMMM Holdings Ltd,,,,,Nasdaq,
DPC,DPC Holdings Ltd,,,,,NYSE,
EPRT,"ESSENTIAL PROPERTIES REALTY TRUST, INC.",,,,,NYSE,
RYTM,"RHYTHM PHARMACEUTICALS, INC.",,,,,Nasdaq,
NE,Noble Corp plc,,,,,NYSE,
FNB,FNB CORP/PA/,,,,,NYSE,
POOL,POOL CORP,,,,,Nasdaq,
GLBE,Global-E Online Ltd.,,,,,Nasdaq,
ACT,"Enact Holdings, Inc.",,,,,Nasdaq,
UBSI,UNITED BANKSHARES INC/WV,,,,,Nasdaq,
ECG,"Everus Construction Group, Inc.",,,,,NYSE,
GDS,GDS Holdings Ltd,,,,,Nasdaq,
FSV,FirstService Corp,,,,,Nasdaq,
MBGL,Mobility Global Inc.,,,,,NYSE,
DSGX,DESCARTES SYSTEMS GROUP INC,,,,,Nasdaq,
IFS,Intercorp Financial Services Inc.,,,,,NYSE,
GBCI,"GLACIER BANCORP, INC.",,,,,NYSE,
JAN,"Janus Living, Inc.",,,,,NYSE,
SBSW,Sibanye Stillwater Ltd,,,,,NYSE,
ENVA,"Enova International, Inc.",,,,,NYSE,
CAMT,CAMTEK LTD,,,,,Nasdaq,
AVAL,Grupo Aval Acciones Y Valores S.A.,,,,,NYSE,
HOMB,HOME BANCSHARES INC,,,,,NYSE,
HWC,HANCOCK WHITNEY CORP,,,,,Nasdaq,
VCTR,"Victory Capital Holdings, Inc.",,,,,Nasdaq,
ENIC,Enel Chile S.A.,,,,,NYSE,
BBUC,Brookfield Business Corp,,,,,NYSE,
MTG,MGIC INVESTMENT CORP,,,,,NYSE,
XENE,Xenon Pharmaceuticals Inc.,,,,,Nasdaq,
ESNT,Essent Group Ltd.,,,,,NYSE,
OTEX,OPEN TEXT CORP,,,,,Nasdaq,
STWD,"STARWOOD PROPERTY TRUST, INC.",,,,,NYSE,
NXE,NexGen Energy Ltd.,,,,,NYSE,
MWH,"SOLV Energy, Inc.",,,,,Nasdaq,
AUB,Atlantic Union Bankshares Corp,,,,,NYSE,
PECO,"Phillips Edison & Company, Inc.",,,,,Nasdaq,
BLCO,Bausch & Lomb Corp,,,,,NYSE,
FLG,"FLAGSTAR BANK, NATIONAL ASSOCIATION",,,,,NYSE,
TFPM,Triple Flag Precious Metals Corp.,,,,,NYSE,
CACC,CREDIT ACCEPTANCE CORP,,,,,Nasdaq,
HLNE,Hamilton Lane INC,,,,,Nasdaq,
BMA,Macro Bank Inc.,,,,,NYSE,
KGS,"Kodiak Gas Services, Inc.",,,,,NYSE,
LSTR,LANDSTAR SYSTEM INC,,,,,Nasdaq,
ABCB,Ameris Bancorp,,,,,NYSE,
KNSA,"Kiniksa Pharmaceuticals International, plc",,,,,Nasdaq,
NICE,NICE Ltd.,,,,,Nasdaq,
ASB,ASSOCIATED BANC-CORP,,,,,NYSE,
DFTX,"Definium Therapeutics, Inc.",,,,,Nasdaq,
CPA,"Copa Holdings, S.A.",,,,,NYSE,
GTX,Garrett Motion Inc.,,,,,Nasdaq,
MKTX,MARKETAXESS HOLDINGS INC,,,,,Nasdaq,
AX,"Axos Financial, Inc.",,,,,NYSE,
POR,PORTLAND GENERAL ELECTRIC CO /OR/,,,,,NYSE,
SIGI,SELECTIVE INSURANCE GROUP INC,,,,,Nasdaq,
RLI,RLI CORP,,,,,NYSE,
OUT,OUTFRONT Media Inc.,,,,,NYSE,
FIGR,"Figure Technology Solutions, Inc.",,,,,Nasdaq,
OR,OR Royalties Inc.,,,,,NYSE,
STEP,StepStone Group Inc.,,,,,Nasdaq,
OZK,Bank OZK,,,,,Nasdaq,
BGC,"BGC Group, Inc.",,,,,Nasdaq,
VAL,Valaris Ltd,,,,,NYSE,
RITM,Rithm Capital Corp.,,,,,NYSE,
STVN,Stevanato Group S.p.A.,,,,,NYSE,
AMTM,"Amentum Holdings, Inc.",,,,,NYSE,
OGC,OceanaGold Corp,,,,,NYSE,
ZETA,Zeta Global Holdings Corp.,,,,,NYSE,
BXSL,Blackstone Secured Lending Fund,,,,,NYSE,
SBRA,"Sabra Health Care REIT, Inc.",,,,,Nasdaq,
MMYT,MakeMyTrip Ltd,,,,,Nasdaq,
OBDC,Blue Owl Capital Corp,,,,,NYSE,
SSRM,SSR MINING INC.,,,,,Nasdaq,
GRFS,Grifols SA,,,,,Nasdaq,
EBC,"Eastern Bankshares, Inc.",,,,,Nasdaq,
ANDG,Andersen Group Inc.,,,,,NYSE,
WTM,WHITE MOUNTAINS INSURANCE GROUP LTD,,,,,NYSE,
CUZ,COUSINS PROPERTIES INC,,,,,NYSE,
ALH,Alliance Laundry Holdings Inc.,,,,,NYSE,
SEZL,Sezzle Inc.,,,,,Nasdaq,
OMAB,Central North Airport Group,,,,,Nasdaq,
TFSL,TFS Financial CORP,,,,,Nasdaq,
PIPR,PIPER SANDLER COMPANIES,,,,,NYSE,
WFG,"WEST FRASER TIMBER CO., LTD",,,,,NYSE,
FFIN,FIRST FINANCIAL BANKSHARES INC,,,,,Nasdaq,
MAIN,Main Street Capital CORP,,,,,NYSE,
BB,BLACKBERRY Ltd,,,,,NYSE,
CIGI,Colliers International Group Inc.,,,,,Nasdaq,
TBBB,BBB FOODS INC,,,,,NYSE,
GLNG,GOLAR LNG LTD,,,,,Nasdaq,
XE,"X-Energy, Inc.",,,,,Nasdaq,
MC,Moelis & Co,,,,,NYSE,
MDA,MDA Space Ltd.,,,,,NYSE,
SLM,SLM Corp,,,,,Nasdaq,
OCTV,Octave Intelligence plc,,,,,Nasdaq,
SFBS,"ServisFirst Bancshares, Inc.",,,,,NYSE,
SKT,TANGER INC.,,,,,NYSE,
NNI,NELNET INC,,,,,NYSE,
HASI,"HA Sustainable Infrastructure Capital, Inc.",,,,,NYSE,
TGS,GAS TRANSPORTER OF THE SOUTH INC,,,,,NYSE,
KLIC,KULICKE & SOFFA INDUSTRIES INC,,,,,Nasdaq,
ATAT,Atour Lifestyle Holdings Ltd,,,,,Nasdaq,
IBOC,INTERNATIONAL BANCSHARES CORP,,,,,Nasdaq,
EQPT,EquipmentShare.com Inc,,,,,Nasdaq,
EPR,EPR PROPERTIES,,,,,NYSE,
PAM,Pampa Energy Inc.,,,,,NYSE,
CRSP,CRISPR Therapeutics AG,,,,,Nasdaq,
CMBT,CMB.TECH NV,,,,,NYSE,
INDV,"Indivior Pharmaceuticals, Inc.",,,,,Nasdaq,
TKC,TURKCELL ILETISIM HIZMETLERI A S,,,,,NYSE,
FULT,FULTON FINANCIAL CORP,,,,,Nasdaq,
PTRN,Pattern Group Inc.,,,,,Nasdaq,
MRP,"Millrose Properties, Inc.",,,,,NYSE,
AUGO,Aura Minerals Inc.,,,,,Nasdaq,
OTF,Blue Owl Technology Finance Corp.,,,,,NYSE,
KRC,KILROY REALTY CORP,,,,,NYSE,
DOO,BRP Inc.,,,,,Nasdaq,
FHI,"FEDERATED HERMES, INC.",,,,,NYSE,
AQN,ALGONQUIN POWER & UTILITIES CORP.,,,,,NYSE,
MIAX,"MIAMI INTERNATIONAL HOLDINGS, INC.",,,,,NYSE,
DLO,dLocal Ltd,,,,,Nasdaq,
LIVN,LivaNova PLC,,,,,Nasdaq,
MARA,"MARA Holdings, Inc.",,,,,Nasdaq,
FBP,FIRST BANCORP /PR/,,,,,NYSE,
CDP,COPT DEFENSE PROPERTIES,,,,,NYSE,
SIM,"GRUPO SIMEC, S.A.B. de C.V.",,,,,NYSE,
SRAD,Sportradar Group AG,,,,,Nasdaq,
BFH,"BREAD FINANCIAL HOLDINGS, INC.",,,,,NYSE,
WPP,WPP plc,,,,,NYSE,
MEOH,METHANEX CORP,,,,,Nasdaq,
TCBI,TEXAS CAPITAL BANCSHARES INC/TX,,,,,Nasdaq,
BNL,"Broadstone Net Lease, Inc.",,,,,NYSE,
UCB,UNITED COMMUNITY BANKS INC,,,,,NYSE,
CAAP,CORPORACION AMERICA AIRPORTS S.A.,,,,,NYSE,
OPLN,"OPENLANE, Inc.",,,,,NYSE,
CATY,CATHAY GENERAL BANCORP,,,,,Nasdaq,
KNF,Knife River Corp,,,,,NYSE,
SITE,"SiteOne Landscape Supply, Inc.",,,,,NYSE,
WSFS,WSFS FINANCIAL CORP,,,,,Nasdaq,
LAZ,"Lazard, Inc.",,,,,NYSE,
DNP,DNP SELECT INCOME FUND INC,,,,,NYSE,
COLD,AMERICOLD REALTY TRUST,,,,,NYSE,
SLG,SL GREEN REALTY CORP,,,,,NYSE,
CNR,"Core Natural Resources, Inc.",,,,,NYSE,
IRT,"INDEPENDENCE REALTY TRUST, INC.",,,,,NYSE,
INDB,INDEPENDENT BANK CORP,,,,,Nasdaq,
WSBC,WESBANCO INC,,,,,Nasdaq,
EXTR,EXTREME NETWORKS INC,,,,,Nasdaq,
RNST,RENASANT CORP,,,,,NYSE,
ZGN,Ermenegildo Zegna N.V.,,,,,NYSE,
CVBF,CVB FINANCIAL CORP,,,,,Nasdaq,
HGTY,"Hagerty, Inc.",,,,,NYSE,
APLE,"Apple Hospitality REIT, Inc.",,,,,NYSE,
BBAR,Banco BBVA Argentina S.A.,,,,,NYSE,
MNSO,MINISO Group Holding Ltd,,,,,NYSE,
PFSI,"PennyMac Financial Services, Inc.",,,,,NYSE,
IRTC,"iRhythm Holdings, Inc.",,,,,Nasdaq,
STNG,Scorpio Tankers Inc.,,,,,NYSE,
HAFN,Hafnia Ltd,,,,,NYSE,
HAE,HAEMONETICS CORP,,,,,NYSE,
HHH,Howard Hughes Holdings Inc.,,,,,NYSE,
FG,"F&G Annuities & Life, Inc.",,,,,NYSE,
GPGI,"GPGI, Inc.",,,,,NYSE,
LMND,"Lemonade, Inc.",,,,,NYSE,
FRMI,Fermi Inc.,,,,,Nasdaq,
BANF,BANCFIRST CORP /OK/,,,,,Nasdaq,
GNW,GENWORTH FINANCIAL INC,,,,,NYSE,
BULL,Webull Corp,,,,,Nasdaq,
DOCS,"Doximity, Inc.",,,,,NYSE,
CSTM,CONSTELLIUM SE,,,,,NYSE,
PRK,PARK NATIONAL CORP /OH/,,,,,NYSE,
NMRK,"NEWMARK GROUP, INC.",,,,,Nasdaq,
MCHB,Mechanics Bancorp,,,,,Nasdaq,
JOYY,JOYY Inc.,,,,,Nasdaq,
FIBK,FIRST INTERSTATE BANCSYSTEM INC,,,,,Nasdaq,
OPEN,Opendoor Technologies Inc.,,,,,Nasdaq,
MNDY,monday.com Ltd.,,,,,Nasdaq,
CLBT,Cellebrite DI Ltd.,,,,,Nasdaq,
VEON,VEON Ltd.,,,,,Nasdaq,
AKO-A,ANDINA BOTTLING CO INC,,,,,NYSE,
LBTYA,Liberty Global Ltd.,,,,,Nasdaq,
BHF,"Brighthouse Financial, Inc.",,,,,Nasdaq,
NIC,NICOLET BANKSHARES INC,,,,,NYSE,
PLMR,"Palomar Holdings, Inc.",,,,,Nasdaq,
LXP,LXP Industrial Trust,,,,,NYSE,
HG,"Hamilton Insurance Group, Ltd.",,,,,NYSE,
FFBC,FIRST FINANCIAL BANCORP /OH/,,,,,Nasdaq,
ORLA,Orla Mining Ltd.,,,,,NYSE,
UTG,REAVES UTILITY INCOME FUND,,,,,NYSE,
CURB,Curbline Properties Corp.,,,,,NYSE,
JOE,ST JOE Co,,,,,NYSE,
PONY,Pony AI Inc.,,,,,Nasdaq,
CGAU,Centerra Gold Inc.,,,,,NYSE,
BWLP,BW LPG Ltd,,,,,NYSE,
SFNC,SIMMONS FIRST NATIONAL CORP,,,,,Nasdaq,
CBU,"COMMUNITY FINANCIAL SYSTEM, INC.",,,,,NYSE,
FHB,"FIRST HAWAIIAN, INC.",,,,,Nasdaq,
SBCF,SEACOAST BANKING CORP OF FLORIDA,,,,,Nasdaq,
TLX,Telix Pharmaceuticals Ltd,,,,,Nasdaq,
NMIH,"NMI Holdings, Inc.",,,,,Nasdaq,
BKU,"BankUnited, Inc.",,,,,NYSE,
NIQ,NIQ Global Intelligence plc,,,,,NYSE,
CALY,Callaway Golf Co,,,,,NYSE,
AVNT,AVIENT CORP,,,,,NYSE,
GBDC,"GOLUB CAPITAL BDC, Inc.",,,,,Nasdaq,
SKE,Skeena Resources Ltd,,,,,NYSE,
BLSH,Bullish,,,,,NYSE,
KC,Kingsoft Cloud Holdings Ltd,,,,,Nasdaq,
AKR,ACADIA REALTY TRUST,,,,,NYSE,
CHRN,ChronoScale Holdings Corp,,,,,Nasdaq,
CSQ,CALAMOS STRATEGIC TOTAL RETURN FUND,,,,,Nasdaq,
XNDU,Xanadu Quantum Technologies Ltd,,,,,Nasdaq,
VTMX,"Vesta Real Estate Corporation, S.A.B. de C.V.",,,,,NYSE,
ALM,Almonty Industries Inc.,,,,,Nasdaq,
EXPO,EXPONENT INC,,,,,Nasdaq,
SBLK,Star Bulk Carriers Corp.,,,,,Nasdaq,
CSAN,Cosan S.A.,,,,,NYSE,
CWK,Cushman & Wakefield Ltd.,,,,,NYSE,
BSM,"Black Stone Minerals, L.P.",,,,,NYSE,
BOH,BANK OF HAWAII CORP,,,,,NYSE,
CSQR,"Csquare, Inc.",,,,,NYSE,
DX,DYNEX CAPITAL INC,,,,,NYSE,
KYIV,Kyivstar Group Ltd.,,,,,Nasdaq,
TRMD,TORM plc,,,,,Nasdaq,
FBK,FB Financial Corp,,,,,NYSE,
AAMI,Acadian Asset Management Inc.,,,,,NYSE,
HTGC,"Hercules Capital, Inc.",,,,,NYSE,
CRVL,CORVEL CORP,,,,,Nasdaq,
GRND,Grindr Inc.,,,,,NYSE,
PK,Park Hotels & Resorts Inc.,,,,,NYSE,
ZIM,ZIM Integrated Shipping Services Ltd.,,,,,NYSE,
UE,Urban Edge Properties,,,,,NYSE,
BANC,"BANC OF CALIFORNIA, INC.",,,,,NYSE,
LPL,"LG Display Co., Ltd.",,,,,NYSE,
WT,"WisdomTree, Inc.",,,,,NYSE,
GSHD,"Goosehead Insurance, Inc.",,,,,Nasdaq,
FSK,FS KKR Capital Corp,,,,,NYSE,
VGNT,Versigent PLC,,,,,NYSE,
CXW,"CoreCivic, Inc.",,,,,NYSE,
DBRG,"DigitalBridge Group, Inc.",,,,,NYSE,
UWMC,UWM Holdings Corp,,,,,NYSE,
JPC,Nuveen Preferred & Income Opportunities Fund,,,,,NYSE,
TTAM,Titan America SA,,,,,NYSE,
BGSI,Boyd Group Services Inc.,,,,,NYSE,
AYA,Aya Gold & Silver Inc.,,,,,Nasdaq,
ETOR,eToro Group Ltd.,,,,,Nasdaq,
TBBK,"Bancorp, Inc.",,,,,Nasdaq,
AMBP,Ardagh Metal Packaging S.A.,,,,,NYSE,
EROC,"ERock, Inc.",,,,,NYSE,
SDRL,SEADRILL Ltd,,,,,NYSE,
SA,SEABRIDGE GOLD INC,,,,,NYSE,
ERO,Ero Copper Corp.,,,,,NYSE,
APAM,Artisan Partners Asset Management Inc.,,,,,NYSE,
FCPT,"Four Corners Property Trust, Inc.",,,,,NYSE,
ARIS,Aris Mining Corp,,,,,NYSE,
EEFT,"EURONET WORLDWIDE, INC.",,,,,Nasdaq,
IHS,IHS Holding Ltd,,,,,NYSE,
TRMK,TRUSTMARK CORP,,,,,Nasdaq,
IVT,InvenTrust Properties Corp.,,,,,NYSE,
TNK,TEEKAY TANKERS LTD.,,,,,NYSE,
ESTA,ESTABLISHMENT LABS HOLDINGS INC.,,,,,Nasdaq,
MPT,MEDICAL PROPERTIES TRUST INC,,,,,NYSE,
STNE,StoneCo Ltd.,,,,,Nasdaq,
NBTB,NBT BANCORP INC,,,,,Nasdaq,
SPNT,SiriusPoint Ltd,,,,,NYSE,
PHIN,PHINIA INC.,,,,,NYSE,
NAD,Nuveen Quality Municipal Income Fund,,,,,NYSE,
EFXT,Enerflex Ltd.,,,,,NYSE,
DRH,DiamondRock Hospitality Co,,,,,Nasdaq,
WAFD,WAFD INC,,,,,Nasdaq,
BWIN,"Baldwin Insurance Group, Inc.",,,,,Nasdaq,
PAGS,PagSeguro Digital Ltd.,,,,,NYSE,
FRME,FIRST MERCHANTS CORP,,,,,Nasdaq,
SII,SPROTT INC.,,,,,NYSE,
NVG,Nuveen AMT-Free Municipal Credit Income Fund,,,,,NYSE,
ATHM,Autohome Inc.,,,,,NYSE,
ATAI,AtaiBeckley Inc.,,,,,Nasdaq,
SYBT,"Stock Yards Bancorp, Inc.",,,,,Nasdaq,
CUBI,"Customers Bancorp, Inc.",,,,,NYSE,
UPST,"Upstart Holdings, Inc.",,,,,Nasdaq,
ATS,ATS Corp /ATS,,,,,NYSE,
IMAX,IMAX CORP,,,,,NYSE,
BBT,Beacon Financial Corp,,,,,NYSE,
FBNC,FIRST BANCORP /NC/,,,,,Nasdaq,
GDV,GABELLI DIVIDEND & INCOME TRUST,,,,,NYSE,
OSW,ONESPAWORLD HOLDINGS Ltd,,,,,Nasdaq,
BTDR,Bitdeer Technologies Group,,,,,Nasdaq,
ARX,Accelerant Holdings,,,,,NYSE,
NG,NOVAGOLD RESOURCES INC,,,,,NYSE,
BUSE,FIRST BUSEY CORP /NV/,,,,,Nasdaq,
BHC,Bausch Health Companies Inc.,,,,,NYSE,
DNN,DENISON MINES CORP.,,,,,NYSE,
FSM,FORTUNA MINING CORP.,,,,,NYSE,
SEDG,"SOLAREDGE TECHNOLOGIES, INC.",,,,,Nasdaq,
MBIN,Merchants Bancorp,,,,,Nasdaq,
NYAX,Nayax Ltd.,,,,,Nasdaq,
PTY,PIMCO CORPORATE & INCOME OPPORTUNITY FUND,,,,,NYSE,
INTR,"Inter & Co, Inc.",,,,,Nasdaq,
BXMT,"BLACKSTONE MORTGAGE TRUST, INC.",,,,,NYSE,
KYN,"Kayne Anderson Energy Infrastructure Fund, Inc.",,,,,NYSE,
KEEL,Keel Infrastructure Corp.,,,,,Nasdaq,
RLX,RLX Technology Inc.,,,,,NYSE,
AGM,FEDERAL AGRICULTURAL MORTGAGE CORP,,,,,NYSE,
SKWD,"Skyward Specialty Insurance Group, Inc.",,,,,Nasdaq,
NTB,Bank of N.T. Butterfield & Son Ltd,,,,,NYSE,
NZF,Nuveen Municipal Credit Income Fund,,,,,NYSE,
EFSC,ENTERPRISE FINANCIAL SERVICES CORP,,,,,Nasdaq,
BANR,BANNER CORP,,,,,Nasdaq,
DEI,Douglas Emmett Inc,,,,,NYSE,
EMAT,Evolution Metals & Technologies Corp.,,,,,Nasdaq,
UNIT,Uniti Group Inc.,,,,,Nasdaq,
ECO,Okeanis Eco Tankers Corp.,,,,,NYSE,
CMPR,CIMPRESS plc,,,,,Nasdaq,
SLDE,"Slide Insurance Holdings, Inc.",,,,,Nasdaq,
CTOS,"Custom Truck One Source, Inc.",,,,,NYSE,
ARR,"Armour Residential REIT, Inc.",,,,,NYSE,
NMM,Navios Maritime Partners L.P.,,,,,NYSE,
NWBI,"Northwest Bancshares, Inc.",,,,,Nasdaq,
WIX,Wix.com Ltd.,,,,,Nasdaq,
CEPU,CENTRAL PUERTO S.A.,,,,,NYSE,
AAUC,Allied Gold Corp,,,,,NYSE,
HCI,"HCI Group, Inc.",,,,,NYSE,
AERO,"Grupo Aeromexico, S.A.B. de C.V.",,,,,NYSE,
MLCO,Melco Resorts & Entertainment LTD,,,,,Nasdaq,
RNW,ReNew Energy Global plc,,,,,Nasdaq,
MNR,MACH NATURAL RESOURCES LP,,,,,NYSE,
HTH,Hilltop Holdings Inc.,,,,,NYSE,
EXK,ENDEAVOUR SILVER CORP,,,,,NYSE,
OFG,OFG BANCORP,,,,,NYSE,
HAPN,"Happen, Inc.",,,,,Nasdaq,
RVT,"ROYCE SMALL-CAP TRUST, INC.",,,,,NYSE,
HIMX,"Himax Technologies, Inc.",,,,,Nasdaq,
COAG,"Hemab Therapeutics Holdings, Inc.",,,,,Nasdaq,
CLM,"Cornerstone Strategic Investment Fund, Inc.",,,,,NYSE,
SHO,"Sunstone Hotel Investors, Inc.",,,,,NYSE,
HTFL,"Heartflow, Inc.",,,,,Nasdaq,
CDLR,Cadeler A/S,,,,,NYSE,
NMZ,NUVEEN MUNICIPAL HIGH INCOME OPPORTUNITY FUND,,,,,NYSE,
KLRA,"Kailera Therapeutics, Inc.",,,,,Nasdaq,
LCLN,"Lincoln International, Inc.",,,,,NYSE,
FCF,FIRST COMMONWEALTH FINANCIAL CORP /PA/,,,,,NYSE,
CHA,Chagee Holdings Ltd.,,,,,Nasdaq,
DHC,DIVERSIFIED HEALTHCARE TRUST,,,,,Nasdaq,
ATEN,"A10 Networks, Inc.",,,,,NYSE,
SRCE,1ST SOURCE CORP,,,,,Nasdaq,
PLGO,Pelagos Insurance Capital Ltd,,,,,NYSE,
PEB,Pebblebrook Hotel Trust,,,,,NYSE,
PSNY,Polestar Automotive Holding UK PLC,,,,,Nasdaq,
HMN,HORACE MANN EDUCATORS CORP /DE/,,,,,NYSE,
GTY,GETTY REALTY CORP /MD/,,,,,NYSE,
EVT,Eaton Vance Tax-Advantaged Dividend Income Fund,,,,,NYSE,
NTST,NETSTREIT Corp.,,,,,NYSE,
BXDC,Blackstone Digital Infrastructure Trust Inc.,,,,,NYSE,
MH,"McGraw Hill, Inc.",,,,,NYSE,
HAWK,"HawkEye 360, Inc.",,,,,NYSE,
STC,STEWART INFORMATION SERVICES CORP,,,,,NYSE,
PLBL,Polibeli Group Ltd,,,,,Nasdaq,
STGW,Stagwell Inc,,,,,Nasdaq,
ZLAB,Zai Lab Ltd,,,,,Nasdaq,
IQMX,IQM Quantum Computers Oyj,,,,,Nasdaq,
LTC,LTC PROPERTIES INC,,,,,NYSE,
SSMR,Sunshine Silver Mining & Refining Co,,,,,NYSE,
CHCO,CITY HOLDING CO,,,,,Nasdaq,
ECPG,ENCORE CAPITAL GROUP INC,,,,,Nasdaq,
DAO,"Youdao, Inc.",,,,,NYSE,
VNET,"VNET Group, Inc.",,,,,Nasdaq,
MBLY,Mobileye Global Inc.,,,,,Nasdaq,
XHR,"Xenia Hotels & Resorts, Inc.",,,,,NYSE,
KARO,Karooooo Ltd.,,,,,Nasdaq,
PIII,P3 Health Partners Inc.,,,,,Nasdaq,
TMC,TMC the metals Co Inc.,,,,,Nasdaq,
WB,WEIBO Corp,,,,,Nasdaq,
WU,Western Union CO,,,,,NYSE,
LOB,"Live Oak Bancshares, Inc.",,,,,NYSE,
BSTZ,BlackRock Science & Technology Term Trust,,,,,NYSE,
NBTX,Nanobiotix S.A.,,,,,Nasdaq,
RBCAA,REPUBLIC BANCORP INC /KY/,,,,,Nasdaq,
TSAT,Telesat Corp,,,,,Nasdaq,
GHRS,GH Research PLC,,,,,Nasdaq,
HCM,HUTCHMED (China) Ltd,,,,,Nasdaq,
TGLS,Tecnoglass Holdings Inc.,,,,,NYSE,
SIND,Sinda Ltd.,,,,,NYSE,
AUPH,Aurinia Pharmaceuticals Inc.,,,,,Nasdaq,
WRD,WeRide Inc.,,,,,Nasdaq,
NBHC,National Bank Holdings Corp,,,,,NYSE,
BFLY,"Butterfly Network, Inc.",,,,,NYSE,
GABC,"GERMAN AMERICAN BANCORP, INC.",,,,,Nasdaq,
FSUN,FIRSTSUN CAPITAL BANCORP,,,,,Nasdaq,
NUV,NUVEEN MUNICIPAL VALUE FUND INC,,,,,NYSE,
RLJ,RLJ Lodging Trust,,,,,NYSE,
STBA,S&T BANCORP INC,,,,,Nasdaq,
GENI,Genius Sports Ltd,,,,,NYSE,
PDO,PIMCO Dynamic Income Opportunities Fund,,,,,NYSE,
CMRE,Costamare Inc.,,,,,NYSE,
CASH,"PATHWARD FINANCIAL, INC.",,,,,Nasdaq,
TY,TRI-CONTINENTAL Corp,,,,,NYSE,
TCBK,TRICO BANCSHARES /,,,,,Nasdaq,
SMA,"SmartStop Self Storage REIT, Inc.",,,,,NYSE,
CTS,CTS CORP,,,,,NYSE,
EZPW,EZCORP INC,,,,,Nasdaq,
MESO,MESOBLAST LTD,,,,,Nasdaq,
GNL,"Global Net Lease, Inc.",,,,,NYSE,
CPRI,Capri Holdings Ltd,,,,,NYSE,
KARD,"Kardigan, Inc.",,,,,Nasdaq,
VET,VERMILION ENERGY INC.,,,,,NYSE,
TFIN,"Triumph Financial, Inc.",,,,,NYSE,
ETG,Eaton Vance Tax-Advantaged Global Dividend Income Fund,,,,,NYSE,
GENB,"Generate Biomedicines, Inc.",,,,,Nasdaq,
DCOM,"Dime Commercial Bancshares, Inc. /NY/",,,,,NYSE,
STEW,"SRH Total Return Fund, Inc.",,,,,NYSE,
LKFT,Lakefront Biotherapeutics NV,,,,,Nasdaq,
HOPE,HOPE BANCORP INC,,,,,Nasdaq,
DMRA,"Damora Therapeutics, Inc.",,,,,Nasdaq,
BVC,BitVentures Ltd,,,,,Nasdaq,
BY,"BYLINE BANCORP, INC.",,,,,NYSE,
NVCR,NovoCure Ltd,,,,,Nasdaq,
ALMR,"Alamar Biosciences, Inc.",,,,,Nasdaq,
BDJ,BlackRock Enhanced Equity Dividend Trust,,,,,NYSE,
ARCO,Arcos Dorados Holdings Inc.,,,,,NYSE,
PAX,Patria Investments Ltd,,,,,Nasdaq,
ETV,Eaton Vance Tax-Managed Buy-Write Opportunities Fund,,,,,NYSE,
IMCR,Immunocore Holdings plc,,,,,Nasdaq,
IIPR,INNOVATIVE INDUSTRIAL PROPERTIES INC,,,,,NYSE,
ABCL,AbCellera Biologics Inc.,,,,,Nasdaq,
RQI,COHEN & STEERS QUALITY INCOME REALTY FUND INC,,,,,NYSE,
PICS,PicS N.V.,,,,,Nasdaq,
NEXA,Nexa Resources S.A.,,,,,NYSE,
EFC,Ellington Financial Inc.,,,,,NYSE,
QFIN,"Qfin Holdings, Inc.",,,,,Nasdaq,
QCRH,QCR HOLDINGS INC,,,,,Nasdaq,
OBK,"Origin Bancorp, Inc.",,,,,NYSE,
OPRA,Opera Ltd,,,,,Nasdaq,
FLNG,Flex LNG Ltd.,,,,,NYSE,
BFC,Bank First Corp,,,,,Nasdaq,
KMPR,KEMPER Corp,,,,,NYSE,
OCFC,OCEANFIRST FINANCIAL CORP,,,,,Nasdaq,
SHAZ,SharonAI Holdings Inc.,,,,,Nasdaq,
PWP,Perella Weinberg Partners,,,,,Nasdaq,
IMOS,CHIPMOS TECHNOLOGIES INC,,,,,Nasdaq,
BCAT,BlackRock Capital Allocation Term Trust,,,,,NYSE,
CNOB,"ConnectOne Bancorp, Inc.",,,,,Nasdaq,
TSLX,"Sixth Street Specialty Lending, Inc.",,,,,NYSE,
TRLV,Trulieve Cannabis Corp.,,,,,NYSE,
GCT,GigaCloud Technology Inc,,,,,Nasdaq,
FORTY,FORMULA SYSTEMS (1985) LTD,,,,,Nasdaq,
ADNT,Adient plc,,,,,NYSE,
WBI,WaterBridge Infrastructure LLC,,,,,NYSE,
ATLC,Atlanticus Holdings Corp,,,,,Nasdaq,
ZYME,Zymeworks Inc.,,,,,Nasdaq,
AAPG,ASCENTAGE PHARMA GROUP INTERNATIONAL,,,,,Nasdaq,
TIC,"TIC Solutions, Inc.",,,,,NYSE,
AZUL,AZUL SA,,,,,NYSE,
PGY,Pagaya Technologies Ltd.,,,,,Nasdaq,
TRIN,Trinity Capital Inc.,,,,,NYSE,
AGL,"agilon health, inc.",,,,,NYSE,
GLOB,Globant S.A.,,,,,NYSE,
GAM,GENERAL AMERICAN INVESTORS CO INC,,,,,NYSE,
LKFN,LAKELAND FINANCIAL CORP,,,,,Nasdaq,
ESRT,"Empire State Realty Trust, Inc.",,,,,NYSE,
CMPS,COMPASS Pathways plc,,,,,Nasdaq,
SAFT,SAFETY INSURANCE GROUP INC,,,,,Nasdaq,
PLTK,Playtika Holding Corp.,,,,,Nasdaq,
XXI,"Twenty One Capital, Inc.",,,,,NYSE,
TV,"GRUPO TELEVISA, S.A.B.",,,,,NYSE,
PEBO,PEOPLES BANCORP INC,,,,,Nasdaq,
ECAT,BlackRock ESG Capital Allocation Term Trust,,,,,NYSE,
SLBT,SL Science Holding Ltd,,,,,Nasdaq,
BHRB,Burke & Herbert Financial Services Corp.,,,,,Nasdaq,
AMAL,Amalgamated Financial Corp.,,,,,Nasdaq,
CSWC,CAPITAL SOUTHWEST CORP,,,,,Nasdaq,
QQQX,Nuveen NASDAQ 100 Dynamic Overwrite Fund,,,,,Nasdaq,
IE,Ivanhoe Electric Inc.,,,,,NYSE,
XZO,"Exzeo Group, Inc.",,,,,NYSE,
BTT,BlackRock Municipal 2030 Target Term Trust,,,,,NYSE,
AGRO,Adecoagro S.A.,,,,,NYSE,
NFJ,"Virtus Dividend, Interest & Premium Strategy Fund",,,,,NYSE,
CTBI,COMMUNITY TRUST BANCORP INC /KY/,,,,,Nasdaq,
TMP,TOMPKINS FINANCIAL CORP,,,,,NYSE,
WLTH,WEALTHFRONT CORP,,,,,Nasdaq,
DMC,DEL MONTE CORP,,,,,NYSE,
PRGO,PERRIGO Co plc,,,,,NYSE,
FMBH,"FIRST MID BANCSHARES, INC.",,,,,Nasdaq,
WABC,WESTAMERICA BANCORPORATION,,,,,Nasdaq,
NVGS,Navigator Holdings Ltd.,,,,,NYSE,
LU,Lufax Holding Ltd,,,,,NYSE,
AHG,Akso Health Group,,,,,Nasdaq,
HYT,"BLACKROCK CORPORATE HIGH YIELD FUND, INC.",,,,,NYSE,
TBLA,Taboola.com Ltd.,,,,,Nasdaq,
CCEC,Capital Clean Energy Carriers Corp.,,,,,Nasdaq,
LOMA,Loma Negra Compania Industrial Argentina Sociedad Anonima,,,,,NYSE,
NXRT,"NexPoint Residential Trust, Inc.",,,,,NYSE,
ESBA,"Empire State Realty OP, L.P.",,,,,NYSE,
DOLE,Dole plc,,,,,NYSE,
MGRT,Mega Fortune Co Ltd,,,,,Nasdaq,
ALVO,Alvotech,,,,,Nasdaq,
UFCS,UNITED FIRE GROUP INC,,,,,Nasdaq,
ALX,ALEXANDERS INC,,,,,NYSE,
TOP,TOP Financial Group Ltd,,,,,Nasdaq,
HBT,"HBT Financial, Inc.",,,,,Nasdaq,
LSPD,Lightspeed Commerce Inc.,,,,,NYSE,
UROY,Uranium Royalty Corp.,,,,,Nasdaq,
IRS,IRSA INVESTMENTS & REPRESENTATIONS INC,,,,,NYSE,
AFYA,Afya Ltd,,,,,Nasdaq,
UMH,"UMH PROPERTIES, INC.",,,,,NYSE,
USAS,Americas Gold & Silver Corp,,,,,NYSE,
CLVT,CLARIVATE PLC,,,,,NYSE,
OSBC,OLD SECOND BANCORP INC,,,,,Nasdaq,
SBET,"Sharplink, Inc.",,,,,Nasdaq,
STDN,"Standard Nuclear, Inc.",,,,,NYSE,
HBNB,Hotel101 Global Holdings Corp.,,,,,Nasdaq,
TWO,TWO HARBORS INVESTMENT CORP.,,,,,NYSE,
CDNL,Cardinal Infrastructure Group Inc.,,,,,Nasdaq,
NBR,NABORS INDUSTRIES LTD,,,,,NYSE,
HLIT,HARMONIC INC.,,,,,Nasdaq,
SLSR,Solaris Resources Inc.,,,,,NYSE,
IQ,"iQIYI, Inc.",,,,,Nasdaq,
BORR,Borr Drilling Ltd,,,,,NYSE,
MSDL,Morgan Stanley Direct Lending Fund,,,,,NYSE,
WBTN,WEBTOON Entertainment Inc.,,,,,Nasdaq,
PFBC,Preferred Bank,,,,,Nasdaq,
JCAP,"Jefferson Capital, Inc. / DE",,,,,Nasdaq,
POET,POET TECHNOLOGIES INC.,,,,,Nasdaq,
DSL,DoubleLine Income Solutions Fund,,,,,NYSE,
UVSP,UNIVEST FINANCIAL Corp,,,,,Nasdaq,
UVE,"UNIVERSAL INSURANCE HOLDINGS, INC.",,,,,NYSE,
HFWA,HERITAGE FINANCIAL CORP /WA/,,,,,Nasdaq,
LADR,Ladder Capital Corp,,,,,NYSE,
BRUN,Boost Run Inc.,,,,,Nasdaq,
PDM,"Piedmont Realty Trust, Inc.",,,,,NYSE,
GOLD,"Gold.com, Inc.",,,,,NYSE,
IGIC,International General Insurance Holdings Ltd.,,,,,Nasdaq,
IMTX,Immatics N.V.,,,,,Nasdaq,
DFIN,"Donnelley Financial Solutions, Inc.",,,,,NYSE,
DEA,"Easterly Government Properties, Inc.",,,,,NYSE,
TE,T1 Energy Inc.,,,,,NYSE,
BRAI,Braiin Ltd,,,,,Nasdaq,
SAFE,Safehold Inc.,,,,,NYSE,
TBN,Tamboran Resources Corp,,,,,NYSE,
NBXG,Neuberger Next Generation Connectivity Fund Inc.,,,,,NYSE,
CNL,Collective Mining Ltd.,,,,,NYSE,
AMTB,Amerant Bancorp Inc.,,,,,NYSE,
FINV,FinVolution Group,,,,,NYSE,
OPY,OPPENHEIMER HOLDINGS INC,,,,,NYSE,
MCB,Metropolitan Bank Holding Corp.,,,,,NYSE,
GHM,GRAHAM CORP,,,,,NYSE,
AGBK,AGI Inc,,,,,NYSE,
EOS,Eaton Vance Enhanced Equity Income Fund II,,,,,NYSE,
NHP,"National Healthcare Properties, Inc.",,,,,Nasdaq,
EFOR,Everforth Inc,,,,,NYSE,
CLBK,"Columbia Financial, Inc./MD/",,,,,Nasdaq,
ESQ,"Esquire Financial Holdings, Inc.",,,,,Nasdaq,
VZLA,Vizsla Silver Corp.,,,,,NYSE,
LUXE,LuxExperience B.V.,,,,,NYSE,
SGML,Sigma Lithium Corp,,,,,Nasdaq,
ITRN,Ituran Location & Control Ltd.,,,,,Nasdaq,
RDWR,RADWARE LTD,,,,,Nasdaq,
CFFN,"Capitol Federal Financial, Inc.",,,,,Nasdaq,
WVE,Wave Life Sciences Ltd.,,,,,Nasdaq,
JBGS,JBG SMITH Properties,,,,,NYSE,
CRTO,Criteo S.A.,,,,,Nasdaq,
SPTX,"Seaport Therapeutics, Inc.",,,,,Nasdaq,
FPF,First Trust Intermediate Duration Preferred & Income Fund,,,,,NYSE,
DRTS,Alpha Tau Medical Ltd.,,,,,Nasdaq,
TRUP,"TRUPANION, INC.",,,,,Nasdaq,
PSEC,PROSPECT CAPITAL CORP,,,,,Nasdaq,
SIFY,SIFY TECHNOLOGIES LTD,,,,,Nasdaq,
MBC,"MasterBrand, Inc.",,,,,NYSE,
CRON,Cronos Group Inc.,,,,,Nasdaq,
HEPS,D-MARKET Electronic Services & Trading,,,,,Nasdaq,
IVA,Inventiva S.A.,,,,,Nasdaq,
HBNC,HORIZON BANCORP INC /IN/,,,,,Nasdaq,
EQBK,EQUITY BANCSHARES INC,,,,,NYSE,
SVC,Service Properties Trust,,,,,Nasdaq,
VRTS,"VIRTUS INVESTMENT PARTNERS, INC.",,,,,NYSE,
CCNE,CNB FINANCIAL CORP/PA,,,,,Nasdaq,
PTA,Cohen & Steers Tax-Advantaged Preferred Securities & Income Fund,,,,,NYSE,
BFST,"Business First Bancshares, Inc.",,,,,Nasdaq,
ETW,Eaton Vance Tax-Managed Global Buy-Write Opportunities Fund,,,,,NYSE,
CIM,CHIMERA INVESTMENT CORP,,,,,NYSE,
MBWM,MERCANTILE BANK CORP,,,,,Nasdaq,
RHLD,"Resolute Holdings Management, Inc.",,,,,NYSE,
EVC,ENTRAVISION COMMUNICATIONS CORP,,,,,NYSE,
TUYA,Tuya Inc.,,,,,NYSE,
CSIQ,Canadian Solar Inc.,,,,,Nasdaq,
OCSL,Oaktree Specialty Lending Corp,,,,,Nasdaq,
CPF,CENTRAL PACIFIC FINANCIAL CORP,,,,,NYSE,
ELVR,Elevra Lithium Ltd,,,,,Nasdaq,
TK,TEEKAY CORP LTD,,,,,NYSE,
AIIR,AIR Global PLC,,,,,Nasdaq,
AEBI,Aebi Schmidt Holding AG,,,,,Nasdaq,
MCBS,"MetroCity Bankshares, Inc.",,,,,Nasdaq,
CHI,CALAMOS CONVERTIBLE OPPORTUNITIES & INCOME FUND,,,,,Nasdaq,
FSBC,FIVE STAR BANCORP,,,,,Nasdaq,
LAC,LITHIUM AMERICAS CORP.,,,,,NYSE,
FSCO,FS Credit Opportunities Corp.,,,,,NYSE,
ELE,Elemental Royalty Corp,,,,,Nasdaq,
CPAC,CEMENTOS PACASMAYO SAA,,,,,NYSE,
CHY,CALAMOS CONVERTIBLE & HIGH INCOME FUND,,,,,Nasdaq,
BOW,Bowhead Specialty Holdings Inc.,,,,,NYSE,
PDS,PRECISION DRILLING Corp,,,,,NYSE,
NBBK,"NB Bancorp, Inc.",,,,,Nasdaq,
MUC,"BLACKROCK MUNIHOLDINGS CALIFORNIA QUALITY FUND, INC.",,,,,NYSE,
LAR,Lithium Argentina AG,,,,,NYSE,
ABX,"Abacus Global Management, Inc.",,,,,NYSE,
SOC,Sable Offshore Corp.,,,,,NYSE,
SECZ,Securitize Corp.,,,,,NYSE,
RNP,COHEN & STEERS REIT & PREFERRED & INCOME FUND INC,,,,,NYSE,
CII,"BlackRock Enhanced Large Cap Core Fund, Inc.",,,,,NYSE,
CSR,CENTERSPACE,,,,,NYSE,
CAC,CAMDEN NATIONAL CORP,,,,,Nasdaq,
BBN,BlackRock Taxable Municipal Bond Trust,,,,,NYSE,
RJET,REPUBLIC AIRWAYS HOLDINGS INC.,,,,,Nasdaq,
BMEZ,BlackRock Health Sciences Term Trust,,,,,NYSE,
RZLV,REZOLVE AI PLC,,,,,Nasdaq,
TRST,TRUSTCO BANK CORP N Y,,,,,Nasdaq,
MPB,MID PENN BANCORP INC,,,,,Nasdaq,
GSBD,"Goldman Sachs BDC, Inc.",,,,,NYSE,
VMET,Versamet Royalties Corp,,,,,Nasdaq,
SBSI,SOUTHSIDE BANCSHARES INC,,,,,NYSE,
THFF,FIRST FINANCIAL CORP /IN/,,,,,Nasdaq,
PDX,PIMCO Dynamic Income Strategy Fund,,,,,NYSE,
WYFI,"WhiteFiber, Inc.",,,,,Nasdaq,
RPC,"Ridgepost Capital, Inc.",,,,,NYSE,
HAFC,HANMI FINANCIAL CORP,,,,,Nasdaq,
RERE,ATRenew Inc.,,,,,NYSE,
FMNB,FARMERS NATIONAL BANC CORP /OH/,,,,,Nasdaq,
BAK,BRASKEM SA,,,,,NYSE,
DEC,Diversified Energy Co,,,,,NYSE,
AVEX,AEVEX Corp.,,,,,NYSE,
MFA,"MFA FINANCIAL, INC.",,,,,NYSE,
BCX,BlackRock Resources & Commodities Strategy Trust,,,,,NYSE,
EIG,"Employers Holdings, Inc.",,,,,NYSE,
HTD,JOHN HANCOCK TAX-ADVANTAGED DIVIDEND INCOME FUND,,,,,NYSE,
REF,Reformation Inc.,,,,,NYSE,
ODTX,"Odyssey Therapeutics, Inc.",,,,,Nasdaq,
VLRS,"Controladora Vuela Compania de Aviacion, S.A.B. de C.V.",,,,,NYSE,
NRK,NUVEEN NEW YORK AMT-FREE QUALITY MUNICIPAL INCOME FUND,,,,,NYSE,
ADSE,Ads-Tec Energy Public Ltd Co,,,,,Nasdaq,
SMBK,SMARTFINANCIAL INC.,,,,,NYSE,
FCBC,FIRST COMMUNITY BANKSHARES INC /VA/,,,,,Nasdaq,
SUPV,Grupo Supervielle S.A.,,,,,NYSE,
HRTG,"Heritage Insurance Holdings, Inc.",,,,,NYSE,
OXLC,Oxford Lane Capital Corp.,,,,,Nasdaq,
CCBG,CAPITAL CITY BANK GROUP INC,,,,,Nasdaq,
KBDC,"Kayne Anderson BDC, Inc.",,,,,NYSE,
MOMO,Hello Group Inc.,,,,,Nasdaq,
GSBC,"GREAT SOUTHERN BANCORP, INC.",,,,,Nasdaq,
ARI,"Apollo Commercial Real Estate Finance, Inc.",,,,,NYSE,
HSLV,Highlander Silver Corp.,,,,,NYSE,
TBPH,"Theravance Biopharma, Inc.",,,,,Nasdaq,
GOOS,Canada Goose Holdings Inc.,,,,,NYSE,
AWF,ALLIANCEBERNSTEIN GLOBAL HIGH INCOME FUND INC,,,,,NYSE,
TIGR,UP Fintech Holding Ltd,,,,,Nasdaq,
INMD,InMode Ltd.,,,,,Nasdaq,
ROOT,"Root, Inc.",,,,,Nasdaq,
AIO,Virtus Artificial Intelligence & Technology Opportunities Fund,,,,,NYSE,
PSTL,"Postal Realty Trust, Inc.",,,,,NYSE,
NEWP,NEW PACIFIC METALS CORP,,,,,NYSE,
HTB,"HomeTrust Bancshares, Inc.",,,,,NYSE,
GLAS,Glass House Brands Inc.,,,,,NYSE,
BBDC,"Barings BDC, Inc.",,,,,NYSE,
SMBC,"SOUTHERN MISSOURI BANCORP, INC.",,,,,Nasdaq,
FSSL,FS Specialty Lending Fund,,,,,NYSE,
NXDR,"Nextdoor Holdings, Inc.",,,,,NYSE,
SPFI,"SOUTH PLAINS FINANCIAL, INC.",,,,,Nasdaq,
ORRF,ORRSTOWN FINANCIAL SERVICES INC,,,,,Nasdaq,
ANL,Adlai Nortye Ltd.,,,,,Nasdaq,
WRLD,WORLD ACCEPTANCE CORP,,,,,Nasdaq,
EGBN,EAGLE BANCORP INC,,,,,Nasdaq,
GILT,GILAT SATELLITE NETWORKS LTD,,,,,Nasdaq,
ALRS,ALERUS FINANCIAL CORP,,,,,Nasdaq,
HIPO,Hippo Holdings Inc.,,,,,NYSE,
DQ,DAQO NEW ENERGY CORP.,,,,,NYSE,
BLZE,"Backblaze, Inc.",,,,,Nasdaq,
YALA,Yalla Group Ltd,,,,,NYSE,
CTO,"CTO Realty Growth, Inc.",,,,,NYSE,
SHBI,SHORE BANCSHARES INC,,,,,Nasdaq,
FISI,FINANCIAL INSTITUTIONS INC,,,,,Nasdaq,
EOI,Eaton Vance Enhanced Equity Income Fund,,,,,NYSE,
BLDP,Ballard Power Systems Inc.,,,,,Nasdaq,
MQY,"BLACKROCK MUNIYIELD QUALITY FUND, INC.",,,,,NYSE,
GFR,Greenfire Resources Ltd.,,,,,NYSE,
CRML,Critical Metals Corp.,,,,,Nasdaq,
BCSF,"Bain Capital Specialty Finance, Inc.",,,,,NYSE,
SB,"SAFE BULKERS, INC.",,,,,NYSE,
CRESY,CRESUD INC,,,,,Nasdaq,
DBVT,DBV Technologies S.A.,,,,,Nasdaq,
MEGI,NYLI CBRE Global Infrastructure Megatrends Term Fund,,,,,NYSE,
HIVE,HIVE Digital Technologies Ltd.,,,,,Nasdaq,
SIBN,"SI-BONE, Inc.",,,,,Nasdaq,
IBCP,INDEPENDENT BANK CORP /MI/,,,,,Nasdaq,
SSII,"SS Innovations International, Inc.",,,,,Nasdaq,
JKS,"JinkoSolar Holding Co., Ltd.",,,,,NYSE,
MFIC,MidCap Financial Investment Corp,,,,,Nasdaq,
THQ,abrdn Healthcare Opportunities Fund,,,,,NYSE,
HDL,SUPER HI INTERNATIONAL HOLDING LTD.,,,,,Nasdaq,
FFC,Flaherty & Crumrine PREFERRED & INCOME SECURITIES FUND INC,,,,,NYSE,
FPH,"Five Point Holdings, LLC",,,,,NYSE,
CCXI,Churchill Capital Corp XI,,,,,Nasdaq,
CARE,"Carter Bankshares, Inc.",,,,,Nasdaq,
ASGI,abrdn Global Infrastructure Income Fund,,,,,NYSE,
HPP,"Hudson Pacific Properties, Inc.",,,,,NYSE,
GCMG,GCM Grosvenor Inc.,,,,,Nasdaq,
FDUS,FIDUS INVESTMENT Corp,,,,,Nasdaq,
INN,"Summit Hotel Properties, Inc.",,,,,NYSE,
GDOT,GREEN DOT CORP,,,,,NYSE,
WASH,WASHINGTON TRUST BANCORP INC,,,,,Nasdaq,
JMIA,Jumia Technologies AG,,,,,NYSE,
PEO,"ADAMS NATURAL RESOURCES FUND, INC.",,,,,NYSE,
CADL,"Candel Therapeutics, Inc.",,,,,Nasdaq,
HSHP,Himalaya Shipping Ltd.,,,,,NYSE,
VTEX,VTEX,,,,,NYSE,
RMT,"ROYCE MICRO-CAP TRUST, INC.",,,,,NYSE,
OGG,Osisko Gold Group Inc.,,,,,NYSE,
DRUG,BRIGHT MINDS BIOSCIENCES INC.,,,,,Nasdaq,
TCBX,"Third Coast Bancshares, Inc.",,,,,NYSE,
FTH,"Faeth Therapeutics, Inc.",,,,,Nasdaq,
DGICA,DONEGAL GROUP INC,,,,,Nasdaq,
NIE,Virtus Equity & Convertible Income Fund,,,,,NYSE,
OBE,OBSIDIAN ENERGY LTD.,,,,,NYSE,
PHAR,Pharming Group N.V.,,,,,Nasdaq,
CCD,Calamos Dynamic Convertible & Income Fund,,,,,Nasdaq,
IGR,CBRE GLOBAL REAL ESTATE INCOME FUND,,,,,NYSE,
ASC,Ardmore Shipping Corp,,,,,NYSE,
RA,Brookfield Real Assets Income Fund Inc.,,,,,NYSE,
KRNT,Kornit Digital Ltd.,,,,,Nasdaq,
OIO,OIO Group,,,,,Nasdaq,
DXYZ,Destiny Tech100 Inc.,,,,,NYSE,
TBLD,Thornburg Income Builder Opportunities Trust,,,,,Nasdaq,
GMRS,GMR Solutions Inc.,,,,,NYSE,
PFIS,PEOPLES FINANCIAL SERVICES CORP.,,,,,Nasdaq,
BIT,BlackRock Multi-Sector Income Trust,,,,,NYSE,
MSBI,"Midland States Bancorp, Inc.",,,,,Nasdaq,
RSKD,RISKIFIED LTD.,,,,,NYSE,
PFN,PIMCO Income Strategy Fund II,,,,,NYSE,
CGBD,"Carlyle Secured Lending, Inc.",,,,,Nasdaq,
NVCT,"Nuvectis Pharma, Inc.",,,,,Nasdaq,
MTA,Metalla Royalty & Streaming Ltd.,,,,,NYSE,
VEL,"Velocity Financial, Inc.",,,,,NYSE,
ENRD,Einride AB,,,,,Nasdaq,
EVO,Evotec SE,,,,,Nasdaq,
PFLT,PennantPark Floating Rate Capital Ltd.,,,,,NYSE,
SLRC,SLR Investment Corp.,,,,,Nasdaq,
STTK,"Shattuck Labs, Inc.",,,,,Nasdaq,
BCAL,California BanCorp \ CA,,,,,Nasdaq,
MNTN,"MNTN, Inc.",,,,,NYSE,
OCS,Oculis Holding AG,,,,,Nasdaq,
CWBC,Community West Bancshares,,,,,Nasdaq,
DLY,DoubleLine Yield Opportunities Fund,,,,,NYSE,
AHRT,"AH Realty Trust, Inc.",,,,,NYSE,
WDI,Western Asset Diversified Income Fund (WDI),,,,,NYSE,
IMSR,Terrestrial Energy Inc. /DE/,,,,,Nasdaq,
RVI,Robinhood Ventures Fund I,,,,,NYSE,
RRBI,RED RIVER BANCSHARES INC,,,,,Nasdaq,
BHB,BAR HARBOR BANKSHARES,,,,,NYSE,
PAXS,PIMCO Access Income Fund,,,,,NYSE,
TRON,Tron Inc.,,,,,Nasdaq,
AGNT,"AGNT, Inc.",,,,,Nasdaq,
NGNE,Neurogene Inc.,,,,,Nasdaq,
AROW,ARROW FINANCIAL CORP,,,,,Nasdaq,
CLDT,Chatham Lodging Trust,,,,,NYSE,
PRAA,PRA GROUP INC,,,,,Nasdaq,
CGNT,Cognyte Software Ltd.,,,,,Nasdaq,
TIPT,TIPTREE INC.,,,,,Nasdaq,
ACHV,"ACHIEVE LIFE SCIENCES, INC.",,,,,Nasdaq,
ACNB,ACNB CORP,,,,,Nasdaq,
ODD,Oddity Tech Ltd,,,,,Nasdaq,
NMFC,New Mountain Finance Corp,,,,,Nasdaq,
NKX,NUVEEN CALIFORNIA AMT-FREE QUALITY MUNICIPAL INCOME FUND,,,,,NYSE,
DMII,Drugs Made In America Acquisition II Corp.,,,,,Nasdaq,
VINP,Vinci Compass Investments Ltd.,,,,,Nasdaq,
LDI,"loanDepot, Inc.",,,,,NYSE,
NKLR,Terra Innovatum Global N.V.,,,,,Nasdaq,
OFRM,"Once Upon a Farm, PBC",,,,,NYSE,
ACP,abrdn Income Credit Strategies Fund,,,,,NYSE,
GPRK,GeoPark Ltd,,,,,NYSE,
BWMX,"BETTERWARE DE MEXICO, S.A.P.I. DE C.V",,,,,NYSE,
ISOU,IsoEnergy Ltd.,,,,,NYSE,
BRSP,"BrightSpire Capital, Inc.",,,,,NYSE,
BOT,"RoboStrategy, Inc.",,,,,Nasdaq,
SMWB,SIMILARWEB LTD.,,,,,NYSE,
CCB,COASTAL FINANCIAL CORP,,,,,Nasdaq,
GRNT,"Granite Ridge Resources, Inc.",,,,,NYSE,
AGMB,Agomab Therapeutics NV,,,,,Nasdaq,
MAKO,Mako Mining Corp.,,,,,Nasdaq,
FBRT,"Franklin BSP Realty Trust, Inc.",,,,,NYSE,
VBNK,VersaBank,,,,,Nasdaq,
YB,Yuanbao Inc.,,,,,Nasdaq,
BWAY,Brainsway Ltd.,,,,,Nasdaq,
ALOY,REALLOYS INC.,,,,,Nasdaq,
TLRY,"Tilray Brands, Inc.",,,,,Nasdaq,
TRTX,"TPG RE Finance Trust, Inc.",,,,,NYSE,
GOOD,GLADSTONE COMMERCIAL CORP,,,,,Nasdaq,
HQ,Horizon Quantum Holdings Ltd.,,,,,Nasdaq,
GROY,Gold Royalty Corp.,,,,,NYSE,
CBNK,Capital Bancorp Inc,,,,,Nasdaq,
UHT,UNIVERSAL HEALTH REALTY INCOME TRUST,,,,,NYSE,
KRNY,Kearny Financial Corp.,,,,,Nasdaq,
CIVB,"CIVISTA BANCSHARES, INC.",,,,,Nasdaq,
WHK,WhiteHawk Minerals Corp.,,,,,NYSE,
NDMO,Nuveen Dynamic Municipal Opportunities Fund,,,,,NYSE,
ROMA,Roma Green Finance Ltd,,,,,Nasdaq,
NPB,NORTHPOINTE BANCSHARES INC,,,,,NYSE,
SCZM,Santacruz Silver Mining Ltd.,,,,,Nasdaq,
EVAC,EQV Ventures Acquisition Corp. II,,,,,NYSE,
NCDL,Nuveen Churchill Direct Lending Corp.,,,,,NYSE,
FAX,"ABRDN ASIA-PACIFIC INCOME FUND, INC.",,,,,NYSE,
BCSS,Bain Capital GSS Investment Corp.,,,,,NYSE,
DSU,"BLACKROCK DEBT STRATEGIES FUND, INC.",,,,,NYSE,
CEPF,"Cantor Equity Partners IV, Inc.",,,,,Nasdaq,
CSHR,CoinShares PLC,,,,,Nasdaq,
UNTY,UNITY BANCORP INC /NJ/,,,,,Nasdaq,
CXII,Churchill Capital Corp XII,,,,,Nasdaq,
FVR,"FrontView REIT, Inc.",,,,,NYSE,
NRIM,NORTHRIM BANCORP INC,,,,,Nasdaq,
IIM,Invesco Value Municipal Income Trust,,,,,NYSE,
SFST,SOUTHERN FIRST BANCSHARES INC,,,,,Nasdaq,
FBIZ,"FIRST BUSINESS FINANCIAL SERVICES, INC.",,,,,Nasdaq,
SPPP,SPROTT PHYSICAL PLATINUM & PALLADIUM TRUST,,,,,NYSE,
NML,Neuberger Energy Infrastructure & Income Fund Inc.,,,,,NYSE,
NOAH,NOAH HOLDINGS LTD,,,,,NYSE,
NMCO,Nuveen Municipal Credit Opportunities Fund,,,,,NYSE,
GCBC,GREENE COUNTY BANCORP INC,,,,,Nasdaq,
DDI,"DoubleDown Interactive Co., Ltd.",,,,,Nasdaq,
NEXN,Nexxen International Ltd.,,,,,Nasdaq,
BWB,Bridgewater Bancshares Inc,,,,,Nasdaq,
AXG,"Solowin Holdings, Ltd.",,,,,Nasdaq,
BTGO,"BITGO HOLDINGS, INC.",,,,,NYSE,
HUYA,HUYA Inc.,,,,,NYSE,
RWT,REDWOOD TRUST INC,,,,,NYSE,
OSPN,OneSpan Inc.,,,,,Nasdaq,
ETJ,Eaton Vance Risk-Managed Diversified Equity Income Fund,,,,,NYSE,
ILPT,Industrial Logistics Properties Trust,,,,,Nasdaq,
HBCP,"HOME BANCORP, INC.",,,,,Nasdaq,
DDL,Dingdong (Cayman) Ltd,,,,,NYSE,
XRN,Chiron Real Estate Inc.,,,,,NYSE,
DBCA,D. Boral Acquisition I Corp.,,,,,Nasdaq,
ESEA,EUROSEAS LTD.,,,,,Nasdaq,
AEXA,American Exceptionalism Acquisition Corp. A,,,,,NYSE,
VGM,Invesco Trust for Investment Grade Municipals,,,,,NYSE,
GLRE,"GREENLIGHT CAPITAL RE, LTD.",,,,,Nasdaq,
ITIC,INVESTORS TITLE CO,,,,,Nasdaq,
XMAX,XMax Inc.,,,,,Nasdaq,
AMSF,AMERISAFE INC,,,,,Nasdaq,
MMU,WESTERN ASSET MANAGED MUNICIPALS FUND INC.,,,,,NYSE,
BMM,Blue Moon Metals Inc.,,,,,Nasdaq,
LOT,Lotus Technology Inc.,,,,,Nasdaq,
ALTI,"AlTi Global, Inc.",,,,,Nasdaq,
TMQ,Trilogy Metals Inc.,,,,,NYSE,
BWFG,"Bankwell Financial Group, Inc.",,,,,Nasdaq,
THW,abrdn World Healthcare Fund,,,,,NYSE,
CRD-A,CRAWFORD & CO,,,,,NYSE,
EROK,"EagleRock Land, LLC",,,,,NYSE,
IMC,IMC Rare Earths Ltd,,,,,NYSE,
SATL,Satellogic Inc.,,,,,Nasdaq,
OLP,ONE LIBERTY PROPERTIES INC,,,,,NYSE,
BSRR,SIERRA BANCORP,,,,,Nasdaq,
BGY,BlackRock Enhanced International Dividend Trust,,,,,NYSE,
CHCT,Community Healthcare Trust Inc,,,,,NYSE,
LAES,SEALSQ Corp,,,,,Nasdaq,
DPG,Duff & Phelps Utility & Infrastructure Fund Inc.,,,,,NYSE,
NFGC,New Found Gold Corp.,,,,,NYSE,
SLN,Silence Therapeutics plc,,,,,Nasdaq,
DCBO,Docebo Inc.,,,,,Nasdaq,
BDN,BRANDYWINE REALTY TRUST,,,,,NYSE,
IGD,Voya GLOBAL EQUITY DIVIDEND & PREMIUM OPPORTUNITY FUND,,,,,NYSE,
VCV,Invesco California Value Municipal Income Trust,,,,,NYSE,
TATT,TAT TECHNOLOGIES LTD,,,,,Nasdaq,
GCGR,General Catalyst Global Resilience Merger Corp.,,,,,Nasdaq,
ACIC,AMERICAN COASTAL INSURANCE Corp,,,,,Nasdaq,
ADV,Advantage Solutions Inc.,,,,,Nasdaq,
ZURA,Zura Bio Ltd,,,,,Nasdaq,
PAYS,"Paysign, Inc.",,,,,Nasdaq,
OBT,"Orange County Bancorp, Inc. /DE/",,,,,Nasdaq,
COFS,CHOICEONE FINANCIAL SERVICES INC,,,,,Nasdaq,
GUG,Guggenheim Active Allocation Fund,,,,,NYSE,
ETO,Eaton Vance Tax-Advantaged Global Dividend Opportunities Fund,,,,,NYSE,
PWRL,Powerlaw Corp.,,,,,Nasdaq,
MSIF,"MSC INCOME FUND, INC.",,,,,NYSE,
VALN,Valneva SE,,,,,Nasdaq,
NWAX,New America Acquisition I Corp.,,,,,NYSE,
AMCX,AMC Global Media Inc.,,,,,Nasdaq,
MCTA,Charming Medical Ltd,,,,,Nasdaq,
SLI,STANDARD LITHIUM LTD.,,,,,NYSE,
RMAX,"RE/MAX Holdings, Inc.",,,,,NYSE,
BTQ,BTQ Technologies Corp.,,,,,Nasdaq,
IFN,"ABERDEEN INDIA FUND, INC.",,,,,NYSE,
HKD,AMTD Digital Inc.,,,,,NYSE,
FTHY,FIRST TRUST HIGH YIELD OPPORTUNITIES 2027 TERM FUND,,,,,NYSE,
PHOE,Phoenix Asia Holdings Ltd,,,,,Nasdaq,
MEVO,M Evo Global Acquisition Corp II,,,,,Nasdaq,
TOI,"Oncology Institute, Inc.",,,,,Nasdaq,
GEMI,"Gemini Space Station, Inc.",,,,,Nasdaq,
MEI,METHODE ELECTRONICS INC,,,,,NYSE,
ADUR,ADURO CLEAN TECHNOLOGIES INC.,,,,,Nasdaq,
CLB,Core Laboratories Inc. /DE/,,,,,NYSE,
ARTV,"Artiva Biotherapeutics, Inc.",,,,,Nasdaq,
EIM,Eaton Vance Municipal Bond Fund,,,,,NYSE,
VSTM,"Verastem, Inc.",,,,,Nasdaq,
BLW,BLACKROCK Ltd DURATION INCOME TRUST,,,,,NYSE,
PDLB,"Ponce Financial Group, Inc.",,,,,Nasdaq,
HELP,CYBIN INC.,,,,,Nasdaq,
PBAM,"Private Bancorp of America, Inc.",,,,,Nasdaq,
KRSP,Rice Acquisition Corp 3,,,,,NYSE,
BSVN,Bank7 Corp.,,,,,Nasdaq,
GIW,GigCapital8 Corp.,,,,,Nasdaq,
GHY,"PGIM Global High Yield Fund, Inc.",,,,,NYSE,
ANSC,Agriculture & Natural Solutions Acquisition Corp,,,,,Nasdaq,
BMRC,Bank of Marin Bancorp,,,,,Nasdaq,
SOPH,SOPHiA GENETICS SA,,,,,Nasdaq,
WTBA,WEST BANCORPORATION INC,,,,,Nasdaq,
TWN,TAIWAN FUND INC,,,,,NYSE,
CRAN,Crane Harbor Acquisition Corp. II,,,,,Nasdaq,
NUAI,"New ERA Energy & Digital, Inc.",,,,,Nasdaq,
SI,"SHOULDER INNOVATIONS, INC.",,,,,NYSE,
CWCO,Consolidated Water Co. Ltd.,,,,,Nasdaq,
GTEN,"Gores Holdings X, Inc. / CI",,,,,Nasdaq,
OWLS,OBOOK HOLDINGS INC.,,,,,Nasdaq,
AIIO,ROBO.AI INC.,,,,,Nasdaq,
QTTB,Q32 Bio Inc.,,,,,Nasdaq,
ZKH,ZKH Group Ltd,,,,,NYSE,
CBK,"Commercial Bancgroup, Inc.",,,,,Nasdaq,
CMDB,Costamare Bulkers Holdings Ltd,,,,,NYSE,
NMAI,Nuveen Multi-Asset Income Fund,,,,,NYSE,
OTLY,Oatly Group AB,,,,,Nasdaq,
APXT,Apex Treasury Corp,,,,,Nasdaq,
CBAN,COLONY BANKCORP INC,,,,,NYSE,
WRN,Western Copper & Gold Corp,,,,,NYSE,
HPS,JOHN HANCOCK PREFERRED INCOME FUND III,,,,,NYSE,
FMAO,FARMERS & MERCHANTS BANCORP INC,,,,,Nasdaq,
LXFR,LUXFER HOLDINGS PLC,,,,,NYSE,
VVR,Invesco Senior Income Trust,,,,,NYSE,
QNC,Quantum eMotion Corp,,,,,NYSE,
CZNC,CITIZENS & NORTHERN CORP,,,,,Nasdaq,
KIO,KKR Income Opportunities Fund,,,,,NYSE,
IDR,"Idaho Strategic Resources, Inc.",,,,,NYSE,
ETB,Eaton Vance Tax-Managed Buy-Write Income Fund,,,,,NYSE,
TREE,"LendingTree, Inc.",,,,,Nasdaq,
FFA,FIRST TRUST ENHANCED EQUITY INCOME FUND,,,,,NYSE,
KREF,KKR Real Estate Finance Trust Inc.,,,,,NYSE,
RBB,RBB Bancorp,,,,,Nasdaq,
GAU,Galiano Gold Inc.,,,,,NYSE,
SGMT,Sagimet Biosciences Inc.,,,,,Nasdaq,
FIP,FTAI Infrastructure Inc.,,,,,Nasdaq,
IEAG,Infinite Eagle Acquisition Corp.,,,,,Nasdaq,
KBON,Karbon Capital Partners Corp.,,,,,Nasdaq,
SPIR,"Spire Global, Inc.",,,,,NYSE,
STRZ,STARZ ENTERTAINMENT CORP /CN/,,,,,Nasdaq,
NPFD,Nuveen Variable Rate Preferred & Income Fund,,,,,NYSE,
MBVI,M3-Brigade Acquisition VI Corp.,,,,,Nasdaq,
BETR,Better Home & Finance Holding Co,,,,,Nasdaq,
BLND,"Blend Labs, Inc.",,,,,NYSE,
GRVY,"GRAVITY Co., Ltd.",,,,,Nasdaq,
IACO,Idea Acquisition Corp.,,,,,Nasdaq,
GOTU,Gaotu Techedu Inc.,,,,,NYSE,
TLNC,Talon Capital Corp.,,,,,Nasdaq,
DDD,3D SYSTEMS CORP,,,,,NYSE,
MESH,Meshflow Acquisition Corp,,,,,Nasdaq,
KRAQ,KRAKacquisition Corp,,,,,Nasdaq,
SRTA,"Strata Critical Medical, Inc.",,,,,Nasdaq,
CINT,CI&T Inc,,,,,NYSE,
FRPH,"FRP HOLDINGS, INC.",,,,,Nasdaq,
PBFS,"Pioneer Bancorp, Inc./MD",,,,,Nasdaq,
BNED,"Barnes & Noble Education, Inc.",,,,,NYSE,
DFP,Flaherty & Crumrine Dynamic Preferred & Income Fund Inc,,,,,NYSE,
NEWT,"NewtekOne, Inc.",,,,,Nasdaq,
NNNN,Anbio Biotechnology,,,,,Nasdaq,
PLBC,PLUMAS BANCORP,,,,,Nasdaq,
GCO,GENESCO INC,,,,,NYSE,
NMG,Nouveau Monde Graphite Inc.,,,,,NYSE,
PRTA,PROTHENA CORP PUBLIC LTD CO,,,,,Nasdaq,
ITRG,Integra Resources Corp.,,,,,NYSE,
PSFE,Paysafe Ltd,,,,,NYSE,
PTOR,Praetorian Acquisition Corp.,,,,,Nasdaq,
GLAD,GLADSTONE CAPITAL CORP,,,,,Nasdaq,
QMCO,QUANTUM CORP /DE/,,,,,Nasdaq,
ECX,ECARX Holdings Inc.,,,,,Nasdaq,
FINS,Angel Oak Financial Strategies Income Term Trust,,,,,NYSE,
EPRX,EUPRAXIA PHARMACEUTICALS INC.,,,,,Nasdaq,
OVID,Ovid Therapeutics Inc.,,,,,Nasdaq,
BGR,BlackRock Energy & Resources Trust,,,,,NYSE,
CDRO,"Codere Online Luxembourg, S.A.",,,,,Nasdaq,
SHOE,SHOE STATION GROUP INC,,,,,Nasdaq,
ISTR,Investar Holding Corp,,,,,Nasdaq,
KFII,K&F GROWTH ACQUISITION CORP. II,,,,,Nasdaq,
AVBC,"Avidia Bancorp, Inc.",,,,,NYSE,
SOHU,Sohu.com Ltd,,,,,Nasdaq,
ELVA,Electrovaya Inc.,,,,,Nasdaq,
ISD,"PGIM High Yield Bond Fund, Inc.",,,,,NYSE,
EVN,Eaton Vance Municipal Income Trust,,,,,NYSE,
KMDA,KAMADA LTD,,,,,Nasdaq,
XRPN,Armada Acquisition Corp. II,,,,,Nasdaq,
CGC,Canopy Growth Corp,,,,,Nasdaq,
CLBR,Colombier Acquisition Corp. III,,,,,NYSE,
HFRO,HIGHLAND OPPORTUNITIES & INCOME FUND,,,,,NYSE,
TMS,Teamshares Inc,,,,,Nasdaq,
MFI,mF International Ltd,,,,,Nasdaq,
FPI,Farmland Partners Inc.,,,,,NYSE,
EDIT,"Editas Medicine, Inc.",,,,,Nasdaq,
AUTL,Autolus Therapeutics plc,,,,,Nasdaq,
ASTL,Algoma Steel Group Inc.,,,,,Nasdaq,
CRAQ,Cal Redwood Acquisition Corp.,,,,,Nasdaq,
LSAK,LESAKA TECHNOLOGIES INC,,,,,Nasdaq,
PKBK,"PARKE BANCORP, INC.",,,,,Nasdaq,
WDH,Waterdrop Inc.,,,,,NYSE,
GBLI,"Global Indemnity Group, LLC",,,,,Nasdaq,
USCB,"USCB FINANCIAL HOLDINGS, INC.",,,,,Nasdaq,
OPI,OFFICE PROPERTIES INCOME TRUST,,,,,Nasdaq,
NPAC,New Providence Acquisition Corp. III/Cayman,,,,,Nasdaq,
CCAP,"Crescent Capital BDC, Inc.",,,,,Nasdaq,
AII,"American Integrity Insurance Group, Inc.",,,,,NYSE,
PBYI,"PUMA BIOTECHNOLOGY, INC.",,,,,Nasdaq,
RTAC,Renatus Tactical Acquisition Corp I,,,,,Nasdaq,
SDHY,PGIM Short Duration High Yield Opportunities Fund,,,,,NYSE,
SAAQ,Space Asset Acquisition Corp.,,,,,Nasdaq,
FRST,Primis Financial Corp.,,,,,Nasdaq,
MVBF,MVB FINANCIAL CORP,,,,,Nasdaq,
VKI,Invesco Advantage Municipal Income Trust II,,,,,NYSE,
CTEV,Claritev Corp,,,,,NYSE,
CHMG,CHEMUNG FINANCIAL CORP,,,,,Nasdaq,
FNLC,"First Bancorp, Inc /ME/",,,,,Nasdaq,
GPAT,GP-Act III Acquisition Corp.,,,,,Nasdaq,
MTAL,Metals Acquisition Corp. II,,,,,NYSE,
GUAC,Berto Acquisition Corp. II,,,,,Nasdaq,
PCAP,ProCap Acquisition Corp,,,,,Nasdaq,
BBCQ,Bleichroeder Acquisition Corp. II,,,,,Nasdaq,
NREF,"NexPoint Real Estate Finance, Inc.",,,,,NYSE,
PERI,Perion Network Ltd.,,,,,Nasdaq,
ZKP,Lafayette Digital Acquisition Corp. I,,,,,Nasdaq,
MTC,"MMTEC, INC.",,,,,Nasdaq,
PCB,PCB BANCORP,,,,,Nasdaq,
RDAG,Republic Digital Acquisition Co,,,,,Nasdaq,
EH,EHang Holdings Ltd,,,,,Nasdaq,
WENN,WEN Acquisition Corp,,,,,Nasdaq,
ASPN,ASPEN AEROGELS INC,,,,,NYSE,
VLOS,Velos Acquisition I Corp.,,,,,Nasdaq,
IACQ,Irenic Acquisition Corp.,,,,,Nasdaq,
LEO,"BNY MELLON STRATEGIC MUNICIPALS, INC.",,,,,NYSE,
TENX,"TENAX THERAPEUTICS, INC.",,,,,Nasdaq,
GBAB,Guggenheim Taxable Municipal Bond & Investment Grade Debt Trust,,,,,NYSE,
PRLD,Prelude Therapeutics Inc,,,,,Nasdaq,
CURR,Currenc Group Inc.,,,,,Nasdaq,
EOLS,"Evolus, Inc.",,,,,Nasdaq,
SHIP,Seanergy Maritime Holdings Corp.,,,,,Nasdaq,
FCBM,"First Carolina Financial Services, Inc.",,,,,NYSE,
TMCR,Metals Royalty Co Inc.,,,,,Nasdaq,
OEC,Orion S.A.,,,,,NYSE,
AUNA,AUNA S.A.,,,,,NYSE,
HACQ,HCM IV Acquisition Corp.,,,,,Nasdaq,
KNOP,KNOT Offshore Partners LP,,,,,NYSE,
WILC,G WILLI FOOD INTERNATIONAL LTD,,,,,Nasdaq,
ALLT,Allot Ltd.,,,,,Nasdaq,
HTT,High Templar Tech Ltd,,,,,NYSE,
MZYX,MOZAYYX Acquisition Corp.,,,,,NYSE,
AWP,abrdn Global Premier Properties Fund,,,,,NYSE,
ALOV,"Aldabra 4 Liquidity Opportunity Vehicle, Inc.",,,,,Nasdaq,
TRVG,trivago N.V.,,,,,Nasdaq,
BUUU,BUUU Group Ltd,,,,,Nasdaq,
EAD,ALLSPRING INCOME OPPORTUNITIES FUND,,,,,NYSE,
LPRO,Open Lending Corp,,,,,Nasdaq,
MYN,"BLACKROCK MUNIYIELD NEW YORK QUALITY FUND, INC.",,,,,NYSE,
MTLS,MATERIALISE NV,,,,,Nasdaq,
WSBF,"Waterstone Financial, Inc.",,,,,Nasdaq,
SLP,"Simulations Plus, Inc.",,,,,Nasdaq,
WEYS,WEYCO GROUP INC,,,,,Nasdaq,
NOA,North American Construction Group Ltd.,,,,,NYSE,
ALTO,"Alto Ingredients, Inc.",,,,,Nasdaq,
FCRS,FutureCrest Acquisition Corp.,,,,,NYSE,
XPER,Xperi Inc.,,,,,NYSE,
DGXX,Digi Power X Inc.,,,,,Nasdaq,
FVAV,Fortress Value Acquisition Corp. V,,,,,Nasdaq,
GSRV,GSR V Acquisition Corp.,,,,,Nasdaq,
NECB,"NorthEast Community Bancorp, Inc./MD/",,,,,Nasdaq,
ENHA,Enhanced Group Inc.,,,,,NYSE,
OIM,OneIM Acquisition Corp.,,,,,Nasdaq,
CZFS,CITIZENS FINANCIAL SERVICES INC,,,,,Nasdaq,
NWFL,NORWOOD FINANCIAL CORP,,,,,Nasdaq,
SDHI,Siddhi Acquisition Corp (Cayman Islands),,,,,Nasdaq,
GMTL,Guardian Metal Resources PLC,,,,,NYSE,
GIX,GigCapital9 Corp.,,,,,Nasdaq,
ABEO,ABEONA THERAPEUTICS INC.,,,,,Nasdaq,
ALUB,Alussa Energy Acquisition Corp. II,,,,,NYSE,
MSC,STUDIO CITY INTERNATIONAL HOLDINGS Ltd,,,,,NYSE,
MOBI,"Mobia Medical, Inc.",,,,,Nasdaq,
MPTI,"M-tron Industries, Inc.",,,,,NYSE,
TACH,Titan Acquisition Corp.,,,,,Nasdaq,
OTGA,OTG Acquisition Corp. I,,,,,Nasdaq,
CCII,Cohen Circle Acquisition Corp. II,,,,,Nasdaq,
PINE,"Alpine Income Property Trust, Inc.",,,,,NYSE,
AVBH,"Avidbank Holdings, Inc.",,,,,Nasdaq,
AEF,"abrdn Emerging Markets ex-China Fund, Inc.",,,,,NYSE,
MRLN,"Merlin, Inc.",,,,,Nasdaq,
IMXI,"International Money Express, Inc.",,,,,Nasdaq,
ARCI,Archimedes Tech SPAC Partners III Co.,,,,,Nasdaq,
KCHV,Kochav Defense Acquisition Corp.,,,,,Nasdaq,
CMCL,Caledonia Mining Corp Plc,,,,,NYSE,
DCX,Digital Currency X Technology Inc.,,,,,Nasdaq,
SCD,LMP CAPITAL & INCOME FUND INC.,,,,,NYSE,
ACAA,Averin Capital Acquisition Corp.,,,,,Nasdaq,
HCIC,Hennessy Capital Investment Corp. VIII,,,,,Nasdaq,
JRI,Nuveen Real Asset Income & Growth Fund,,,,,NYSE,
PAII,Pyrophyte Acquisition Corp. II,,,,,NYSE,
SOUL,Soulpower Acquisition Corp.,,,,,NYSE,
PESI,PERMA FIX ENVIRONMENTAL SERVICES INC,,,,,Nasdaq,
MIY,"BLACKROCK MUNIYIELD MICHIGAN QUALITY FUND, INC.",,,,,NYSE,
JGH,Nuveen Global High Income Fund,,,,,NYSE,
YICC,Yorkville International Capital Corp.,,,,,Nasdaq,
RPAY,Repay Holdings Corp,,,,,Nasdaq,
REAX,Real Brokerage Inc,,,,,Nasdaq,
HIX,WESTERN ASSET HIGH INCOME FUND II INC.,,,,,NYSE,
BDCI,BTC Development Corp.,,,,,Nasdaq,
MLP,MAUI LAND & PINEAPPLE CO INC,,,,,NYSE,
LAND,GLADSTONE LAND Corp,,,,,Nasdaq,
TWFG,"TWFG, Inc.",,,,,Nasdaq,
OYSE,Oyster Enterprises II Acquisition Corp,,,,,Nasdaq,
SBXE,SilverBox Corp V,,,,,NYSE,
TSBK,TIMBERLAND BANCORP INC,,,,,Nasdaq,
AIBZ,Bitzero Holdings Inc.,,,,,Nasdaq,
AXIN,Axiom Intelligence Acquisition Corp 1,,,,,Nasdaq,
BLZR,Trailblazer Acquisition Corp.,,,,,Nasdaq,
KTF,DWS MUNICIPAL INCOME TRUST,,,,,NYSE,
HCMA,HCM III ACQUISITION CORP.,,,,,Nasdaq,
SORN,Soren Acquisition Corp.,,,,,Nasdaq,
DSAC,Daedalus Special Acquisition Corp.,,,,,Nasdaq,
MRAM,EVERSPIN TECHNOLOGIES INC.,,,,,Nasdaq,
ZNTL,"Zentalis Pharmaceuticals, Inc.",,,,,Nasdaq,
HPF,JOHN HANCOCK PREFERRED INCOME FUND II,,,,,NYSE,
MCI,BARINGS CORPORATE INVESTORS,,,,,NYSE,
AGCC,Agencia Comercial Spirits Ltd.,,,,,Nasdaq,
IPFX,Inflection Point Acquisition Corp. VI,,,,,Nasdaq,
CLW,Clearwater Paper Corp,,,,,NYSE,
KEYY,Keystone Acquisition Corp.,,,,,Nasdaq,
ELMD,"Electromed, Inc.",,,,,NYSE,
AACI,Armada Acquisition Corp. III,,,,,Nasdaq,
XNET,Xunlei Ltd,,,,,Nasdaq,
API,"Agora, Inc.",,,,,Nasdaq,
BRW,Saba Capital Income & Opportunities Fund,,,,,NYSE,
CAII,Collective Acquisition Corp. II,,,,,Nasdaq,
BLUW,Blue Water Acquisition Corp. III,,,,,Nasdaq,
TLS,TELOS CORP,,,,,Nasdaq,
BEAG,Bold Eagle Acquisition Corp.,,,,,Nasdaq,
IPCX,Inflection Point Acquisition Corp. III,,,,,Nasdaq,
FNKO,"Funko, Inc.",,,,,Nasdaq,
SEG,Seaport Entertainment Group Inc.,,,,,NYSE,
VALU,VALUE LINE INC,,,,,Nasdaq,
CV,"CapsoVision, Inc",,,,,Nasdaq,
SPXX,Nuveen S&P 500 Dynamic Overwrite Fund,,,,,NYSE,
GASS,StealthGas Inc.,,,,,Nasdaq,
FVCB,"FVCBankcorp, Inc.",,,,,Nasdaq,
FENC,FENNEC PHARMACEUTICALS INC.,,,,,Nasdaq,
CEPV,"Cantor Equity Partners V, Inc.",,,,,Nasdaq,
PAMT,PAMT CORP,,,,,Nasdaq,
TWIN,TWIN DISC INC,,,,,Nasdaq,
BKT,"BLACKROCK INCOME TRUST, INC.",,,,,NYSE,
AIRS,"Airsculpt Technologies, Inc.",,,,,Nasdaq,
PALI,"PALISADE BIO, INC.",,,,,Nasdaq,
NXG,NXG NextGen Infrastructure Income Fund,,,,,NYSE,
CUVL,Clinuvel Pharmaceuticals Ltd,,,,,Nasdaq,
BCML,BayCom Corp,,,,,Nasdaq,
RMR,RMR GROUP INC.,,,,,Nasdaq,
FERA,Fifth Era Acquisition Corp I,,,,,Nasdaq,
ASG,LIBERTY ALL STAR GROWTH FUND INC.,,,,,NYSE,
JMSB,"John Marshall Bancorp, Inc.",,,,,Nasdaq,
COSO,"CoastalSouth Bancshares, Inc.",,,,,NYSE,
DRDB,Roman DBDR Acquisition Corp. II,,,,,Nasdaq,
PPHC,"Public Policy Holding Company, Inc.",,,,,Nasdaq,
PACH,Pioneer Acquisition I Corp,,,,,Nasdaq,
YSG,Yatsen Holding Ltd,,,,,NYSE,
SZZL,Sizzle Acquisition Corp. II,,,,,Nasdaq,
OBA,Oxley Bridge Acquisition Ltd,,,,,Nasdaq,
SPCE,"Virgin Galactic Holdings, Inc",,,,,NYSE,
MASS,908 Devices Inc.,,,,,Nasdaq,
PRE,Prenetics Global Ltd,,,,,Nasdaq,
CAF,"Morgan Stanley China A Share Fund, Inc.",,,,,NYSE,
FVRR,Fiverr International Ltd.,,,,,NYSE,
BGT,BLACKROCK FLOATING RATE INCOME TRUST,,,,,NYSE,
FCCO,FIRST COMMUNITY CORP /SC/,,,,,Nasdaq,
ALDF,Aldel Financial II Inc.,,,,,Nasdaq,
EVOX,Evolution Global Acquisition Corp,,,,,Nasdaq,
KOYN,"CSLM Digital Asset Acquisition Corp III, Ltd",,,,,Nasdaq,
NNDM,Nano Dimension Ltd.,,,,,Nasdaq,
VCRE,Vicore Pharma Holding AB,,,,,Nasdaq,
CAES,"Cantor Equity Partners VII, Inc.",,,,,Nasdaq,
TTGT,"TechTarget, Inc.",,,,,Nasdaq,
PMTR,Perimeter Acquisition Corp. I,,,,,Nasdaq,
BKKT,"Bakkt, Inc.",,,,,NYSE,
REI,"RING ENERGY, INC.",,,,,NYSE,
SCTX,"Scribe Therapeutics, Inc.",,,,,Nasdaq,
POLE,Andretti Acquisition Corp. II,,,,,Nasdaq,
RFMZ,"RiverNorth Flexible Municipal Income Fund II, Inc.",,,,,NYSE,
SNDL,SNDL Inc.,,,,,Nasdaq,
SAC,Safeguard Acquisition Corp.,,,,,NYSE,
JACS,Jackson Acquisition Co II,,,,,NYSE,
RNGT,Range Capital Acquisition Corp II,,,,,Nasdaq,
ZIP,"ZIPRECRUITER, INC.",,,,,NYSE,
PLTS,Platinum Analytics Cayman Ltd,,,,,Nasdaq,
CNCK,Coincheck Group N.V.,,,,,Nasdaq,
MXF,MEXICO FUND INC,,,,,NYSE,
ATII,Archimedes Tech SPAC Partners II Co.,,,,,Nasdaq,
MKLY,McKinley Acquisition Corp,,,,,Nasdaq,
TVA,Texas Ventures Acquisition III Corp,,,,,Nasdaq,
FSBW,"FS Bancorp, Inc.",,,,,Nasdaq,
TEI,TEMPLETON EMERGING MARKETS INCOME FUND,,,,,NYSE,
EMF,TEMPLETON EMERGING MARKETS FUND,,,,,NYSE,
XPOF,"Xponential Fitness, Inc.",,,,,NYSE,
BRBS,"BLUE RIDGE BANKSHARES, INC.",,,,,NYSE,
AEAQ,Activate Energy Acquisition Corp.,,,,,Nasdaq,
EFR,Eaton Vance Senior Floating-Rate Trust,,,,,NYSE,
CMII,Columbus Circle Capital Corp II,,,,,Nasdaq,
SVIV,Spring Valley Acquisition Corp. IV,,,,,Nasdaq,
GRRR,Gorilla Technology Group Inc.,,,,,Nasdaq,
HBB,Hamilton Beach Brands Holding Co,,,,,NYSE,
LEGO,Legato Merger Corp. IV,,,,,NYSE,
LZM,Lifezone Metals Ltd,,,,,NYSE,
AACO,Abony Acquisition Corp. I,,,,,Nasdaq,
NODK,"NI Holdings, Inc.",,,,,Nasdaq,
RIV,"RIVERNORTH OPPORTUNITIES FUND, INC.",,,,,NYSE,
SMTI,Sanara MedTech Inc.,,,,,Nasdaq,
VACI,Viking Acquisition Corp I,,,,,NYSE,
ILLU,Illumination Acquisition Corp. I,,,,,Nasdaq,
AGEN,AGENUS INC,,,,,Nasdaq,
SAR,SARATOGA INVESTMENT CORP.,,,,,NYSE,
LPBB,Launch Two Acquisition Corp.,,,,,Nasdaq,
LWAC,LightWave Acquisition Corp.,,,,,Nasdaq,
TMTS,Spartacus Acquisition Corp. II,,,,,Nasdaq,
GBFH,GBank Financial Holdings Inc.,,,,,Nasdaq,
RAC,Rithm Acquisition Corp.,,,,,NYSE,
FDBC,FIDELITY D & D BANCORP INC,,,,,Nasdaq,
ONIT,ONITY GROUP INC.,,,,,NYSE,
UXIN,Uxin Ltd,,,,,Nasdaq,
ITHA,ITHAX Acquisition Corp III,,,,,Nasdaq,
VHCP,Vine Hill Capital Investment Corp. II,,,,,Nasdaq,
GTERA,Globa Terra Acquisition Corp,,,,,Nasdaq,
MOVE,"Corvex, Inc.",,,,,Nasdaq,
VELO,"Velo3D, Inc.",,,,,Nasdaq,
MYFW,First Western Financial Inc,,,,,Nasdaq,
AIRJ,AirJoule Technologies Corp.,,,,,Nasdaq,
OSS,"ONE STOP SYSTEMS, INC.",,,,,Nasdaq,
EFTY,"ETOILES CAPITAL GROUP CO., LTD",,,,,Nasdaq,
FNRN,FIRST NORTHERN COMMUNITY BANCORP,,,,,Nasdaq,
BIXI,Bitcoin Infrastructure Acquisition Corp Ltd,,,,,Nasdaq,
IRD,"Opus Genetics, Inc.",,,,,Nasdaq,
JENA,JENA ACQUISITION Corp II,,,,,NYSE,
ISBA,ISABELLA BANK CORP,,,,,Nasdaq,
BRBI,BRBI BR Partners S.A.,,,,,Nasdaq,
FLXS,FLEXSTEEL INDUSTRIES INC,,,,,Nasdaq,
AMRN,AMARIN CORP PLCUK,,,,,Nasdaq,
JAKK,JAKKS PACIFIC INC,,,,,Nasdaq,
QLEP,Quantum Leap Acquisition Corp,,,,,NYSE,
HVMC,Highview Merger Corp.,,,,,Nasdaq,
DSX,DIANA SHIPPING INC.,,,,,NYSE,
GSRF,GSR IV Acquisition Corp.,,,,,Nasdaq,
ARQQ,Arqit Quantum Inc.,,,,,Nasdaq,
FUND,SPROTT FOCUS TRUST INC.,,,,,Nasdaq,
PSBD,Palmer Square Capital BDC Inc.,,,,,NYSE,
VOXR,VOX ROYALTY CORP.,,,,,Nasdaq,
CBNA,CHAIN BRIDGE BANCORP INC,,,,,NYSE,
NHIC,NewHold Investment Corp. III,,,,,Nasdaq,
ALMU,"Aeluma, Inc.",,,,,Nasdaq,
RM,Regional Management Corp.,,,,,NYSE,
ARDC,"Ares Dynamic Credit Allocation Fund, Inc.",,,,,NYSE,
HRZN,Horizon Technology Finance Corp,,,,,Nasdaq,
ACGC,ACP Holdings Acquisition Corp.,,,,,Nasdaq,
CION,CION Investment Corp,,,,,NYSE,
MTNE,CH4 Natural Solutions Corp,,,,,NYSE,
GPAC,General Purpose Acquisition Corp.,,,,,Nasdaq,
FOSL,"Fossil Group, Inc.",,,,,Nasdaq,
SVAQ,Silicon Valley Acquisition Corp.,,,,,Nasdaq,
HCAC,Hall Chadwick Acquisition Corp,,,,,Nasdaq,
IRHO,Iron Horse Acquisition II Corp.,,,,,Nasdaq,
BACC,Blue Acquisition Corp/Cayman,,,,,Nasdaq,
AACB,Artius II Acquisition Inc.,,,,,Nasdaq,
AACP,Apogee Acquisition Corp,,,,,Nasdaq,
KINS,"KINGSTONE COMPANIES, INC.",,,,,Nasdaq,
NCZ,Virtus Convertible & Income Fund II,,,,,NYSE,
GYGY,Game Your Game Inc.,,,,,Nasdaq,
ADAC,American Drive Acquisition Co,,,,,Nasdaq,
OIA,Invesco Municipal Income Opportunities Trust,,,,,NYSE,
FXNC,FIRST NATIONAL CORP /VA/,,,,,Nasdaq,
RILY,"BRC Group Holdings, Inc.",,,,,Nasdaq,
KPET,KPET Ultra Paceline Corp,,,,,NYSE,
SUPX,SuperX AI Technology Ltd,,,,,Nasdaq,
FGII,FG Imperii Acquisition Corp.,,,,,Nasdaq,
DSM,"BNY MELLON STRATEGIC MUNICIPAL BOND FUND, INC.",,,,,NYSE,
UCFI,CN Healthy Food Tech Group Corp.,,,,,Nasdaq,
XFLT,XAI Floating Rate & Alternative Income Trust,,,,,NYSE,
FATE,FATE THERAPEUTICS INC,,,,,Nasdaq,
LPCV,Launchpad Cadenza Acquisition Corp I,,,,,Nasdaq,
AFRI,Forafric Global PLC,,,,,Nasdaq,
SGHT,"Sight Sciences, Inc.",,,,,Nasdaq,
RMM,"RiverNorth Managed Duration Municipal Income Fund, Inc.",,,,,NYSE,
LCNB,LCNB CORP,,,,,Nasdaq,
AENT,ALLIANCE ENTERTAINMENT HOLDING CORP,,,,,Nasdaq,
TVAI,Thayer Ventures Acquisition Corp II,,,,,Nasdaq,
BPRN,"Princeton Bancorp, Inc.",,,,,Nasdaq,
ZH,Zhihu Inc.,,,,,NYSE,
FUNC,FIRST UNITED CORP/MD/,,,,,Nasdaq,
XCBE,X3 Acquisition Corp. Ltd.,,,,,Nasdaq,
OVLY,Oak Valley Bancorp,,,,,Nasdaq,
ACV,Virtus Diversified Income & Convertible Fund,,,,,NYSE,
EOD,ALLSPRING GLOBAL DIVIDEND OPPORTUNITY FUND,,,,,NYSE,
NPCT,Nuveen Core Plus Impact Fund,,,,,NYSE,
FRAF,FRANKLIN FINANCIAL SERVICES CORP /PA/,,,,,Nasdaq,
TMCI,"TREACE MEDICAL CONCEPTS, INC.",,,,,Nasdaq,
CLLS,Cellectis S.A.,,,,,Nasdaq,
NHIV,NewHold Investment Corp IV,,,,,Nasdaq,
HLXC,Helix Acquisition Corp. III,,,,,Nasdaq,
TLSI,"TriSalus Life Sciences, Inc.",,,,,Nasdaq,
TSSI,"TSS, Inc.",,,,,Nasdaq,
BRT,BRT Apartments Corp.,,,,,NYSE,
SBXD,SilverBox Corp IV,,,,,NYSE,
NEGG,"Newegg Commerce, Inc.",,,,,Nasdaq,
ESCA,ESCALADE INC,,,,,Nasdaq,
XSLL,Xsolla SPAC 1,,,,,Nasdaq,
OSUR,ORASURE TECHNOLOGIES INC,,,,,Nasdaq,
HVII,Hennessy Capital Investment Corp. VII,,,,,Nasdaq,
SABS,"SAB Biotherapeutics, Inc.",,,,,Nasdaq,
SHMD,SCHMID Group N.V.,,,,,Nasdaq,
CEPO,"Cantor Equity Partners I, Inc.",,,,,Nasdaq,
DUOT,"DUOS TECHNOLOGIES GROUP, INC.",,,,,Nasdaq,
MUZE,Muzero Acquisition Corp,,,,,Nasdaq,
INV,"Innventure, Inc.",,,,,Nasdaq,
ESOA,Energy Services of America CORP,,,,,Nasdaq,
TDF,TEMPLETON DRAGON FUND INC,,,,,NYSE,
SLGL,Sol-Gel Technologies Ltd.,,,,,Nasdaq,
IONR,ioneer Ltd,,,,,Nasdaq,
RELL,"RICHARDSON ELECTRONICS, LTD.",,,,,Nasdaq,
PROF,Profound Medical Corp.,,,,,Nasdaq,
ASYS,AMTECH SYSTEMS INC,,,,,Nasdaq,
JILL,"J.Jill, Inc.",,,,,NYSE,
ELLO,Ellomay Capital Ltd.,,,,,NYSE,
CFFI,C & F FINANCIAL CORP,,,,,Nasdaq,
TCPC,BlackRock TCP Capital Corp.,,,,,Nasdaq,
DNMX,Dynamix Corp III,,,,,Nasdaq,
NSLR,Neostellar Capital Corp.,,,,,Nasdaq,
PMM,PUTNAM MANAGED MUNICIPAL INCOME TRUST,,,,,NYSE,
ATLO,AMES NATIONAL CORP,,,,,Nasdaq,
HWBK,"HAWTHORN BANCSHARES, INC.",,,,,Nasdaq,
ALXO,ALX ONCOLOGY HOLDINGS INC,,,,,Nasdaq,
RLTY,Cohen & Steers Real Estate Opportunities & Income Fund,,,,,NYSE,
AVNW,"AVIAT NETWORKS, INC.",,,,,Nasdaq,
OPTX,"SYNTEC OPTICS HOLDINGS, INC.",,,,,Nasdaq,
TKNO,"Alpha Teknova, Inc.",,,,,Nasdaq,
RAIL,"FreightCar America, Inc.",,,,,Nasdaq,
MBI,MBIA INC,,,,,NYSE,
SVCO,"Silvaco Group, Inc.",,,,,Nasdaq,
OACC,Oaktree Acquisition Corp. III Life Sciences,,,,,Nasdaq,
GTE,GRAN TIERRA ENERGY INC.,,,,,NYSE,
ELDN,"Eledon Pharmaceuticals, Inc.",,,,,Nasdaq,
WLII,Willow Lane Acquisition Corp. II,,,,,Nasdaq,
DMAA,Drugs Made In America Acquisition Corp.,,,,,Nasdaq,
CPZ,Calamos Long/Short Equity & Dynamic Income Trust,,,,,Nasdaq,
FACT,FACT II Acquisition Corp.,,,,,Nasdaq,
AZ,A2Z CUST2MATE SOLUTIONS CORP.,,,,,Nasdaq,
WNEB,"Western New England Bancorp, Inc.",,,,,Nasdaq,
NTWO,Newbury Street II Acquisition Corp,,,,,Nasdaq,
CMRC,"Commerce.com, Inc.",,,,,Nasdaq,
TRGS,TRG Latin America Acquisitions Corp.,,,,,Nasdaq,
NKSH,NATIONAL BANKSHARES INC,,,,,Nasdaq,
PLMK,"Plum Acquisition Corp, IV",,,,,Nasdaq,
SRZN,"Surrozen, Inc./DE",,,,,Nasdaq,
VNME,Vendome Acquisition Corp I,,,,,Nasdaq,
SMHI,SEACOR Marine Holdings Inc.,,,,,NYSE,
MPAA,MOTORCAR PARTS OF AMERICA INC,,,,,Nasdaq,
VRXA,Veraxa Biotech Holding AG,,,,,Nasdaq,
NNBR,NN INC,,,,,Nasdaq,
ERC,ALLSPRING MULTI-SECTOR INCOME FUND,,,,,NYSE,
RC,Ready Capital Corp,,,,,NYSE,
INBK,First Internet Bancorp,,,,,Nasdaq,
KWY,KINGSWAY Corp,,,,,NYSE,
CURV,Torrid Holdings Inc.,,,,,NYSE,
PCYO,PURE CYCLE CORP,,,,,Nasdaq,
DSC,DSC Holdings Ltd.,,,,,Nasdaq,
HMH,HMH Holding Inc,,,,,Nasdaq,
MNTK,"Montauk Renewables, Inc.",,,,,Nasdaq,
IMMR,IMMERSION CORP,,,,,Nasdaq,
SCII,SC II Acquisition Corp.,,,,,Nasdaq,
IPVV,"InterPrivate Investment Partners V, Inc.",,,,,Nasdaq,
ANIK,"Anika Therapeutics, Inc.",,,,,Nasdaq,
IFRX,InflaRx N.V.,,,,,Nasdaq,
OPRT,Oportun Financial Corp,,,,,Nasdaq,
RMBI,"Richmond Mutual Bancorporation, Inc.",,,,,Nasdaq,
VABK,Virginia National Bankshares Corp,,,,,Nasdaq,
CAQ,Cambridge Acquisition Corp.,,,,,Nasdaq,
QADR,QDRO Acquisition Corp.,,,,,Nasdaq,
OHAC,Oceanhawk Acquisition Corp.,,,,,Nasdaq,
FLWS,1 800 FLOWERS COM INC,,,,,Nasdaq,
NUW,Nuveen AMT-Free Municipal Value Fund,,,,,NYSE,
COPL,Copley Acquisition Corp,,,,,NYSE,
FBLA,"FB Bancorp, Inc. /MD/",,,,,Nasdaq,
REFI,"Chicago Atlantic Real Estate Finance, Inc.",,,,,Nasdaq,
ADAG,Adagene Inc.,,,,,Nasdaq,
LAW,"CS Disco, Inc.",,,,,NYSE,
CMTG,"Claros Mortgage Trust, Inc.",,,,,NYSE,
AUDC,AUDIOCODES LTD,,,,,Nasdaq,
RDNW,"RideNow Group, Inc.",,,,,Nasdaq,
CNDT,CONDUENT Inc,,,,,Nasdaq,
PRQR,ProQR Therapeutics N.V.,,,,,Nasdaq,
TTRX,Turn Therapeutics Inc.,,,,,Nasdaq,
RCS,"PIMCO STRATEGIC INCOME FUND, INC.",,,,,NYSE,
INR,"INFINITY NATURAL RESOURCES, INC.",,,,,NYSE,
LTRX,LANTRONIX INC,,,,,Nasdaq,
FRD,FRIEDMAN INDUSTRIES INC,,,,,Nasdaq,
SOCA,Solarius Capital Acquisition Corp.,,,,,Nasdaq,
MCGA,Yorkville Acquisition Corp.,,,,,Nasdaq,
SNFCA,SECURITY NATIONAL FINANCIAL CORP,,,,,Nasdaq,
TBCH,Turtle Beach Corp,,,,,Nasdaq,
LX,LexinFintech Holdings Ltd.,,,,,Nasdaq,
DYNC,Dynamix Corp,,,,,Nasdaq,
PN,PN Smart Energy Ltd,,,,,Nasdaq,
CIA,"CITIZENS, INC.",,,,,NYSE,
IGAC,Invest Green Acquisition Corp,,,,,Nasdaq,
SSAC,SPACSphere Acquisition Corp.,,,,,Nasdaq,
OSG,OCTAVE SPECIALTY GROUP INC,,,,,NYSE,
OBIO,"Orchestra BioMed Holdings, Inc.",,,,,Nasdaq,
ASUR,ASURE SOFTWARE INC,,,,,Nasdaq,
MGNX,MACROGENICS INC,,,,,Nasdaq,
MMT,ABERDEEN MULTI-MARKET INCOME FUND,,,,,NYSE,
PMTS,CPI Card Group Inc.,,,,,Nasdaq,
TDWD,Tailwind 2.0 Acquisition Corp.,,,,,Nasdaq,
MACI,Melar Acquisition Corp. I/Cayman,,,,,Nasdaq,
QUIK,QUICKLOGIC Corp,,,,,Nasdaq,
ACRE,Ares Commercial Real Estate Corp,,,,,NYSE,
LMNR,Limoneira CO,,,,,Nasdaq,
NXDT,NEXPOINT DIVERSIFIED REAL ESTATE TRUST,,,,,NYSE,
VFF,"Village Farms International, Inc.",,,,,Nasdaq,
EIC,Eagle Point Income Co Inc.,,,,,NYSE,
KF,KOREA FUND INC,,,,,NYSE,
PSF,"Cohen & Steers Select Preferred & Income Fund, Inc.",,,,,NYSE,
TWLV,Twelve Seas Investment Co III/Cayman,,,,,Nasdaq,
CFBK,CF BANKSHARES INC.,,,,,Nasdaq,
LATA,Galata Acquisition Corp. II,,,,,Nasdaq,
BLRK,Bluerock Acquisition Corp.,,,,,Nasdaq,
SUMA,SUMA Acquisition Corp,,,,,Nasdaq,
FUFU,Bitfufu Inc.,,,,,Nasdaq,
FOCL,EDAP TMS SA,,,,,Nasdaq,
LOVE,Lovesac Co,,,,,Nasdaq,
ORBS,Eightco Holdings Inc.,,,,,Nasdaq,
DYOR,Insight Digital Partners II,,,,,Nasdaq,
OPBK,OP Bancorp,,,,,Nasdaq,
RWAY,Runway Growth Finance Corp.,,,,,Nasdaq,
MRBK,Meridian Corp,,,,,Nasdaq,
PEBK,PEOPLES BANCORP OF NORTH CAROLINA INC,,,,,Nasdaq,
SVCC,Stellar V Capital Corp. (Cayman Islands),,,,,Nasdaq,
BIII,Black Spade Acquisition III Co,,,,,NYSE,
MFIN,MEDALLION FINANCIAL CORP,,,,,Nasdaq,
IRAB,Iris Acquisition Corp II,,,,,NYSE,
LTGR,Long Table Growth Corp.,,,,,Nasdaq,
SILC,SILICOM LTD.,,,,,Nasdaq,
CRAC,Crown Reserve Acquisition Corp. I,,,,,Nasdaq,
CMTV,COMMUNITY BANCORP /VT,,,,,Nasdaq,
CXDO,"Crexendo, Inc.",,,,,Nasdaq,
RACC,Research Alliance Corp III,,,,,Nasdaq,
ACIU,AC Immune SA,,,,,Nasdaq,
MAGH,Magnitude International Ltd,,,,,Nasdaq,
RNAC,"Cartesian Therapeutics, Inc.",,,,,Nasdaq,
CD,Chaince Digital Holdings Inc.,,,,,Nasdaq,
ALOT,"AstroNova, Inc.",,,,,Nasdaq,
WALD,Waldencast plc,,,,,Nasdaq,
SITC,SITE Centers Corp.,,,,,NYSE,
RGCO,RGC RESOURCES INC,,,,,Nasdaq,
SPOK,"Spok Holdings, Inc",,,,,Nasdaq,
UTMD,UTAH MEDICAL PRODUCTS INC,,,,,Nasdaq,
GDEV,GDEV Inc.,,,,,Nasdaq,
MFM,ABERDEEN MUNICIPAL INCOME FUND,,,,,NYSE,
MITT,"TPG Mortgage Investment Trust, Inc.",,,,,NYSE,
ONCH,1RT Acquisition Corp.,,,,,Nasdaq,
EFSI,EAGLE FINANCIAL SERVICES INC,,,,,Nasdaq,
RTB,"RTB Digital, Inc.",,,,,Nasdaq,
SABA,Saba Capital Income & Opportunities Fund II,,,,,NYSE,
BDSX,BIODESIX INC,,,,,Nasdaq,
CHRS,"Coherus Oncology, Inc.",,,,,Nasdaq,
TOYO,"TOYO Co., Ltd",,,,,Nasdaq,
PTAC,Patriot Acquisition Corp./CI,,,,,Nasdaq,
MAMK,MaxsMaking Inc.,,,,,Nasdaq,
AOMR,"Angel Oak Mortgage REIT, Inc.",,,,,NYSE,
SRV,NXG Cushing Midstream Energy Fund,,,,,NYSE,
FORR,"FORRESTER RESEARCH, INC.",,,,,Nasdaq,
FF,FutureFuel Corp.,,,,,NYSE,
GSIT,GSI TECHNOLOGY INC,,,,,Nasdaq,
IDAC,Iron Dome Acquisition I Corp.,,,,,Nasdaq,
CGEN,COMPUGEN LTD,,,,,Nasdaq,
PNNT,PENNANTPARK INVESTMENT CORP,,,,,NYSE,
SCM,Stellus Capital Investment Corp,,,,,NYSE,
GSHR,Gesher Acquisition Corp. II,,,,,Nasdaq,
IMPP,Imperial Petroleum Inc./Marshall Islands,,,,,Nasdaq,
SPMC,"Sound Point Meridian Capital, Inc.",,,,,NYSE,
CZWI,Citizens Community Bancorp Inc.,,,,,Nasdaq,
UIS,UNISYS CORP,,,,,NYSE,
FCAP,FIRST CAPITAL INC,,,,,Nasdaq,
TSI,TCW STRATEGIC INCOME FUND INC,,,,,NYSE,
EGHA,EGH Acquisition Corp.,,,,,Nasdaq,
LIEN,"Chicago Atlantic BDC, Inc.",,,,,Nasdaq,
CCAQ,COLLECTIVE ACQUISITION CORP.,,,,,Nasdaq,
PALO,PALOMA ACQUISITION CORP I,,,,,Nasdaq,
AIRO,"AIRO Group Holdings, Inc.",,,,,Nasdaq,
NPV,NUVEEN VIRGINIA QUALITY MUNICIPAL INCOME FUND,,,,,NYSE,
LODE,Comstock Inc.,,,,,NYSE,
HAVA,Harvard Ave Acquisition Corp,,,,,Nasdaq,
TROO,"Troops, Inc. /Cayman Islands/",,,,,Nasdaq,
GENC,GENCOR INDUSTRIES INC,,,,,NYSE,
TDAC,Translational Development Acquisition Corp.,,,,,Nasdaq,
UP,Wheels Up Experience Inc.,,,,,NYSE,
CTAA,Clearthink 1 Acquisition Corp.,,,,,Nasdaq,
GWRS,"Global Water Resources, Inc.",,,,,Nasdaq,
JRVR,"James River Group Holdings, Inc.",,,,,Nasdaq,
AESP,Aeon Acquisition I Corp.,,,,,Nasdaq,
AIFU,AIFU Inc.,,,,,Nasdaq,
TVIV,Texas Ventures Acquisition IV Corp,,,,,Nasdaq,
MDV,"MODIV INDUSTRIAL, INC.",,,,,NYSE,
MSLE,Satellos Bioscience Inc.,,,,,Nasdaq,
BCAR,D. Boral ARC Acquisition I Corp.,,,,,Nasdaq,
SES,SES AI Corp,,,,,NYSE,
CMT,CORE MOLDING TECHNOLOGIES INC,,,,,NYSE,
ONEW,OneWater Marine Inc.,,,,,Nasdaq,
KLTR,KALTURA INC,,,,,Nasdaq,
NEN,NEW ENGLAND REALTY ASSOCIATES LIMITED PARTNERSHIP,,,,,NYSE,
FOA,Finance of America Companies Inc.,,,,,NYSE,
ATOM,Atomera Inc,,,,,Nasdaq,
CPSS,"CONSUMER PORTFOLIO SERVICES, INC.",,,,,Nasdaq,
KTWO,K2 Capital Acquisition Corp,,,,,Nasdaq,
RCMT,"RCM TECHNOLOGIES, INC.",,,,,Nasdaq,
NIU,Niu Technologies,,,,,Nasdaq,
BEBE,TGE Value Creative Solutions Corp,,,,,NYSE,
REA,"Rare Earths Americas, Inc.",,,,,NYSE,
GALT,GALECTIN THERAPEUTICS INC,,,,,Nasdaq,
FIGX,FIGX Capital Acquisition Corp.,,,,,Nasdaq,
III,Information Services Group Inc.,,,,,Nasdaq,
BGIN,BGIN BLOCKCHAIN Ltd,,,,,Nasdaq,
DAAQ,Digital Asset Acquisition Corp.,,,,,Nasdaq,
OVBC,OHIO VALLEY BANC CORP,,,,,Nasdaq,
PPIH,"Perma-Pipe International Holdings, Inc.",,,,,Nasdaq,
ETX,Eaton Vance Municipal Income 2028 Term Trust,,,,,NYSE,
ETSS,Energy Transition Special Opportunities,,,,,NYSE,
APMC,AmperCap Acquisition Co,,,,,Nasdaq,
IDE,"Voya Infrastructure, Industrials & Materials Fund",,,,,NYSE,
BANX,ArrowMark Financial Corp.,,,,,Nasdaq,
AIIA,AI Infrastructure Acquisition Corp.,,,,,NYSE,
BID,Tribeca Strategic Acquisition Corp.,,,,,Nasdaq,
PERF,Perfect Corp.,,,,,NYSE,
ANTX,"AN2 Therapeutics, Inc.",,,,,Nasdaq,
CRNT,CERAGON NETWORKS LTD,,,,,Nasdaq,
SMRT,"SmartRent, Inc.",,,,,NYSE,
VUZI,Vuzix Corp,,,,,Nasdaq,
TII,Titan Mining Corp,,,,,NYSE,
DMB,"BNY Mellon Municipal Bond Infrastructure Fund, Inc.",,,,,NYSE,
FNWD,Finward Bancorp,,,,,Nasdaq,
RICK,"RCI HOSPITALITY HOLDINGS, INC.",,,,,Nasdaq,
XYF,X Financial,,,,,NYSE,
LCUT,"LIFETIME BRANDS, INC",,,,,Nasdaq,
STRW,"Strawberry Fields REIT, Inc.",,,,,NYSE,
LFAC,Leapfrog Acquisition Corp,,,,,Nasdaq,
NUCL,Eagle Nuclear Energy Corp.,,,,,Nasdaq,
OPP,"RiverNorth/DoubleLine Strategic Opportunity Fund, Inc.",,,,,NYSE,
NRO,NEUBERGER REAL ESTATE SECURITIES INCOME FUND INC,,,,,NYSE,
LARK,LANDMARK BANCORP INC,,,,,Nasdaq,
AREC,American Resources Corp,,,,,Nasdaq,
IMUX,"IMMUNIC, INC.",,,,,Nasdaq,
PDEX,PRO DEX INC,,,,,Nasdaq,
WHWK,"Whitehawk Therapeutics, Inc.",,,,,Nasdaq,
KRMD,"KORU Medical Systems, Inc.",,,,,Nasdaq,
FINW,Finwise Bancorp,,,,,Nasdaq,
HNVR,"Hanover Bancorp, Inc. /MD",,,,,Nasdaq,
PAL,"Proficient Auto Logistics, Inc",,,,,Nasdaq,
RBKB,"Rhinebeck Bancorp, Inc.",,,,,Nasdaq,
CBFV,"CB Financial Services, Inc.",,,,,Nasdaq,
SGC,"SUPERIOR GROUP OF COMPANIES, INC.",,,,,Nasdaq,
INFU,"InfuSystem Holdings, Inc",,,,,NYSE,
EBMT,"Eagle Bancorp Montana, Inc.",,,,,Nasdaq,
SND,"Smart Sand, Inc.",,,,,Nasdaq,
HITI,High Tide Inc.,,,,,Nasdaq,
EGAN,EGAIN Corp,,,,,Nasdaq,
SY,So-Young International Inc.,,,,,Nasdaq,
NBP,NovaBridge Biosciences,,,,,Nasdaq,
NERV,"Minerva Neurosciences, Inc.",,,,,Nasdaq,
WIA,WESTERN ASSET INFLATION-LINKED INCOME FUND,,,,,NYSE,
PLX,"Protalix BioTherapeutics, Inc.",,,,,NYSE,
KGEI,Kolibri Global Energy Inc.,,,,,Nasdaq,
KVHI,KVH INDUSTRIES INC \DE\,,,,,Nasdaq,
HQI,"HireQuest, Inc.",,,,,Nasdaq,
OTLK,"Outlook Therapeutics, Inc.",,,,,Nasdaq,
TPVG,TriplePoint Venture Growth BDC Corp.,,,,,NYSE,
MDWD,MediWound Ltd.,,,,,Nasdaq,
EVI,"EVI INDUSTRIES, INC.",,,,,NYSE,
DTIL,PRECISION BIOSCIENCES INC,,,,,Nasdaq,
ACOG,Alpha Cognition Inc.,,,,,Nasdaq,
GLDG,GoldMining Inc.,,,,,NYSE,
INSE,"Inspired Entertainment, Inc.",,,,,Nasdaq,
BWIV,Blue Water Acquisition Corp. IV,,,,,NYSE,
THRY,"Thryv Holdings, Inc.",,,,,Nasdaq,
AMWL,American Well Corp,,,,,NYSE,
OMSE,OMS Energy Technologies Inc.,,,,,Nasdaq,
BVFL,"BV Financial, Inc.",,,,,Nasdaq,
ARCL,ARC Group Acquisition I Corp.,,,,,Nasdaq,
HUMA,"Humacyte, Inc.",,,,,Nasdaq,
DHX,"DHI GROUP, INC.",,,,,NYSE,
INDP,"Indaptus Therapeutics, Inc.",,,,,Nasdaq,
ECBK,"ECB Bancorp, Inc. /MD/",,,,,Nasdaq,
TORO,TORO CORP.,,,,,Nasdaq,
PAAC,Proem Acquisition Corp. I,,,,,Nasdaq,
CHEC,Chenghe Acquisition III Co.,,,,,Nasdaq,
DERM,Journey Medical Corp,,,,,Nasdaq,
FJET,"Starfighters Space, Inc.",,,,,NYSE,
GCTS,"GCT Semiconductor Holding, Inc.",,,,,NYSE,
EHI,WESTERN ASSET GLOBAL HIGH INCOME FUND INC.,,,,,NYSE,
NLOP,Net Lease Office Properties,,,,,NYSE,
MPV,BARINGS PARTICIPATION INVESTORS,,,,,NYSE,
FTHA,Forefront Tech Holdings Acquisition Corp,,,,,Nasdaq,
COOK,"Traeger, Inc.",,,,,NYSE,
FLC,FLAHERTY & CRUMRINE TOTAL RETURN FUND INC,,,,,NYSE,
OZ,"Belpointe PREP, LLC",,,,,NYSE,
NUTR,NUSATRIP Inc,,,,,Nasdaq,
HGLB,HIGHLAND GLOBAL ALLOCATION FUND,,,,,NYSE,
DOMO,"DOMO, INC.",,,,,Nasdaq,
BRCB,"Black Rock Coffee Bar, Inc.",,,,,Nasdaq,
EAF,GRAFTECH INTERNATIONAL LTD,,,,,NYSE,
PONO,"Pono Capital Four, Inc.",,,,,Nasdaq,
NVA,Nova Minerals Corp,,,,,NYSE,
EXFY,"Expensify, Inc.",,,,,Nasdaq,
LANV,Lanvin Group Holdings Ltd,,,,,NYSE,
NGEN,NERVGEN PHARMA CORP.,,,,,Nasdaq,
LAWR,"Robot Consulting Co., Ltd.",,,,,Nasdaq,
ACB,AURORA CANNABIS INC,,,,,Nasdaq,
ALEC,"Alector, Inc.",,,,,Nasdaq,
SIDU,Sidus Space Inc.,,,,,Nasdaq,
DHF,BNY MELLON HIGH YIELD STRATEGIES FUND,,,,,NYSE,
APYX,Apyx Medical Corp,,,,,Nasdaq,
PYXS,"Pyxis Oncology, Inc.",,,,,Nasdaq,
INGN,Inogen Inc,,,,,Nasdaq,
GGT,GABELLI MULTIMEDIA TRUST INC.,,,,,NYSE,
HTLM,HomesToLife Ltd,,,,,Nasdaq,
BCBP,BCB BANCORP INC,,,,,Nasdaq,
TAVI,Tavia Acquisition Corp.,,,,,Nasdaq,
RDCM,RADCOM LTD,,,,,Nasdaq,
SEVN,Seven Hills Realty Trust,,,,,Nasdaq,
VLN,Valens Semiconductor Ltd.,,,,,NYSE,
TONX,TON Strategy Co,,,,,Nasdaq,
EPSN,Epsilon Energy Ltd.,,,,,Nasdaq,
MINE,MAYFAIR GOLD CORP.,,,,,NYSE,
ORMP,ORAMED PHARMACEUTICALS INC.,,,,,Nasdaq,
BZUN,Baozun Inc.,,,,,Nasdaq,
VBF,Invesco Bond Fund,,,,,NYSE,
LUCD,Lucid Diagnostics Inc.,,,,,Nasdaq,
ECF,ELLSWORTH GROWTH & INCOME FUND LTD,,,,,NYSE,
CRBP,"Corbus Pharmaceuticals Holdings, Inc.",,,,,Nasdaq,
BHR,Braemar Hotels & Resorts Inc.,,,,,NYSE,
MENS,Jyong Biotech Ltd.,,,,,Nasdaq,
TAYD,"TAYLOR DEVICES, INC.",,,,,Nasdaq,
BSET,BASSETT FURNITURE INDUSTRIES INC,,,,,Nasdaq,
MNSB,"MainStreet Bancshares, Inc.",,,,,Nasdaq,
SBFG,"SB FINANCIAL GROUP, INC.",,,,,Nasdaq,
NMP,NMP Acquisition Corp.,,,,,Nasdaq,
NINE,"Nine Energy Service, Inc.",,,,,NYSE,
DEFT,"Defi Technologies, Inc.",,,,,Nasdaq,
LFCR,"LIFECORE BIOMEDICAL, INC. \DE\",,,,,Nasdaq,
IPHA,Innate Pharma SA,,,,,Nasdaq,
EARN,Ellington Credit Co,,,,,NYSE,
ARCT,Arcturus Therapeutics Holdings Inc.,,,,,Nasdaq,
TNYA,"Tenaya Therapeutics, Inc.",,,,,Nasdaq,
EMIS,Emmis Acquisition Corp.,,,,,Nasdaq,
SAGU,Shreya Acquisition Group,,,,,NYSE,
WENC,West Enclave Merger Corp.,,,,,NYSE,
FGBI,"First Guaranty Bancshares, Inc.",,,,,Nasdaq,
QRED,QuasarEdge Acquisition Corp,,,,,NYSE,
YDES,YD Bio Ltd,,,,,Nasdaq,
FLX,BingEx Ltd,,,,,Nasdaq,
EVTL,Vertical Aerospace Ltd.,,,,,NYSE,
LKSP,Lake Superior Acquisition Corp,,,,,Nasdaq,
TNXP,Tonix Pharmaceuticals Holding Corp.,,,,,Nasdaq,
GLED,GalaxyEdge Acquisition Corp,,,,,NYSE,
LAFA,LaFayette Acquisition Corp.,,,,,Nasdaq,
VTN,Invesco Trust for Investment Grade New York Municipals,,,,,NYSE,
QSI,Quantum-Si Inc,,,,,Nasdaq,
AMPY,Amplify Energy Corp.,,,,,NYSE,
INTT,INTEST CORP,,,,,NYSE,
SPEG,Silver Pegasus Acquisition Corp.,,,,,Nasdaq,
FMAC,Future Money Acquisition Corp,,,,,Nasdaq,
DAVA,Endava plc,,,,,NYSE,
STRS,STRATUS PROPERTIES INC,,,,,Nasdaq,
NRDY,Nerdy Inc.,,,,,NYSE,
WPAC,White Pearl Acquisition Corp.,,,,,NYSE,
SMJF,SMJ International Holdings Inc.,,,,,NYSE,
BMN,BlackRock 2037 Municipal Target Term Trust,,,,,NYSE,
AOUT,"American Outdoor Brands, Inc.",,,,,Nasdaq,
ABOS,"Acumen Pharmaceuticals, Inc.",,,,,Nasdaq,
DLTH,DULUTH HOLDINGS INC.,,,,,Nasdaq,
CBUS,"Cibus, Inc.",,,,,Nasdaq,
EXOD,"Exodus Movement, Inc.",,,,,NYSE,
DOUG,Douglas Elliman Inc.,,,,,NYSE,
OKUR,"OnKure Therapeutics, Inc.",,,,,Nasdaq,
CVGI,"Commercial Vehicle Group, Inc.",,,,,Nasdaq,
BRR,"ProCap Financial, Inc.",,,,,Nasdaq,
TRAK,"ReposiTrak, Inc.",,,,,NYSE,
GORO,Goldgroup Mining Inc.,,,,,NYSE,
MRT,"Marti Technologies, Inc.",,,,,NYSE,
SHIM,Shimmick Corp,,,,,Nasdaq,
HCAT,"Health Catalyst, Inc.",,,,,Nasdaq,
ENTX,Entera Bio Ltd.,,,,,Nasdaq,
TONT,Graf Global Corp.,,,,,NYSE,
DPRO,Draganfly Inc.,,,,,Nasdaq,
CEPS,"Cantor Equity Partners VI, Inc.",,,,,Nasdaq,
LGCY,Legacy Education Inc.,,,,,NYSE,
HUHU,HUHUTECH International Group Inc.,,,,,Nasdaq,
INAC,Indigo Acquisition Corp.,,,,,Nasdaq,
CTW,CTW Cayman,,,,,Nasdaq,
RGP,"RESOURCES CONNECTION, INC.",,,,,Nasdaq,
MHF,WESTERN ASSET MUNICIPAL HIGH INCOME FUND INC.,,,,,NYSE,
CHCI,"Comstock Holding Companies, Inc.",,,,,Nasdaq,
YCY,AA Mission Acquisition Corp. II,,,,,NYSE,
CDXS,"CODEXIS, INC.",,,,,Nasdaq,
ONL,Orion Properties Inc.,,,,,NYSE,
PIM,PUTNAM MASTER INTERMEDIATE INCOME TRUST,,,,,NYSE,
CAN,Canaan Inc.,,,,,Nasdaq,
FIRY,Firy Inc.,,,,,NYSE,
NKTX,"Nkarta, Inc.",,,,,Nasdaq,
KRRO,"Korro Bio, Inc.",,,,,Nasdaq,
SMID,SMITH MIDLAND CORP,,,,,Nasdaq,
DIBS,"1stdibs.com, Inc.",,,,,Nasdaq,
KZIA,KAZIA THERAPEUTICS LTD,,,,,Nasdaq,
MOLN,MOLECULAR PARTNERS AG,,,,,Nasdaq,
IMDX,Insight Molecular Diagnostics Inc.,,,,,Nasdaq,
HOFT,HOOKER FURNISHINGS Corp,,,,,Nasdaq,
DMRC,Digimarc Corp,,,,,Nasdaq,
CRDL,Cardiol Therapeutics Inc.,,,,,Nasdaq,
DWSN,DAWSON GEOPHYSICAL CO,,,,,Nasdaq,
MSD,MORGAN STANLEY EMERGING MARKETS DEBT FUND INC,,,,,NYSE,
APUR,Aperture AC,,,,,Nasdaq,
TYGO,"TIGO ENERGY, INC.",,,,,Nasdaq,
STEX,Streamex Corp.,,,,,Nasdaq,
ALPX,Alpex Acquisition Corp,,,,,Nasdaq,
CNTN,"Canton Strategic Holdings, Inc.",,,,,Nasdaq,
TRAD,APEX Tech Acquisition Inc.,,,,,NYSE,
SKYX,SKYX Platforms Corp.,,,,,Nasdaq,
PFD,FLAHERTY & CRUMRINE PREFERRED & INCOME FUND INC,,,,,NYSE,
CIGL,Concorde International Group Ltd.,,,,,Nasdaq,
BHAV,BHAV Acquisition Corp,,,,,Nasdaq,
CRBU,"Caribou Biosciences, Inc.",,,,,Nasdaq,
MYX,Maywood Acquisition Corp. 2,,,,,Nasdaq,
ELME,Elme Communities,,,,,NYSE,
RRGB,RED ROBIN GOURMET BURGERS INC,,,,,Nasdaq,
XFLH,XFLH Capital Corp,,,,,NYSE,
CURI,CuriosityStream Inc.,,,,,Nasdaq,
BMHL,Bluemount Holdings Ltd,,,,,Nasdaq,
WW,"WW INTERNATIONAL, INC.",,,,,Nasdaq,
STIM,"Neuronetics, Inc.",,,,,Nasdaq,
CHPT,"ChargePoint Holdings, Inc.",,,,,NYSE,
MPA,BLACKROCK MUNIYIELD PENNSYLVANIA QUALITY FUND,,,,,NYSE,
SRBK,"SR Bancorp, Inc.",,,,,Nasdaq,
PLUN,Plutonian Acquisition Corp. II,,,,,NYSE,
ACNT,ASCENT INDUSTRIES CO.,,,,,Nasdaq,
AFBI,"Affinity Bancshares, Inc.",,,,,Nasdaq,
SPE,"SPECIAL OPPORTUNITIES FUND, INC.",,,,,NYSE,
EQ,"Equillium, Inc.",,,,,Nasdaq,
DOYU,DouYu International Holdings Ltd,,,,,Nasdaq,
SAFX,"XCF Global, Inc.",,,,,Nasdaq,
JLHL,Julong Holding Ltd,,,,,Nasdaq,
UNCY,"Unicycive Therapeutics, Inc.",,,,,Nasdaq,
RFAM,RF Acquisition Corp III,,,,,Nasdaq,
UAC,United Acquisition Corp. I,,,,,NYSE,
ATGL,Alpha Technology Group Ltd,,,,,Nasdaq,
HURA,"TuHURA Biosciences, Inc./NV",,,,,Nasdaq,
AARD,"Aardvark Therapeutics, Inc.",,,,,Nasdaq,
BOOM,DMC Global Inc.,,,,,Nasdaq,
NYXH,Nyxoah SA,,,,,Nasdaq,
RFIL,R F INDUSTRIES LTD,,,,,Nasdaq,
SCPQ,Social Commerce Partners Corp,,,,,Nasdaq,
WHF,"WhiteHorse Finance, Inc.",,,,,Nasdaq,
MRDN,Meridian Holdings Inc./NV,,,,,Nasdaq,
MIST,Milestone Pharmaceuticals Inc.,,,,,Nasdaq,
CVRX,"CVRx, Inc.",,,,,Nasdaq,
BGX,Blackstone Long-Short Credit Income Fund,,,,,NYSE,
ADCT,ADC Therapeutics SA,,,,,NYSE,
SRG,Seritage Growth Properties,,,,,NYSE,
CAAS,"China Automotive Systems, Inc.",,,,,Nasdaq,
GHI,Greystone Housing Impact Investors LP,,,,,NYSE,
SANG,Sangoma Technologies Corp,,,,,Nasdaq,
LSBK,"Lake Shore Bancorp, Inc. /MD/",,,,,Nasdaq,
WTF,Waton Financial Ltd,,,,,Nasdaq,
GNT,"GAMCO Natural Resources, Gold & Income Trust",,,,,NYSE,
HURC,HURCO COMPANIES INC,,,,,Nasdaq,
PNBK,PATRIOT NATIONAL BANCORP INC,,,,,Nasdaq,
AMBR,Amber International Holding Ltd,,,,,Nasdaq,
DLNG,Dynagas LNG Partners LP,,,,,NYSE,
OCC,OPTICAL CABLE CORP,,,,,Nasdaq,
GNLX,GENELUX Corp,,,,,Nasdaq,
SLQT,"SelectQuote, Inc.",,,,,NYSE,
HYI,Western Asset High Yield Opportunity Fund Inc.,,,,,NYSE,
BCV,BANCROFT FUND LTD,,,,,NYSE,
VECA,Vernal Capital Acquisition Corp.,,,,,NYSE,
OGI,ORGANIGRAM GLOBAL INC.,,,,,Nasdaq,
NRXP,"NRX Pharmaceuticals, Inc.",,,,,Nasdaq,
EPM,EVOLUTION PETROLEUM CORP,,,,,NYSE,
PLBY,"Playboy, Inc.",,,,,Nasdaq,
TLSA,Tiziana Life Sciences Ltd,,,,,Nasdaq,
VTVT,vTv Therapeutics Inc.,,,,,Nasdaq,
CNTB,Connect Biopharma Holdings Ltd,,,,,Nasdaq,
GRO,Brazil Potash Corp.,,,,,NYSE,
PMN,ProMIS Neurosciences Inc.,,,,,Nasdaq,
FXAC,FortuneX Acquisition Corp,,,,,Nasdaq,
TUSK,"MAMMOTH ENERGY SERVICES, INC.",,,,,Nasdaq,
JHS,JOHN HANCOCK INCOME SECURITIES TRUST,,,,,NYSE,
RYDE,Ryde Group Ltd,,,,,NYSE,
USBC,"USBC, Inc.",,,,,NYSE,
GPRO,"GoPro, Inc.",,,,,Nasdaq,
IPEX,Inflection Point Acquisition Corp. V,,,,,Nasdaq,
STXS,"Stereotaxis, Inc.",,,,,NYSE,
RMMZ,"RiverNorth Managed Duration Municipal Income Fund II, Inc.",,,,,NYSE,
BOTJ,BANK OF THE JAMES FINANCIAL GROUP INC,,,,,Nasdaq,
CGO,CALAMOS GLOBAL TOTAL RETURN FUND,,,,,Nasdaq,
CLAR,Clarus Corp,,,,,Nasdaq,
ACR,ACRES Commercial Realty Corp.,,,,,NYSE,
KULR,"KULR Technology Group, Inc.",,,,,NYSE,
AKA,A.K.A. BRANDS HOLDING CORP.,,,,,NYSE,
AXR,AMREP CORP.,,,,,NYSE,
BRCC,BRC Inc.,,,,,NYSE,
MGYR,"Magyar Bancorp, Inc.",,,,,Nasdaq,
IAF,"ABRDN AUSTRALIA EQUITY FUND, INC.",,,,,NYSE,
RENT,"Rent the Runway, Inc.",,,,,Nasdaq,
NCSM,"NCS Multistage Holdings, Inc.",,,,,Nasdaq,
SEER,"Seer, Inc.",,,,,Nasdaq,
ZVIA,Zevia PBC,,,,,NYSE,
TTEC,"TTEC Holdings, Inc.",,,,,Nasdaq,
HYNE,"Hoyne Bancorp, Inc.",,,,,Nasdaq,
FLYX,FLYEXCLUSIVE INC.,,,,,NYSE,
VENU,Venu Holding Corp,,,,,NYSE,
JELD,"JELD-WEN Holding, Inc.",,,,,NYSE,
AMPG,"AmpliTech Group, Inc.",,,,,Nasdaq,
JYNT,JOINT Corp,,,,,Nasdaq,
MX,MAGNACHIP SEMICONDUCTOR Corp,,,,,NYSE,
ENGN,enGene Therapeutics Inc.,,,,,Nasdaq,
SPRB,"SPRUCE BIOSCIENCES, INC.",,,,,Nasdaq,
MCN,XAI Madison Equity Premium Income Fund,,,,,NYSE,
AMCI,AMC Robotics Corp,,,,,Nasdaq,
PGAC,PANTAGES CAPITAL ACQUISITION Corp,,,,,Nasdaq,
ANIX,Anixa Biosciences Inc,,,,,Nasdaq,
HCHL,Happy City Holdings Ltd,,,,,Nasdaq,
DMO,Western Asset Mortgage Opportunity Fund Inc.,,,,,NYSE,
CODA,"Coda Octopus Group, Inc.",,,,,Nasdaq,
BRKH,Burtech Acquisition Corp II,,,,,Nasdaq,
GHG,GreenTree Hospitality Group Ltd.,,,,,NYSE,
NEOV,NeoVolta Inc.,,,,,Nasdaq,
CLPR,Clipper Realty Inc.,,,,,NYSE,
CHAR,Charlton Aria Acquisition Corp,,,,,Nasdaq,
WSBK,"Winchester Bancorp, Inc./MD/",,,,,Nasdaq,
TLYS,"TILLY'S, INC.",,,,,NYSE,
ANNA,"AleAnna, Inc.",,,,,Nasdaq,
BSBK,Bogota Financial Corp.,,,,,Nasdaq,
HOVR,New Horizon Aircraft Ltd.,,,,,Nasdaq,
MBOT,Microbot Medical Inc.,,,,,Nasdaq,
CUE,"Cue Biopharma, Inc.",,,,,Nasdaq,
NIM,NUVEEN SELECT MATURITIES MUNICIPAL FUND,,,,,NYSE,
ZENA,"ZenaTech, Inc.",,,,,Nasdaq,
CHGG,"CHEGG, INC",,,,,NYSE,
MXCT,"MAXCYTE, INC.",,,,,Nasdaq,
JFIN,Jiayin Group Inc.,,,,,Nasdaq,
INSG,INSEEGO CORP.,,,,,Nasdaq,
PLYX,"Polaryx Therapeutics, Inc.",,,,,Nasdaq,
BZAI,"Blaize Holdings, Inc.",,,,,Nasdaq,
QUMS,Quantumsphere Acquisition Corp,,,,,Nasdaq,
PAI,Western Asset Investment Grade Income Fund Inc.,,,,,NYSE,
OPRX,OptimizeRx Corp,,,,,Nasdaq,
SCOR,"COMSCORE, INC.",,,,,Nasdaq,
VATE,INNOVATE Corp.,,,,,NYSE,
PROV,PROVIDENT FINANCIAL HOLDINGS INC,,,,,Nasdaq,
STHO,Star Holdings,,,,,Nasdaq,
VANI,"Vivani Medical, Inc.",,,,,Nasdaq,
LAKE,LAKELAND INDUSTRIES INC,,,,,Nasdaq,
GUTS,"FRACTYL HEALTH, INC.",,,,,Nasdaq,
NDLS,NOODLES & Co,,,,,Nasdaq,
BGM,BGM Group Ltd.,,,,,Nasdaq,
XGN,EXAGEN INC.,,,,,Nasdaq,
BAER,"Bridger Aerospace Group Holdings, Inc.",,,,,Nasdaq,
BNC,CEA Industries Inc.,,,,,Nasdaq,
SFBC,"Sound Financial Bancorp, Inc.",,,,,Nasdaq,
RANI,"Rani Therapeutics Holdings, Inc.",,,,,Nasdaq,
HDRN,"Hadron Energy, Inc.",,,,,Nasdaq,
FNWB,First Northwest Bancorp,,,,,Nasdaq,
NOEM,CO2 Energy Transition Corp.,,,,,Nasdaq,
QSEA,Quartzsea Acquisition Corp,,,,,Nasdaq,
BRLT,"Brilliant Earth Group, Inc.",,,,,Nasdaq,
SBI,WESTERN ASSET INTERMEDIATE MUNI FUND INC.,,,,,NYSE,
UNB,UNION BANKSHARES INC,,,,,Nasdaq,
AMTX,"AEMETIS, INC",,,,,Nasdaq,
RVSB,RIVERVIEW BANCORP INC,,,,,Nasdaq,
KEQU,KEWAUNEE SCIENTIFIC CORP /DE/,,,,,Nasdaq,
SUNS,"Sunrise Realty Trust, Inc.",,,,,Nasdaq,
COE,51Talk Online Education Group,,,,,NYSE,
PODC,"PodcastOne, Inc.",,,,,Nasdaq,
HERE,Here Group Ltd,,,,,Nasdaq,
RPID,"RAPID MICRO BIOSYSTEMS, INC.",,,,,Nasdaq,
CHPG,ChampionsGate Acquisition Corp,,,,,Nasdaq,
USGO,U.S. GoldMining Inc.,,,,,Nasdaq,
NICM,NICOLA MINING INC.,,,,,Nasdaq,
FURY,FURY GOLD MINES LTD,,,,,NYSE,
CCLD,"CareCloud, Inc.",,,,,Nasdaq,
FLNT,"Fluent, Inc.",,,,,Nasdaq,
PBHC,"Pathfinder Bancorp, Inc.",,,,,Nasdaq,
ZJK,"ZJK Industrial Co., Ltd.",,,,,Nasdaq,
EGG,ENIGMATIG LTD,,,,,NYSE,
BYRN,Byrna Technologies Inc.,,,,,Nasdaq,
RFL,"Rafael Holdings, Inc.",,,,,NYSE,
ICCC,IMMUCELL CORP /DE/,,,,,Nasdaq,
SPKL,Spark I Acquisition Corp,,,,,Nasdaq,
VERI,"Veritone, Inc.",,,,,Nasdaq,
WRAP,"WRAP TECHNOLOGIES, INC.",,,,,Nasdaq,
BUDA,"BUDA JUICE, INC.",,,,,NYSE,
VRA,"Vera Bradley, Inc.",,,,,Nasdaq,
TGEN,TECOGEN INC.,,,,,NYSE,
EP,EMPIRE PETROLEUM CORP,,,,,NYSE,
YDDL,One & one Green Technologies. INC,,,,,Nasdaq,
PCF,HIGH INCOME SECURITIES FUND,,,,,NYSE,
CPIX,CUMBERLAND PHARMACEUTICALS INC,,,,,Nasdaq,
RACD,Research Alliance Corp IV,,,,,Nasdaq,
BZFD,"BuzzFeed, Inc.",,,,,Nasdaq,
SSTI,"SOUNDTHINKING, INC.",,,,,Nasdaq,
BIYA,Baiya International Group Inc.,,,,,Nasdaq,
AMAN,Amanat Acquisition Corp.,,,,,Nasdaq,
BHM,"Bluerock Homes Trust, Inc.",,,,,NYSE,
NVX,NOVONIX Ltd,,,,,Nasdaq,
RDZN,Roadzen Inc.,,,,,Nasdaq,
PTHS,Pelthos Therapeutics Inc.,,,,,NYSE,
HSDT,Solana Co,,,,,Nasdaq,
RPT,Rithm Property Trust Inc.,,,,,NYSE,
INHD,INNO HOLDINGS INC.,,,,,Nasdaq,
COYA,"Coya Therapeutics, Inc.",,,,,Nasdaq,
RMI,"RiverNorth Opportunistic Municipal Income Fund, Inc.",,,,,NYSE,
BDTX,"Black Diamond Therapeutics, Inc.",,,,,Nasdaq,
JATT,JATT II Acquisition Corp.,,,,,Nasdaq,
AGPU,Axe Compute Inc.,,,,,Nasdaq,
MMLP,MARTIN MIDSTREAM PARTNERS L.P.,,,,,Nasdaq,
VIRC,VIRCO MFG CORPORATION,,,,,Nasdaq,
GEOS,GEOSPACE TECHNOLOGIES CORP,,,,,Nasdaq,
BWEN,"BROADWIND, INC.",,,,,Nasdaq,
JLS,Nuveen Mortgage & Income Fund/MA/,,,,,NYSE,
GLND,Greenland Energy Co,,,,,Nasdaq,
IGI,Western Asset Investment Grade Opportunity Trust Inc.,,,,,NYSE,
BYFC,BROADWAY FINANCIAL CORP \DE\,,,,,Nasdaq,
BNR,Burning Rock Biotech Ltd,,,,,Nasdaq,
INVZ,Innoviz Technologies Ltd.,,,,,Nasdaq,
HRTX,"HERON THERAPEUTICS, INC. /DE/",,,,,Nasdaq,
FDSB,"Fifth District Bancorp, Inc.",,,,,Nasdaq,
LCCC,Lakeshore Acquisition III Corp.,,,,,Nasdaq,
HYPR,"Hyperfine, Inc.",,,,,Nasdaq,
VRCA,Verrica Pharmaceuticals Inc.,,,,,Nasdaq,
LUD,Luda Technology Group Ltd,,,,,NYSE,
FTLF,"FITLIFE BRANDS, INC.",,,,,Nasdaq,
OPHC,"OptimumBank Holdings, Inc.",,,,,NYSE,
RFAI,RF Acquisition Corp II,,,,,Nasdaq,
FUSB,"FIRST US BANCSHARES, INC.",,,,,Nasdaq,
LPA,Logistic Properties of the Americas,,,,,NYSE,
NTHI,"NEONC TECHNOLOGIES HOLDINGS, INC.",,,,,Nasdaq,
IAE,Voya Asia Pacific High Dividend Equity Income Fund,,,,,NYSE,
AUBN,"AUBURN NATIONAL BANCORPORATION, INC",,,,,Nasdaq,
GCV,GABELLI CONVERTIBLE & INCOME SECURITIES FUND INC,,,,,NYSE,
EVF,Eaton Vance Senior Income Trust,,,,,NYSE,
HLP,Hongli Group Inc.,,,,,Nasdaq,
SLNG,"Stabilis Solutions, Inc.",,,,,Nasdaq,
MCAH,Mountain Crest Acquisition 6 Corp.,,,,,Nasdaq,
UBCP,UNITED BANCORP INC /OH/,,,,,Nasdaq,
SIMA,SIM Acquisition Corp. I,,,,,Nasdaq,
RFM,"RiverNorth Flexible Municipal Income Fund, Inc.",,,,,NYSE,
ORIQ,Origin Investment Corp I,,,,,Nasdaq,
MMTX,Miluna Acquisition Corp,,,,,Nasdaq,
MVIS,"MICROVISION, INC.",,,,,Nasdaq,
ONCY,ONCOLYTICS BIOTECH INC,,,,,Nasdaq,
CMCM,Cheetah Mobile Inc.,,,,,NYSE,
BCIC,BCP Investment Corp,,,,,Nasdaq,
OKYO,OKYO Pharma Ltd,,,,,Nasdaq,
OM,"Outset Medical, Inc.",,,,,Nasdaq,
SKIN,SkinHealth Systems Inc.,,,,,Nasdaq,
PECE,Peace Acquisition Corp.,,,,,Nasdaq,
GRWG,GrowGeneration Corp.,,,,,Nasdaq,
IOR,INCOME OPPORTUNITY REALTY INVESTORS INC /TX/,,,,,NYSE,
FMN,Federated Hermes Premier Municipal Income Fund,,,,,NYSE,
BMEA,"Biomea Fusion, Inc.",,,,,Nasdaq,
ULBI,ULTRALIFE CORP,,,,,Nasdaq,
REKR,"Rekor Systems, Inc.",,,,,Nasdaq,
NRT,NORTH EUROPEAN OIL ROYALTY TRUST,,,,,NYSE,
ALIS,Calisa Acquisition Corp,,,,,Nasdaq,
ARQ,"Arq, Inc.",,,,,Nasdaq,
ROC,Rank One Computing Corp,,,,,Nasdaq,
CHMI,Cherry Hill Mortgage Investment Corp,,,,,NYSE,
RLYB,Rallybio Corp,,,,,Nasdaq,
PUSA,Aureus Greenway Holdings Inc,,,,,Nasdaq,
JXG,JX Luxventure Group Inc.,,,,,Nasdaq,
ACET,"Adicet Bio, Inc.",,,,,Nasdaq,
SEAT,Vivid Seats Inc.,,,,,Nasdaq,
KLRS,"Kalaris Therapeutics, Inc.",,,,,Nasdaq,
BARK,"Bark, Inc.",,,,,NYSE,
CPBI,"Central Plains Bancshares, Inc.",,,,,Nasdaq,
PFX,PhenixFIN Corp,,,,,Nasdaq,
FVN,Future Vision II Acquisition Corp.,,,,,Nasdaq,
NAKA,Nakamoto Inc.,,,,,Nasdaq,
JFB,JFB Construction Holdings,,,,,Nasdaq,
TELO,"Telomir Pharmaceuticals, Inc.",,,,,Nasdaq,
SRFM,SURF AIR MOBILITY INC.,,,,,NYSE,
SFWL,SHENGFENG DEVELOPMENT Ltd,,,,,Nasdaq,
UYSC,UY Scuti Acquisition Corp.,,,,,Nasdaq,
PARK,"Park Dental Partners, Inc.",,,,,Nasdaq,
NMAD,"NOMAD POWER SOLUTIONS, INC.",,,,,Nasdaq,
NIPG,NIP Group Inc.,,,,,Nasdaq,
APAC,StoneBridge Acquisition II Corp,,,,,Nasdaq,
VGI,Virtus Global Multi-Sector Income Fund,,,,,NYSE,
DTI,Drilling Tools International Corp,,,,,Nasdaq,
SPAI,Safe Pro Group Inc.,,,,,Nasdaq,
VNCE,VINCE HOLDING CORP.,,,,,Nasdaq,
MWC,"Micware Co., Ltd.",,,,,Nasdaq,
WSTN,Westin Acquisition Corp,,,,,Nasdaq,
ENGS,Energys Group Ltd,,,,,Nasdaq,
PYPD,PolyPid Ltd.,,,,,Nasdaq,
GOSS,"Gossamer Bio, Inc.",,,,,Nasdaq,
ATHE,ALTERITY THERAPEUTICS LTD,,,,,Nasdaq,
TISI,TEAM INC,,,,,NYSE,
LPAA,Launch One Acquisition Corp.,,,,,Nasdaq,
OPXS,Optex Systems Holdings Inc,,,,,Nasdaq,
LFVN,Lifevantage Corp,,,,,Nasdaq,
SDA,SunCar Technology Group Inc.,,,,,Nasdaq,
CPHC,Canterbury Park Holding Corp,,,,,Nasdaq,
SOTK,SONO TEK CORP,,,,,Nasdaq,
HFFG,HF Foods Group Inc.,,,,,Nasdaq,
EMPD,Empery Digital Inc.,,,,,Nasdaq,
ARBE,Arbe Robotics Ltd.,,,,,Nasdaq,
CGTX,COGNITION THERAPEUTICS INC,,,,,Nasdaq,
DTF,DTF TAX-FREE INCOME 2028 TERM FUND INC,,,,,NYSE,
BTMD,biote Corp.,,,,,Nasdaq,
SERA,"SERA PROGNOSTICS, INC.",,,,,Nasdaq,
BSAA,BEST SPAC I Acquisition Corp.,,,,,Nasdaq,
ISPR,Ispire Technology Inc.,,,,,Nasdaq,
FSEA,"First Seacoast Bancorp, Inc.",,,,,Nasdaq,
GIBO,GIBO HOLDINGS Ltd,,,,,Nasdaq,
ATLX,Atlas Lithium Corp,,,,,Nasdaq,
FATN,Fatpipe Inc/UT,,,,,Nasdaq,
CSPI,CSP INC /MA/,,,,,Nasdaq,
ZTEK,Zentek Ltd.,,,,,Nasdaq,
MAYS,MAYS J W INC,,,,,Nasdaq,
MNTS,Momentus Inc.,,,,,Nasdaq,
BNAI,Brand Engagement Network Inc.,,,,,Nasdaq,
MYPS,"PLAYSTUDIOS, Inc.",,,,,Nasdaq,
NRXS,"Neuraxis, INC",,,,,NYSE,
SSEA,STARRY SEA ACQUISITION CORP,,,,,Nasdaq,
GLV,Clough Global Dividend & Income Fund,,,,,NYSE,
WATT,Energous Corp,,,,,Nasdaq,
WBX,Wallbox N.V.,,,,,NYSE,
SRL,Scully Royalty Ltd.,,,,,NYSE,
NTIC,NORTHERN TECHNOLOGIES INTERNATIONAL CORP,,,,,Nasdaq,
ZKIN,"ZK International Group Co., Ltd.",,,,,Nasdaq,
CPSH,CPS TECHNOLOGIES CORP/DE/,,,,,Nasdaq,
HNNA,HENNESSY ADVISORS INC,,,,,Nasdaq,
ZTG,Zenta Group Co Ltd,,,,,Nasdaq,
MDIA,Mediaco Holding Inc.,,,,,Nasdaq,
ATRA,"Atara Biotherapeutics, Inc.",,,,,Nasdaq,
SAMG,Silvercrest Asset Management Group Inc.,,,,,Nasdaq,
ASRV,AMERISERV FINANCIAL INC /PA/,,,,,Nasdaq,
GNSS,Genasys Inc.,,,,,Nasdaq,
MCHX,MARCHEX INC,,,,,Nasdaq,
ZONE,"CleanCore Solutions, Inc.",,,,,NYSE,
WTG,Wintergreen Acquisition Corp.,,,,,Nasdaq,
CSBR,"CHAMPIONS ONCOLOGY, INC.",,,,,Nasdaq,
DFDV,DeFi Development Corp.,,,,,Nasdaq,
MAIA,"MAIA Biotechnology, Inc.",,,,,NYSE,
BLNK,Blink Charging Co.,,,,,Nasdaq,
NEXM,NexMetals Mining Corp.,,,,,Nasdaq,
AIRT,AIR T INC,,,,,Nasdaq,
NBRG,Newbridge Acquisition Ltd,,,,,Nasdaq,
EEA,"EUROPEAN EQUITY FUND, INC / MD",,,,,NYSE,
AIRG,AIRGAIN INC,,,,,Nasdaq,
BPAC,Blueport Acquisition Ltd,,,,,Nasdaq,
LSE,"Leishen Energy Holding Co., Ltd.",,,,,Nasdaq,
ANVS,"Annovis Bio, Inc.",,,,,NYSE,
EDRY,EuroDry Ltd.,,,,,Nasdaq,
ELTX,"Elicio Therapeutics, Inc.",,,,,Nasdaq,
BEEP,Mobile Infrastructure Corp,,,,,Nasdaq,
RSSS,"Research Solutions, Inc.",,,,,Nasdaq,
NAMM,Namib Minerals,,,,,Nasdaq,
TZOO,TRAVELZOO,,,,,Nasdaq,
GNTA,Genenta Science S.p.A.,,,,,Nasdaq,
IDN,"Intellicheck, Inc.",,,,,Nasdaq,
DH,Definitive Healthcare Corp.,,,,,Nasdaq,
NMS,Nuveen Minnesota Quality Municipal Income Fund,,,,,NYSE,
ANTA,Antalpha Platform Holding Co,,,,,Nasdaq,
HIT,"Health In Tech, Inc.",,,,,Nasdaq,
PEW,GrabAGun Digital Holdings Inc.,,,,,NYSE,
AEYE,AUDIOEYE INC,,,,,Nasdaq,
OCCI,"OFS Credit Company, Inc.",,,,,Nasdaq,
GANX,"Gain Therapeutics, Inc.",,,,,Nasdaq,
ODYS,Odysight.ai Inc.,,,,,Nasdaq,
LUNG,Pulmonx Corp,,,,,Nasdaq,
IBIO,"iBio, Inc.",,,,,Nasdaq,
BODI,"Beachbody Company, Inc.",,,,,Nasdaq,
AMTD,AMTD IDEA GROUP,,,,,NYSE,
LNZA,"LanzaTech Global, Inc.",,,,,Nasdaq,
SUIG,SUI Group Holdings Ltd.,,,,,Nasdaq,
GECC,Great Elm Capital Corp.,,,,,Nasdaq,
CEV,Eaton Vance California Municipal Income Trust,,,,,NYSE,
YIBO,Planet Image International Ltd,,,,,Nasdaq,
DLHC,DLH Holdings Corp.,,,,,Nasdaq,
CSTE,Caesarstone Ltd.,,,,,Nasdaq,
GOAI,Eva Live Inc,,,,,Nasdaq,
GPMT,Granite Point Mortgage Trust Inc.,,,,,NYSE,
FRMM,FORUM MARKETS Inc,,,,,Nasdaq,
HFBL,"Home Federal Bancorp, Inc. of Louisiana",,,,,Nasdaq,
WKEY,Wisekey International Holding S.A.,,,,,Nasdaq,
SEV,Aptera Motors Corp,,,,,Nasdaq,
DTCX,"Datacentrex, Inc.",,,,,Nasdaq,
AUC,ATIF Holdings Ltd,,,,,Nasdaq,
OSTX,OS Therapies Inc,,,,,NYSE,
NPT,Texxon Holding Ltd,,,,,Nasdaq,
KG,Kestrel Group Ltd,,,,,Nasdaq,
IH,iHuman Inc.,,,,,NYSE,
TLPH,"TALPHERA, INC.",,,,,Nasdaq,
DRIO,DarioHealth Corp.,,,,,Nasdaq,
SPRO,"Spero Therapeutics, Inc.",,,,,Nasdaq,
ALPS,Alps Group Inc,,,,,Nasdaq,
PROP,Prairie Operating Co.,,,,,Nasdaq,
NNOX,Nano-X Imaging Ltd.,,,,,Nasdaq,
AURE,Aurelion Inc.,,,,,Nasdaq,
CLST,"Catalyst Bancorp, Inc.",,,,,Nasdaq,
CTM,"Castellum, Inc.",,,,,NYSE,
CATO,CATO CORP,,,,,NYSE,
PGZ,Principal Real Estate Income Fund,,,,,NYSE,
TEAD,Teads Holding Co.,,,,,Nasdaq,
SPCB,SuperCom Ltd,,,,,Nasdaq,
XBIT,XBiotech Inc.,,,,,Nasdaq,
DMA,Destra Multi-Alternative Fund,,,,,NYSE,
GENK,"GEN Restaurant Group, Inc.",,,,,Nasdaq,
LONA,"LeonaBio, Inc.",,,,,Nasdaq,
NCTY,The9 LTD,,,,,Nasdaq,
SIEB,SIEBERT FINANCIAL CORP,,,,,Nasdaq,
ZEPP,Zepp Health Corp,,,,,NYSE,
NSTS,"NSTS Bancorp, Inc.",,,,,Nasdaq,
KNDI,"Kandi Technologies Group, Inc.",,,,,Nasdaq,
ACRV,"Acrivon Therapeutics, Inc.",,,,,Nasdaq,
CRDF,"Cardiff Oncology, Inc.",,,,,Nasdaq,
HMR,Heidmar Maritime Holdings Corp.,,,,,Nasdaq,
ROLR,"High Roller Technologies, Inc.",,,,,NYSE,
LFS,"LEIFRAS Co., Ltd.",,,,,Nasdaq,
MNOV,MEDICINOVA INC,,,,,Nasdaq,
GRSD,GRANDSTAND Ltd,,,,,Nasdaq,
ASPS,ALTISOURCE PORTFOLIO SOLUTIONS S.A.,,,,,Nasdaq,
MB,MASTERBEEF GROUP,,,,,Nasdaq,
KVAC,Keen Vision Acquisition Corp.,,,,,Nasdaq,
DCGO,DocGo Inc.,,,,,Nasdaq,
PLRX,"PLIANT THERAPEUTICS, INC.",,,,,Nasdaq,
FSI,FLEXIBLE SOLUTIONS INTERNATIONAL INC,,,,,NYSE,
LINK,INTERLINK ELECTRONICS INC,,,,,Nasdaq,
SKIL,Skillsoft Corp.,,,,,NYSE,
CIRC,CIRCLE8 GROUP INC,,,,,Nasdaq,
INVE,"Identiv, Inc.",,,,,Nasdaq,
CING,Cingulate Inc.,,,,,Nasdaq,
SPWR,SunPower Inc.,,,,,Nasdaq,
CYPH,CYPHERPUNK TECHNOLOGIES INC.,,,,,Nasdaq,
CLNN,Clene Inc.,,,,,Nasdaq,
IMA,"ImageneBio, Inc.",,,,,Nasdaq,
FLZH,"Flash Sports & Media Holdings, Inc.",,,,,Nasdaq,
ZYBT,Zhengye Biotechnology Holding Ltd,,,,,Nasdaq,
RNTX,"Rein Therapeutics, Inc.",,,,,Nasdaq,
PTLE,PTL Ltd,,,,,Nasdaq,
HOUR,"Hour Loop, Inc",,,,,Nasdaq,
VHUB,"VenHub Global, Inc.",,,,,Nasdaq,
GLBS,GLOBUS MARITIME LTD,,,,,Nasdaq,
BOF,BranchOut Food Inc.,,,,,Nasdaq,
IPWR,Ideal Power Inc.,,,,,Nasdaq,
CRT,CROSS TIMBERS ROYALTY TRUST,,,,,NYSE,
RSF,"RiverNorth Capital & Income Fund, Inc.",,,,,NYSE,
ANPA,Rich Sparkle Holdings Ltd,,,,,Nasdaq,
LNSR,"LENSAR, Inc.",,,,,Nasdaq,
LVO,"LiveOne, Inc.",,,,,Nasdaq,
DXR,DAXOR CORP,,,,,Nasdaq,
AFCG,Advanced Flower Capital Inc.,,,,,Nasdaq,
WFCF,"Where Food Comes From, Inc.",,,,,Nasdaq,
USIO,"Usio, Inc.",,,,,Nasdaq,
HYFT,MindWalk Holdings Corp.,,,,,Nasdaq,
CRGO,Freightos Ltd,,,,,Nasdaq,
BGSF,"BGSF, INC.",,,,,NYSE,
MOB,Mobilicom Ltd,,,,,Nasdaq,
PDCC,Pearl Diver Credit Co Inc.,,,,,NYSE,
CCIF,Carlyle Credit Income Fund,,,,,NYSE,
LGO,Largo Inc.,,,,,Nasdaq,
AISP,"Airship AI Holdings, Inc.",,,,,Nasdaq,
PMVP,"PMV Pharmaceuticals, Inc.",,,,,Nasdaq,
INTG,INTERGROUP CORP,,,,,Nasdaq,
SLSN,"SOLESENCE, INC.",,,,,Nasdaq,
ZEO,Zeo Energy Corp.,,,,,Nasdaq,
BSIN,BIG SKY INDUSTRIAL INC.,,,,,Nasdaq,
SOWG,Sow Good Inc.,,,,,Nasdaq,
XTNT,"Xtant Medical Holdings, Inc.",,,,,NYSE,
XLO,"Xilio Therapeutics, Inc.",,,,,Nasdaq,
CANG,Cango Inc.,,,,,NYSE,
IZEA,"IZEA Worldwide, Inc.",,,,,Nasdaq,
ELOX,"Eloxx Pharmaceuticals, Inc.",,,,,Nasdaq,
CAPN,Cayson Acquisition Corp,,,,,Nasdaq,
APWC,ASIA PACIFIC WIRE & CABLE CORP LTD,,,,,Nasdaq,
CAST,"FreeCast, Inc.",,,,,Nasdaq,
GCL,GCL Global Holdings Ltd,,,,,Nasdaq,
JRSH,"Jerash Holdings (US), Inc.",,,,,Nasdaq,
XTIA,"XTI Aerospace, Inc.",,,,,Nasdaq,
NOMA,Nomadar Corp.,,,,,Nasdaq,
SELF,"Global Self Storage, Inc.",,,,,Nasdaq,
INCR,Intercure Ltd.,,,,,Nasdaq,
UEIC,UNIVERSAL ELECTRONICS INC,,,,,Nasdaq,
EUDA,EUDA Health Holdings Ltd,,,,,Nasdaq,
QXL,QUANTUM X LABS INC.,,,,,Nasdaq,
BRID,BRIDGFORD FOODS CORP,,,,,Nasdaq,
GGR,Gogoro Inc.,,,,,Nasdaq,
MXE,MEXICO EQUITY & INCOME FUND INC,,,,,NYSE,
SGA,SAGA COMMUNICATIONS INC,,,,,Nasdaq,
PVL,Permianville Royalty Trust,,,,,NYSE,
AREN,"Arena Group Holdings, Inc.",,,,,NYSE,
ELTK,ELTEK LTD,,,,,Nasdaq,
TWG,Top Wealth Group Holding Ltd,,,,,Nasdaq,
STKS,"ONE Group Hospitality, Inc.",,,,,Nasdaq,
CNVS,Cineverse Corp.,,,,,Nasdaq,
BOLD,"Boundless Bio, Inc.",,,,,Nasdaq,
WSHP,WeShop Holdings Ltd,,,,,Nasdaq,
SKYA,"SkyAI, Inc.",,,,,Nasdaq,
IMMP,IMMUTEP Ltd,,,,,Nasdaq,
FSHP,Flag Ship Acquisition Corp,,,,,Nasdaq,
LGCL,Lucas GC Ltd,,,,,Nasdaq,
AIFC,AI Financial Corp,,,,,Nasdaq,
UPXI,"UPEXI, INC.",,,,,Nasdaq,
NAAS,NaaS Technology Inc.,,,,,Nasdaq,
ELBM,Electra Battery Materials Corp,,,,,Nasdaq,
DOMH,Dominari Holdings Inc.,,,,,Nasdaq,
LITB,"LightInTheBox Holding Co., Ltd.",,,,,NYSE,
TOUR,Tuniu Corp,,,,,Nasdaq,
CTOR,"CITIUS ONCOLOGY, INC.",,,,,Nasdaq,
JMM,Nuveen Multi-Market Income Fund,,,,,NYSE,
STI,Solidion Technology Inc.,,,,,Nasdaq,
PLCE,"Childrens Place, Inc.",,,,,Nasdaq,
CNTX,Context Therapeutics Inc.,,,,,Nasdaq,
THCH,TH International Ltd,,,,,Nasdaq,
IBAC,IB Acquisition Corp.,,,,,Nasdaq,
ECOR,"electroCore, Inc.",,,,,Nasdaq,
ELWT,"Elauwit Connection, Inc.",,,,,Nasdaq,
MKTW,"MARKETWISE, INC.",,,,,Nasdaq,
LIDR,"AEye, Inc.",,,,,Nasdaq,
TC,Token Cat Ltd,,,,,Nasdaq,
DWTX,"Dogwood Therapeutics, Inc.",,,,,Nasdaq,
TJGC,TJGC GROUP Ltd,,,,,Nasdaq,
MREO,Mereo BioPharma Group plc,,,,,Nasdaq,
VTIX,Virtuix Holdings Inc.,,,,,Nasdaq,
RYOJ,"rYojbaba Co., Ltd.",,,,,Nasdaq,
YTRA,"Yatra Online, Inc.",,,,,Nasdaq,
SNWV,"SANUWAVE Health, Inc.",,,,,Nasdaq,
INKT,"MiNK Therapeutics, Inc.",,,,,Nasdaq,
WWR,"WESTWATER RESOURCES, INC.",,,,,NYSE,
RIBB,Ribbon Acquisition Corp.,,,,,Nasdaq,
VIOT,"Viomi Technology Co., Ltd",,,,,Nasdaq,
NTWK,NETSOL TECHNOLOGIES INC,,,,,Nasdaq,
COCH,"Envoy Medical, Inc.",,,,,Nasdaq,
ETS,Elite Express Holding Inc.,,,,,Nasdaq,
DSWL,DESWELL INDUSTRIES INC,,,,,Nasdaq,
APT,ALPHA PRO TECH LTD,,,,,NYSE,
BTCS,BTCS Inc.,,,,,Nasdaq,
RDI,READING INTERNATIONAL INC,,,,,Nasdaq,
TCBS,"Texas Community Bancshares, Inc.",,,,,Nasdaq,
BRAG,Bragg Gaming Group Inc.,,,,,Nasdaq,
WYHG,Wing Yip Food Holdings Group Ltd,,,,,Nasdaq,
BKHA,Black Hawk Acquisition Corp,,,,,Nasdaq,
SOGP,Sound Group Inc.,,,,,Nasdaq,
TACT,TRANSACT TECHNOLOGIES INC,,,,,Nasdaq,
NXB,NextBoat Inc.,,,,,NYSE,
HODO,House of Doge Inc.,,,,,Nasdaq,
LASE,Laser Photonics Corp,,,,,Nasdaq,
CMTL,COMTECH TELECOMMUNICATIONS CORP /DE/,,,,,Nasdaq,
QTEX,QTREX Quantum Ltd.,,,,,Nasdaq,
NCEW,New Century Logistics (BVI) Ltd,,,,,Nasdaq,
BHST,BIOHARVEST SCIENCES INC.,,,,,Nasdaq,
MDAI,"Spectral AI, Inc.",,,,,Nasdaq,
OPTT,"Ocean Power Technologies, Inc.",,,,,NYSE,
PCLA,PicoCELA Inc.,,,,,Nasdaq,
VIDA,VIDA Global Inc.,,,,,NYSE,
ICG,Intchains Group Ltd,,,,,Nasdaq,
FMY,FIRST TRUST MORTGAGE INCOME FUND,,,,,NYSE,
XHG,XChange TEC.INC,,,,,Nasdaq,
PXS,Pyxis Tankers Inc.,,,,,Nasdaq,
TCRX,"TScan Therapeutics, Inc.",,,,,Nasdaq,
FLNA,"FILANA THERAPEUTICS, INC.",,,,,Nasdaq,
KAZR,Skyline Builders Group Holding Ltd,,,,,Nasdaq,
TIL,"Instil Bio, Inc.",,,,,Nasdaq,
GMHS,Gamehaus Holdings Inc.,,,,,Nasdaq,
SRTS,"Sensus Healthcare, Inc.",,,,,Nasdaq,
STEM,"STEM, INC.",,,,,NYSE,
COLA,Columbus Acquisition Corp/Cayman Islands,,,,,Nasdaq,
SCLX,Scilex Holding Co,,,,,Nasdaq,
BYSI,BeyondSpring Inc.,,,,,Nasdaq,
MGLD,"Marygold Companies, Inc.",,,,,NYSE,
LOAN,"MANHATTAN BRIDGE CAPITAL, INC",,,,,Nasdaq,
MKDW,MKDWELL Tech Inc.,,,,,Nasdaq,
FSP,FRANKLIN STREET PROPERTIES CORP /MA/,,,,,NYSE,
ATYR,aTYR PHARMA INC,,,,,Nasdaq,
INMB,"Inmune Bio, Inc.",,,,,Nasdaq,
ACFN,"ACORN ENERGY, INC.",,,,,Nasdaq,
YHNA,YHN Acquisition I Ltd,,,,,Nasdaq,
GAIA,"GAIA, INC",,,,,Nasdaq,
SCYX,SCYNEXIS INC,,,,,Nasdaq,
CPHI,"CHINA PHARMA HOLDINGS, INC.",,,,,NYSE,
VGAS,"Verde Clean Fuels, Inc.",,,,,Nasdaq,
VWAV,"VisionWave Holdings, Inc.",,,,,Nasdaq,
TPCS,TECHPRECISION CORP,,,,,Nasdaq,
MCRB,"Seres Therapeutics, Inc.",,,,,Nasdaq,
IBO,IMPACT BIOMEDICAL INC.,,,,,NYSE,
GROV,"Grove Collaborative Holdings, Inc.",,,,,NYSE,
DGNX,Diginex Ltd,,,,,Nasdaq,
BENF,Beneficient,,,,,Nasdaq,
LSF,"Laird Superfood, Inc.",,,,,NYSE,
MIND,"MIND TECHNOLOGY, INC",,,,,Nasdaq,
WAVE,Eco Wave Power Global AB (publ),,,,,Nasdaq,
HAIN,HAIN CELESTIAL GROUP INC,,,,,Nasdaq,
POCI,"PRECISION OPTICS CORPORATION, INC.",,,,,Nasdaq,
FEAM,"5E Advanced Materials, Inc.",,,,,Nasdaq,
LVLU,"Lulu's Fashion Lounge Holdings, Inc.",,,,,Nasdaq,
LGL,LGL GROUP INC,,,,,NYSE,
EXOZ,EXOZYMES INC.,,,,,Nasdaq,
MGX,"Metagenomi Therapeutics, Inc.",,,,,Nasdaq,
INDO,Indonesia Energy Corp Ltd,,,,,NYSE,
OFS,OFS Capital Corp,,,,,Nasdaq,
KLXE,"KLX Energy Services Holdings, Inc.",,,,,Nasdaq,
SPWH,"SPORTSMAN'S WAREHOUSE HOLDINGS, INC.",,,,,Nasdaq,
MCRP,Micropolis AI Robotics,,,,,NYSE,
CULP,CULP INC,,,,,Nasdaq,
MATH,Metalpha Technology Holding Ltd,,,,,Nasdaq,
RAVE,"RAVE RESTAURANT GROUP, INC.",,,,,Nasdaq,
TGE,Generation Essentials Group,,,,,NYSE,
NXXT,"NEXTNRG, INC.",,,,,Nasdaq,
KFFB,Kentucky First Federal Bancorp,,,,,Nasdaq,
FTEK,"FUEL TECH, INC.",,,,,Nasdaq,
MBBC,"Marathon Bancorp, Inc. /MD/",,,,,Nasdaq,
STG,Sunlands Technology Group,,,,,NYSE,
QETA,Quetta Acquisition Corp,,,,,Nasdaq,
MLGO,MicroAlgo Inc.,,,,,Nasdaq,
PRTS,"CarParts.com, Inc.",,,,,Nasdaq,
CBAT,CBAK Energy Technology Ltd,,,,,Nasdaq,
NA,Nano Labs Ltd,,,,,Nasdaq,
FTCI,"FTC Solar, Inc.",,,,,Nasdaq,
PHUN,"Phunware, Inc.",,,,,Nasdaq,
SLMT,Brera Holdings PLC,,,,,Nasdaq,
ZOOZ,ZOOZ Strategy Ltd.,,,,,Nasdaq,
SYPR,SYPRIS SOLUTIONS INC,,,,,Nasdaq,
RNXT,"RenovoRx, Inc.",,,,,Nasdaq,
SORA,AsiaStrategy,,,,,Nasdaq,
MAMO,Massimo Group,,,,,Nasdaq,
KTCC,KEY TRONIC CORP,,,,,Nasdaq,
FGNX,FG Nexus Inc.,,,,,Nasdaq,
PETS,PETMED EXPRESS INC,,,,,Nasdaq,
EHTH,"eHealth, Inc.",,,,,Nasdaq,
MNY,MoneyHero Ltd,,,,,Nasdaq,
ABLV,Able View Global Inc.,,,,,Nasdaq,
KPTI,Karyopharm Therapeutics Inc.,,,,,Nasdaq,
SNAL,"Snail, Inc.",,,,,Nasdaq,
ARBK,Argo Blockchain Plc,,,,,Nasdaq,
GPUS,"Hyperscale Data, Inc.",,,,,NYSE,
SJ,Scienjoy Holding Corp,,,,,Nasdaq,
DTSQ,DT Cloud Star Acquisition Corp,,,,,Nasdaq,
FNUC,Frontier Nuclear & Minerals Inc.,,,,,Nasdaq,
MERC,MERCER INTERNATIONAL INC.,,,,,Nasdaq,
ATHR,"Aether Holdings, Inc.",,,,,Nasdaq,
XCH,XCHG Ltd,,,,,Nasdaq,
AACG,ATA Creativity Global,,,,,Nasdaq,
OESX,"ORION ENERGY SYSTEMS, INC.",,,,,Nasdaq,
CREX,"CREATIVE REALITIES, INC.",,,,,Nasdaq,
AXIL,"Axil Brands, Inc.",,,,,NYSE,
UAVS,AgEagle Aerial Systems Inc.,,,,,NYSE,
HYPD,"HYPERION DEFI, INC.",,,,,Nasdaq,
AGIG,"ABUNDIA GLOBAL IMPACT GROUP, INC.",,,,,NYSE,
ONMD,OneMedNet Corp,,,,,Nasdaq,
AEI,Alset Inc.,,,,,Nasdaq,
HGBL,Heritage Global Inc.,,,,,Nasdaq,
GRF,"EAGLE CAPITAL GROWTH FUND, INC.",,,,,NYSE,
RYM,"RYTHM, Inc.",,,,,Nasdaq,
NXTT,Next Technology Holding Inc.,,,,,Nasdaq,
SACH,Sachem Capital Corp.,,,,,NYSE,
STRR,"Star Equity Holdings, Inc.",,,,,Nasdaq,
RDAC,Rising Dragon Acquisition Corp.,,,,,Nasdaq,
USDE,StableCoinX Inc.,,,,,Nasdaq,
NNVC,"NANOVIRICIDES, INC.",,,,,NYSE,
DYAI,DYADIC INTERNATIONAL INC,,,,,Nasdaq,
AHMA,AMBITIONS ENTERPRISE MANAGEMENT CO. L.L.C,,,,,Nasdaq,
ZDGE,"Zedge, Inc.",,,,,NYSE,
SNT,Senstar Technologies Corp,,,,,Nasdaq,
MYO,"MYOMO, INC.",,,,,NYSE,
RYET,Ruanyun Edai Technology Inc.,,,,,Nasdaq,
PDSB,PDS Biotechnology Corp,,,,,Nasdaq,
SCWO,374Water Inc.,,,,,Nasdaq,
STKE,SOL Strategies Inc.,,,,,Nasdaq,
BBGI,BEASLEY BROADCAST GROUP INC,,,,,Nasdaq,
AFJK,"Aimei Health Technology Co., Ltd.",,,,,Nasdaq,
NEPH,NEPHROS INC,,,,,Nasdaq,
NSYS,NORTECH SYSTEMS INC,,,,,Nasdaq,
KBSX,FST Corp.,,,,,Nasdaq,
ELUT,ELUTIA INC.,,,,,Nasdaq,
NSRX,Nasus Pharma Ltd,,,,,NYSE,
AIOS,AIOS Tech Inc.,,,,,Nasdaq,
APLM,Apollomics Inc.,,,,,Nasdaq,
VIP,Vulcan Infrastructure & Power Inc.,,,,,Nasdaq,
NTIP,"NETWORK-1 TECHNOLOGIES, INC.",,,,,NYSE,
PAVM,PAVmed Inc.,,,,,Nasdaq,
SWAG,"Stran & Company, Inc.",,,,,Nasdaq,
PRPO,"Precipio, Inc.",,,,,Nasdaq,
QTI,"QT IMAGING HOLDINGS, INC.",,,,,Nasdaq,
VRM,"Vroom, Inc.",,,,,Nasdaq,
PXLW,"PIXELWORKS, INC",,,,,Nasdaq,
SQNS,SEQUANS COMMUNICATIONS,,,,,NYSE,
PLUT,Plutus Financial Group Ltd,,,,,Nasdaq,
BCHT,Birchtech Corp.,,,,,NYSE,
PFAI,Pinnacle Food Group Ltd,,,,,Nasdaq,
STAK,STAK Inc.,,,,,Nasdaq,
LOOP,"Loop Industries, Inc.",,,,,Nasdaq,
RCON,"Recon Technology, Ltd",,,,,Nasdaq,
CNF,CNFinance Holdings Ltd.,,,,,NYSE,
GAME,"GameSquare Holdings, Inc.",,,,,Nasdaq,
AERT,"Aeries Technology, Inc.",,,,,Nasdaq,
PRPL,"Purple Innovation, Inc.",,,,,Nasdaq,
TOON,"Kartoon Studios, Inc.",,,,,NYSE,
VERU,VERU INC.,,,,,Nasdaq,
SPRU,SPRUCE POWER HOLDING CORP,,,,,NYSE,
BAFN,BayFirst Financial Corp.,,,,,Nasdaq,
ENLV,Enlivex Ltd.,,,,,Nasdaq,
GROW,U S GLOBAL INVESTORS INC,,,,,Nasdaq,
JDZG,JIADE Ltd,,,,,Nasdaq,
KOSS,KOSS CORP,,,,,Nasdaq,
OMEX,ODYSSEY MARINE EXPLORATION INC,,,,,Nasdaq,
CCG,Cheche Group Inc.,,,,,Nasdaq,
NTRB,NutriBand Inc.,,,,,Nasdaq,
MLSS,MILESTONE SCIENTIFIC INC.,,,,,NYSE,
LFT,"Lument Finance Trust, Inc.",,,,,NYSE,
XBP,"XBP Global Holdings, Inc.",,,,,Nasdaq,
VTSI,"VirTra, Inc",,,,,Nasdaq,
GRAN,Grande Group Ltd/HK,,,,,Nasdaq,
IXHL,Incannex Healthcare Inc.,,,,,Nasdaq,
MLCI,Mount Logan Capital Inc.,,,,,Nasdaq,
YOUL,Youlife Group Inc.,,,,,Nasdaq,
HOLO,MicroCloud Hologram Inc.,,,,,Nasdaq,
WPRT,WESTPORT FUEL SYSTEMS INC.,,,,,Nasdaq,
CNTY,CENTURY CASINOS INC /CO/,,,,,Nasdaq,
GRCE,"Grace Therapeutics, Inc.",,,,,Nasdaq,
YI,"111, Inc.",,,,,Nasdaq,
WKHS,Workhorse Group Inc.,,,,,Nasdaq,
COHN,Cohen & Co Inc.,,,,,NYSE,
MIRA,"MIRA PHARMACEUTICALS, INC.",,,,,Nasdaq,
LTRN,Lantern Pharma Inc.,,,,,Nasdaq,
JG,Aurora Mobile Ltd,,,,,Nasdaq,
LITS,"Lite Strategy, Inc.",,,,,Nasdaq,
SPPL,SIMPPLE LTD.,,,,,Nasdaq,
ESLA,"Estrella Immunopharma, Inc.",,,,,Nasdaq,
UG,UNITED GUARDIAN INC,,,,,Nasdaq,
UCL,uCloudlink Group Inc.,,,,,Nasdaq,
BDMD,Baird Medical Investment Holdings Ltd,,,,,Nasdaq,
PPSI,"PIONEER POWER SOLUTIONS, INC.",,,,,Nasdaq,
TELA,"TELA Bio, Inc.",,,,,Nasdaq,
SAIH,SAIHEAT Ltd,,,,,Nasdaq,
AAME,ATLANTIC AMERICAN CORP,,,,,Nasdaq,
JAGU,Jaguar Uranium Corp.,,,,,NYSE,
MDBH,"MDB Capital Holdings, LLC",,,,,Nasdaq,
BOSC,BOS BETTER ONLINE SOLUTIONS LTD,,,,,Nasdaq,
CRWS,CROWN CRAFTS INC,,,,,Nasdaq,
DXLG,"DESTINATION XL GROUP, INC.",,,,,Nasdaq,
ARAY,ACCURAY INC,,,,,Nasdaq,
BATL,BATTALION OIL CORP,,,,,NYSE,
SDEV,Stablecoin Development Corp,,,,,NYSE,
BRIA,BrilliA Inc,,,,,NYSE,
HERZ,"Herzfeld Credit Income Fund, Inc",,,,,Nasdaq,
HTCO,High-Trend International Group,,,,,Nasdaq,
SER,"Serina Therapeutics, Inc.",,,,,NYSE,
ACCL,Acco Group Holdings Ltd,,,,,Nasdaq,
SLND,"Southland Holdings, Inc.",,,,,NYSE,
KPLT,"Katapult Holdings, Inc.",,,,,Nasdaq,
NSPR,"InspireMD, Inc.",,,,,Nasdaq,
GSIW,Garden Stage Ltd,,,,,Nasdaq,
TVGN,Tevogen Bio Holdings Inc.,,,,,Nasdaq,
BCTX,BriaCell Therapeutics Corp.,,,,,Nasdaq,
BGDE,"Big Digital Energy, Inc.",,,,,Nasdaq,
COPR,Idaho Copper Corp,,,,,NYSE,
LIVE,LIVE VENTURES Inc,,,,,Nasdaq,
DAIO,DATA I/O CORP,,,,,Nasdaq,
RAND,RAND CAPITAL CORP,,,,,Nasdaq,
GIFT,"GIFTIFY, INC.",,,,,Nasdaq,
DFNS,T3 Defense Inc.,,,,,Nasdaq,
YSXT,"YSX Tech Co., Ltd",,,,,Nasdaq,
NCI,Neo-Concept International Group Holdings Ltd,,,,,Nasdaq,
NYC,American Strategic Investment Co.,,,,,NYSE,
ANGH,Anghami Inc,,,,,Nasdaq,
XOS,"Xos, Inc.",,,,,Nasdaq,
PAPL,Pineapple Financial Inc.,,,,,NYSE,
GRML,Greenland Mines Ltd,,,,,Nasdaq,
GNS,Genius Group Ltd,,,,,NYSE,
GDHG,GOLDEN HEAVEN GROUP HOLDINGS LTD.,,,,,Nasdaq,
RMTI,"ROCKWELL MEDICAL, INC.",,,,,Nasdaq,
BLNE,"Beeline Holdings, Inc.",,,,,Nasdaq,
BEAT,"HeartBeam, Inc.",,,,,Nasdaq,
CCEL,CRYO CELL INTERNATIONAL INC,,,,,NYSE,
HKIT,HiTek Global Inc.,,,,,Nasdaq,
SRXH,SRX Global Inc.,,,,,NYSE,
KSCP,"Knightscope, Inc.",,,,,Nasdaq,
KYNB,"KYNTRA BIO, INC.",,,,,Nasdaq,
OPTH,Optimi Health Corp.,,,,,Nasdaq,
BRFH,BARFRESH FOOD GROUP INC.,,,,,Nasdaq,
QRHC,Quest Resource Holding Corp,,,,,Nasdaq,
ELSE,ELECTRO SENSORS INC,,,,,Nasdaq,
FKWL,FRANKLIN WIRELESS CORP,,,,,Nasdaq,
PBK,POWERBANK Corp,,,,,Nasdaq,
HBIO,HARVARD BIOSCIENCE INC,,,,,Nasdaq,
CRMT,AMERICAS CARMART INC,,,,,Nasdaq,
ABVC,"ABVC BIOPHARMA, INC.",,,,,Nasdaq,
ALGS,"Aligos Therapeutics, Inc.",,,,,Nasdaq,
PSTV,"PLUS THERAPEUTICS, INC.",,,,,Nasdaq,
ACTU,"ACTUATE THERAPEUTICS, INC.",,,,,Nasdaq,
ATCH,"AtlasClear Holdings, Inc.",,,,,NYSE,
TGHL,GrowHub Ltd,,,,,Nasdaq,
FTHM,Fathom Holdings Inc.,,,,,Nasdaq,
ATNM,"Actinium Pharmaceuticals, Inc.",,,,,NYSE,
PRT,PermRock Royalty Trust,,,,,NYSE,
AWRE,AWARE INC /MA/,,,,,Nasdaq,
EURK,Eureka Acquisition Corp,,,,,Nasdaq,
FIEE,"FiEE, Inc.",,,,,Nasdaq,
QUCY,Quantum Cyber N.V.,,,,,Nasdaq,
CLPS,CLPS Inc,,,,,Nasdaq,
USEA,United Maritime Corp,,,,,Nasdaq,
ACCS,ACCESS Newswire Inc.,,,,,NYSE,
UCAR,U Power Ltd,,,,,Nasdaq,
EONR,EON Resources Inc.,,,,,NYSE,
BTAI,"BioXcel Therapeutics, Inc.",,,,,Nasdaq,
MOBX,"MOBIX LABS, INC",,,,,Nasdaq,
NTRP,"NextTrip, Inc.",,,,,Nasdaq,
ASPC,ASPAC III Acquisition Corp.,,,,,Nasdaq,
JFU,9F Inc.,,,,,Nasdaq,
TAOX,TAO Synergies Inc.,,,,,Nasdaq,
TRSG,Tungray Technologies Inc,,,,,Nasdaq,
INLX,"INTELLINETICS, INC.",,,,,NYSE,
CLIR,ClearSign Technologies Corp,,,,,Nasdaq,
FUSE,Fusemachines Inc.,,,,,Nasdaq,
BCG,"Binah Capital Group, Inc.",,,,,Nasdaq,
SLGB,Smart Logistics Global Ltd,,,,,Nasdaq,
RADX,Radiopharm Theranostics Ltd,,,,,Nasdaq,
SCAG,Scage Future,,,,,Nasdaq,
BLIV,BeLive Holdings,,,,,Nasdaq,
EVAX,Evaxion A/S,,,,,Nasdaq,
PDC,Perpetuals.com Ltd,,,,,Nasdaq,
QNCX,"Quince Therapeutics, Inc.",,,,,Nasdaq,
PLRZ,Polyrizon Ltd.,,,,,Nasdaq,
RETO,"ReTo Eco-Solutions, Inc.",,,,,Nasdaq,
BEEM,Beam Global,,,,,Nasdaq,
IPM,INTELLIGENT PROTECTION MANAGEMENT CORP.,,,,,Nasdaq,
TXMD,"TherapeuticsMD, Inc.",,,,,Nasdaq,
BRNS,Barinthus Biotherapeutics plc.,,,,,Nasdaq,
LGPS,LOGPROSTYLE INC.,,,,,NYSE,
FMST,Foremost Clean Energy Ltd.,,,,,Nasdaq,
AYTU,"AYTU BIOPHARMA, INC",,,,,Nasdaq,
RANG,Range Capital Acquisition Corp.,,,,,Nasdaq,
PLSM,Pulsenmore Ltd.,,,,,Nasdaq,
CRVO,CervoMed Inc.,,,,,Nasdaq,
UONE,"URBAN ONE, INC.",,,,,Nasdaq,
UFG,Uni-Fuels Holdings Ltd,,,,,Nasdaq,
CTSO,Cytosorbents Corp,,,,,Nasdaq,
JOB,GEE Group Inc.,,,,,NYSE,
FLD,"Fold Holdings, Inc.",,,,,Nasdaq,
UTSI,UTSTARCOM HOLDINGS CORP.,,,,,Nasdaq,
KMRK,K-TECH SOLUTIONS CO LTD,,,,,Nasdaq,
LGVN,Longeveron Inc.,,,,,Nasdaq,
LOCL,Local Bounti Corporation/DE,,,,,NYSE,
GWH,"ESS Tech, Inc.",,,,,NYSE,
EHLD,Euroholdings Ltd.,,,,,Nasdaq,
WIMI,WiMi Hologram Cloud Inc.,,,,,Nasdaq,
JL,J-Long Group Ltd,,,,,Nasdaq,
SKYQ,Sky Quarry Inc.,,,,,Nasdaq,
CKX,"CKX LANDS, INC.",,,,,NYSE,
DUO,Fangdd Network Group Ltd.,,,,,Nasdaq,
BIOX,Bioceres Crop Solutions Corp.,,,,,Nasdaq,
LPSN,LIVEPERSON INC,,,,,Nasdaq,
CDLX,"Cardlytics, Inc.",,,,,Nasdaq,
WFF,WF Holding Ltd,,,,,Nasdaq,
PSHG,Performance Shipping Inc.,,,,,Nasdaq,
ATOS,"ATOSSA THERAPEUTICS, INC.",,,,,Nasdaq,
NEUP,Neuphoria Therapeutics Inc.,,,,,Nasdaq,
MDXH,MDxHealth SA,,,,,Nasdaq,
LIQT,LIQTECH INTERNATIONAL INC,,,,,Nasdaq,
CLRB,"Cellectar Biosciences, Inc.",,,,,Nasdaq,
DDC,DDC Enterprise Ltd,,,,,NYSE,
GRNQ,Greenpro Capital Corp.,,,,,Nasdaq,
QCLS,"Q/C TECHNOLOGIES, INC.",,,,,Nasdaq,
CVM,CEL SCI CORP,,,,,NYSE,
AZIO,"AZIO AI HOLDINGS, INC.",,,,,Nasdaq,
MNDO,MIND CTI LTD,,,,,Nasdaq,
CELU,Celularity Inc,,,,,Nasdaq,
ARKR,ARK RESTAURANTS CORP,,,,,Nasdaq,
VNTG,Vantage Corp (Singapore),,,,,NYSE,
GRDX,GridAI Technologies Corp.,,,,,Nasdaq,
SMXT,"SolarMax Technology, Inc.",,,,,Nasdaq,
SKYE,"Skye Bioscience, Inc.",,,,,Nasdaq,
CFND,C1 Fund Inc.,,,,,NYSE,
PRHI,"Presurance Holdings, Inc.",,,,,Nasdaq,
JSPR,"Jasper Therapeutics, Inc.",,,,,Nasdaq,
LFWD,Lifeward Ltd.,,,,,Nasdaq,
AIHS,Senmiao Technology Ltd,,,,,Nasdaq,
RVP,RETRACTABLE TECHNOLOGIES INC,,,,,NYSE,
ALLR,"Allarity Therapeutics, Inc.",,,,,Nasdaq,
BIRD,"Smartbird, Inc.",,,,,Nasdaq,
YQ,17 Education & Technology Group Inc.,,,,,Nasdaq,
TVRD,"Tvardi Therapeutics, Inc.",,,,,Nasdaq,
EFOI,"ENERGY FOCUS, INC/DE",,,,,Nasdaq,
TLF,TANDY LEATHER FACTORY INC,,,,,Nasdaq,
ILLR,Triller Group Inc.,,,,,Nasdaq,
JVA,COFFEE HOLDING CO INC,,,,,Nasdaq,
CCM,Concord Medical Services Holdings Ltd,,,,,NYSE,
GGRP,"Glimpse Group, Inc.",,,,,Nasdaq,
HTOO,Fusion Fuel Green PLC,,,,,Nasdaq,
CTRM,Castor Maritime Inc.,,,,,Nasdaq,
MRKR,"Marker Therapeutics, Inc.",,,,,Nasdaq,
NCEL,NewcelX Ltd.,,,,,Nasdaq,
MSGM,Motorsport Games Inc.,,,,,Nasdaq,
AMOD,"ALPHA MODUS HOLDINGS, INC.",,,,,Nasdaq,
BESS,Bimergen Energy Corp,,,,,NYSE,
FOXX,Foxx Development Holdings Inc.,,,,,Nasdaq,
QNTM,Quantum Biopharma Ltd.,,,,,Nasdaq,
MDRR,"Medalist Diversified, Inc.",,,,,Nasdaq,
DARE,"Dare Bioscience, Inc.",,,,,Nasdaq,
BMR,Beamr Imaging Ltd.,,,,,Nasdaq,
FENG,Phoenix New Media Ltd,,,,,NYSE,
FEDU,Four Seasons Education (Cayman) Inc.,,,,,NYSE,
OPAD,Offerpad Solutions Inc.,,,,,NYSE,
ANY,Sphere 3D Corp.,,,,,Nasdaq,
EXYN,"Exyn Technologies, Inc.",,,,,Nasdaq,
DETX,"LIBERTY DEFENSE HOLDINGS, LTD.",,,,,Nasdaq,
TMDE,TMD Energy Ltd,,,,,NYSE,
PSIG,PS International Group Ltd.,,,,,Nasdaq,
RECT,Rectitude Holdings Ltd.,,,,,Nasdaq,
EPSM,Epsium Enterprise Ltd,,,,,Nasdaq,
HPAI,Helport AI Ltd,,,,,Nasdaq,
YXT,YXT.COM GROUP HOLDING Ltd,,,,,Nasdaq,
RKTO,Rocket One Inc.,,,,,Nasdaq,
DSY,Big Tree Cloud Holdings Ltd,,,,,Nasdaq,
MPU,Mega Matrix Inc,,,,,NYSE,
INTZ,INTRUSION INC,,,,,Nasdaq,
LICN,Lichen International Ltd,,,,,Nasdaq,
DUKR,DUKE Robotics Corp.,,,,,Nasdaq,
LPCN,Lipocine Inc.,,,,,Nasdaq,
LEDS,SemiLEDs Corp,,,,,Nasdaq,
HOWL,"Werewolf Therapeutics, Inc.",,,,,Nasdaq,
SST,"System1, Inc.",,,,,NYSE,
TLIH,Ten-League International Holdings Ltd,,,,,Nasdaq,
TURB,"Turbo Energy, S.A.",,,,,Nasdaq,
EQS,"EQUUS TOTAL RETURN, INC.",,,,,NYSE,
MGIH,Millennium Group International Holdings Ltd,,,,,Nasdaq,
LRE,"LEAD REAL ESTATE CO., LTD",,,,,Nasdaq,
EPOW,E-Power Inc.,,,,,Nasdaq,
FOFO,"Hang Feng Technology Innovation Co., Ltd.",,,,,Nasdaq,
MOGU,MOGU Inc.,,,,,NYSE,
MYND,"Mynd.ai, Inc.",,,,,NYSE,
BRLS,Borealis Foods Inc.,,,,,Nasdaq,
MRNO,Murano Global Investments Plc,,,,,Nasdaq,
PLUR,Pluri Inc.,,,,,Nasdaq,
FABC,"Fabric.AI, Inc.",,,,,Nasdaq,
MF,MindForge Inc.,,,,,Nasdaq,
SOS,SOS Ltd,,,,,NYSE,
JF,J & Friends Holdings Ltd,,,,,Nasdaq,
ONEG,OneConstruction Group Ltd,,,,,Nasdaq,
NXPL,NextPlat Corp,,,,,Nasdaq,
RAY,Raytech Holding Ltd,,,,,Nasdaq,
ZJYL,Jin Medical International Ltd.,,,,,Nasdaq,
PMA,Ming Shing Group Holdings Ltd,,,,,Nasdaq,
NRSN,NeuroSense Therapeutics Ltd.,,,,,Nasdaq,
MWYN,"Marwynn Holdings, Inc.",,,,,Nasdaq,
AIFF,"FIREFLY NEUROSCIENCE, INC.",,,,,Nasdaq,
NXTC,"NextCure, Inc.",,,,,Nasdaq,
MDCX,Medicus Pharma Ltd.,,,,,Nasdaq,
PMEC,Primech Holdings Ltd,,,,,Nasdaq,
SMX,SMX (Security Matters) Public Ltd Co,,,,,Nasdaq,
CTXR,"Citius Pharmaceuticals, Inc.",,,,,Nasdaq,
FNGR,"FingerMotion, Inc.",,,,,Nasdaq,
SCNX,"Scienture Holdings, Inc.",,,,,Nasdaq,
TULP,"BLOOMIA HOLDINGS, INC.",,,,,Nasdaq,
KTTA,Pasithea Therapeutics Corp.,,,,,Nasdaq,
ORIO,Orion Digital Corp.,,,,,Nasdaq,
RAIN,"Rain Enhancement Technologies Holdco, Inc.",,,,,Nasdaq,
PASW,"Ping An Biomedical Co., Ltd.",,,,,Nasdaq,
UZX,Linkage Global Inc,,,,,Nasdaq,
INUV,"Inuvo, Inc.",,,,,NYSE,
GIGM,GIGAMEDIA Ltd,,,,,Nasdaq,
SAGT,SAGTEC GLOBAL Ltd,,,,,Nasdaq,
NIXX,"Nixxy, Inc.",,,,,Nasdaq,
CYCN,"Cyclerion Therapeutics, Inc.",,,,,Nasdaq,
FFAI,FARADAY FUTURE INTELLIGENT ELECTRIC INC.,,,,,Nasdaq,
OSRH,"OSR Health, Inc.",,,,,Nasdaq,
SMSI,"SMITH MICRO SOFTWARE, INC.",,,,,Nasdaq,
EDTK,Skillful Craftsman Education Technology Ltd,,,,,Nasdaq,
BFRI,Biofrontera Inc.,,,,,Nasdaq,
NAII,NATURAL ALTERNATIVES INTERNATIONAL INC,,,,,Nasdaq,
IOTR,iOThree Ltd,,,,,Nasdaq,
NMTC,NEUROONE MEDICAL TECHNOLOGIES Corp,,,,,Nasdaq,
DFLI,Dragonfly Energy Holdings Corp.,,,,,Nasdaq,
IDAI,T Stamp Inc,,,,,Nasdaq,
REFR,RESEARCH FRONTIERS INC,,,,,Nasdaq,
CABR,"Caring Brands, Inc.",,,,,Nasdaq,
BLIN,"Bridgeline Digital, Inc.",,,,,Nasdaq,
PASG,"Passage BIO, Inc.",,,,,Nasdaq,
GTIM,Good Times Restaurants Inc.,,,,,Nasdaq,
IRIX,IRIDEX CORP,,,,,Nasdaq,
HIND,"Vyome Holdings, Inc",,,,,Nasdaq,
NHTC,NATURAL HEALTH TRENDS CORP,,,,,Nasdaq,
GTEC,Greenland Technologies Holding Corp.,,,,,Nasdaq,
BRN,BARNWELL INDUSTRIES INC,,,,,NYSE,
CALC,"CalciMedica, Inc.",,,,,Nasdaq,
ATCX,ATLAS CRITICAL MINERALS Corp,,,,,Nasdaq,
NEON,Neonode Inc.,,,,,Nasdaq,
SDOT,Sadot Group Inc.,,,,,Nasdaq,
TPST,"Tempest Therapeutics, Inc.",,,,,Nasdaq,
LHAI,Linkhome Holdings Inc.,,,,,Nasdaq,
ADVB,Advanced Biomed Inc.,,,,,Nasdaq,
AKTX,Akari Therapeutics Plc,,,,,Nasdaq,
AMSS,AMASS BRANDS,,,,,Nasdaq,
SWVL,Swvl Holdings Corp,,,,,Nasdaq,
PSQH,"PSQ Holdings, Inc.",,,,,NYSE,
WETH,Wetouch Technology Inc.,,,,,Nasdaq,
AUST,Austin Gold Corp.,,,,,NYSE,
DLPN,"Dolphin Entertainment, Inc.",,,,,Nasdaq,
PTN,PALATIN TECHNOLOGIES INC,,,,,Nasdaq,
CXAI,CXApp Inc.,,,,,Nasdaq,
NTZ,NATUZZI S P A,,,,,NYSE,
AIXC,"AIxCrypto Holdings, Inc.",,,,,Nasdaq,
COSM,Cosmos Health Inc.,,,,,Nasdaq,
WVVI,WILLAMETTE VALLEY VINEYARDS INC,,,,,Nasdaq,
AIRI,AIR INDUSTRIES GROUP,,,,,NYSE,
ASTC,ASTROTECH Corp,,,,,Nasdaq,
UPLD,"Upland Software, Inc.",,,,,Nasdaq,
TOPP,Toppoint Holdings Inc.,,,,,NYSE,
OBAI,"Our Bond, Inc.",,,,,Nasdaq,
ZDAI,"DirectBooking Technology Co., Ltd.",,,,,Nasdaq,
RCT,RedCloud Holdings plc,,,,,Nasdaq,
DOGZ,Dogness (International) Corp,,,,,Nasdaq,
TOMZ,"TOMI Environmental Solutions, Inc.",,,,,Nasdaq,
ICU,SeaStar Medical Holding Corp,,,,,Nasdaq,
BLRX,BioLineRx Ltd.,,,,,Nasdaq,
MODD,"Modular Medical, Inc.",,,,,Nasdaq,
PETZ,"TDH Holdings, Inc.",,,,,Nasdaq,
TPET,Trio Petroleum Corp,,,,,NYSE,
GYRO,"Gyrodyne, LLC",,,,,Nasdaq,
RGNT,REGENTIS BIOMATERIALS LTD.,,,,,NYSE,
CHOW,ChowChow Cloud International Holdings Ltd,,,,,NYSE,
AVAT,Avalanche Treasury Corp,,,,,Nasdaq,
KNRX,KNOREX LTD.,,,,,NYSE,
ALAR,Alarum Technologies Ltd.,,,,,Nasdaq,
BTOC,Armlogi Holding Corp.,,,,,Nasdaq,
BNGO,"Bionano Genomics, Inc.",,,,,Nasdaq,
SVRN,OceanPal Inc.,,,,,Nasdaq,
SEED,Origin Agritech LTD,,,,,Nasdaq,
XHLD,"TEN Holdings, Inc.",,,,,Nasdaq,
NVNI,Nvni Group Ltd,,,,,Nasdaq,
PRZO,ParaZero Technologies Ltd.,,,,,Nasdaq,
CLIK,Click Holdings Ltd.,,,,,Nasdaq,
BCDA,"BioCardia, Inc.",,,,,Nasdaq,
MIMI,Mint Inc Ltd,,,,,Nasdaq,
HUIZ,Huize Holding Ltd,,,,,Nasdaq,
JBDI,JBDI Holdings Ltd,,,,,Nasdaq,
CISO,"CISO Global, Inc.",,,,,Nasdaq,
TDTH,Trident Digital Tech Holdings Ltd,,,,,Nasdaq,
PHIO,Phio Pharmaceuticals Corp.,,,,,Nasdaq,
COCP,"Cocrystal Pharma, Inc.",,,,,Nasdaq,
AEON,"AEON Biopharma, Inc.",,,,,NYSE,
EDUC,EDUCATIONAL DEVELOPMENT CORP,,,,,Nasdaq,
THH,TryHard Holdings Ltd,,,,,Nasdaq,
AUID,authID Inc.,,,,,Nasdaq,
FLUX,"Flux Power Holdings, Inc.",,,,,Nasdaq,
CYCU,"Cycurion, Inc.",,,,,Nasdaq,
KPRX,KIORA PHARMACEUTICALS INC,,,,,Nasdaq,
ARTW,ARTS WAY MANUFACTURING CO INC,,,,,Nasdaq,
MYSE,"Myseum.AI, Inc.",,,,,Nasdaq,
INTS,"INTENSITY THERAPEUTICS, INC.",,,,,Nasdaq,
REBN,"Reborn Coffee, Inc.",,,,,Nasdaq,
BIVI,BIOVIE INC.,,,,,Nasdaq,
GDTC,CytoMed Therapeutics Ltd,,,,,Nasdaq,
SEGG,Sports Entertainment Gaming Global Corp,,,,,Nasdaq,
BON,Bon Natural Life Ltd,,,,,Nasdaq,
CLWT,EURO TECH HOLDINGS CO LTD,,,,,Nasdaq,
SNTI,"Senti Biosciences Holdings, Inc.",,,,,Nasdaq,
CMMB,Chemomab Therapeutics Ltd.,,,,,Nasdaq,
MTEK,Maris Tech Ltd.,,,,,Nasdaq,
ICMB,"Investcorp Credit Management BDC, Inc.",,,,,Nasdaq,
CETY,"Clean Energy Technologies, Inc.",,,,,Nasdaq,
MMA,MIXED MARTIAL ARTS GROUP LTD,,,,,NYSE,
HWH,HWH International Inc.,,,,,Nasdaq,
COOT,Australian Oilseeds Holdings Ltd,,,,,Nasdaq,
CLRO,CLEARONE INC,,,,,Nasdaq,
EBON,Ebang International Holdings Inc.,,,,,Nasdaq,
OXBR,OXBRIDGE RE HOLDINGS Ltd,,,,,Nasdaq,
GP,GREENPOWER MOTOR Co INC.,,,,,Nasdaq,
ELOG,Eastern International Ltd.,,,,,Nasdaq,
HKPD,"Cellyan Biotechnology Co., Ltd",,,,,Nasdaq,
XCUR,"EXICURE, INC.",,,,,Nasdaq,
LSH,Lakeside Holding Ltd,,,,,Nasdaq,
LZMH,LZ Technology Holdings Ltd,,,,,Nasdaq,
BFRG,"BullFrog AI Holdings, Inc.",,,,,Nasdaq,
HUDI,"Huadi International Group Co., Ltd.",,,,,Nasdaq,
GTBP,"GT Biopharma, Inc.",,,,,Nasdaq,
LEXX,Lexaria Bioscience Corp.,,,,,Nasdaq,
AIFA,"All In FutureTech Alliance, Inc.",,,,,Nasdaq,
LOBO,LOBO TECHNOLOGIES LTD.,,,,,Nasdaq,
AIMD,"Ainos, Inc.",,,,,Nasdaq,
OST,"Ostin Technology Group Co., Ltd.",,,,,Nasdaq,
INEO,INNEOVA Holdings Ltd,,,,,Nasdaq,
CVR,CHICAGO RIVET & MACHINE CO,,,,,NYSE,
CMCT,Creative Media & Community Trust Corp,,,,,Nasdaq,
VTGN,"Vistagen Therapeutics, Inc.",,,,,Nasdaq,
MSAI,"MultiSensor AI Holdings, Inc.",,,,,Nasdaq,
AWX,AVALON HOLDINGS CORP,,,,,NYSE,
WKSP,Worksport Ltd,,,,,Nasdaq,
YAAS,Youxin Technology Ltd,,,,,Nasdaq,
INAB,"IN8BIO, INC.",,,,,Nasdaq,
FEBO,Fenbo Holdings Ltd,,,,,Nasdaq,
TOVX,"Theriva Biologics, Inc.",,,,,NYSE,
REED,"REED'S, INC.",,,,,NYSE,
SINT,"Sintx Technologies, Inc.",,,,,Nasdaq,
SFHG,SAMFINE CREATION HOLDINGS GROUP Ltd,,,,,Nasdaq,
GFAI,"Guardforce AI Co., Ltd.",,,,,Nasdaq,
ICCM,IceCure Medical Ltd.,,,,,Nasdaq,
FCUV,FOCUS UNIVERSAL INC.,,,,,Nasdaq,
MTEX,MANNATECH INC,,,,,Nasdaq,
CRIS,CURIS INC,,,,,Nasdaq,
MARPS,MARINE PETROLEUM TRUST,,,,,Nasdaq,
JCTC,JEWETT CAMERON TRADING CO LTD,,,,,Nasdaq,
WXM,WF International Ltd.,,,,,Nasdaq,
FMFC,Kandal M Venture Ltd,,,,,Nasdaq,
PRSO,Peraso Inc.,,,,,Nasdaq,
MGRX,"MANGOCEUTICALS, INC.",,,,,Nasdaq,
VRME,"VerifyMe, Inc.",,,,,Nasdaq,
SUNE,"SUNation Energy, Inc.",,,,,Nasdaq,
LESL,"Leslie's, Inc.",,,,,Nasdaq,
BMGL,Basel Medical Group Ltd,,,,,Nasdaq,
LSTA,"LISATA THERAPEUTICS, INC.",,,,,Nasdaq,
BANL,CBL International Ltd,,,,,Nasdaq,
BGL,Blue Gold Ltd,,,,,Nasdaq,
PMI,"Picard Medical, Inc.",,,,,NYSE,
LNAI,Lunai Bioworks Inc.,,,,,Nasdaq,
QNRX,"Quoin Pharmaceuticals, Ltd.",,,,,Nasdaq,
AQMS,"Aqua Metals, Inc.",,,,,Nasdaq,
RVSN,Rail Vision Ltd.,,,,,Nasdaq,
IMRN,Immuron Ltd,,,,,Nasdaq,
VNRX,VOLITIONRX LTD,,,,,NYSE,
KXIN,Kaixin Holdings,,,,,Nasdaq,
DKI,DarkIris Inc.,,,,,Nasdaq,
FEMY,FEMASYS INC,,,,,Nasdaq,
ASBP,"Aspire Biopharma Holdings, Inc.",,,,,Nasdaq,
NAMI,Jinxin Technology Holding Co,,,,,Nasdaq,
DBGI,"Digital Brands Group, Inc.",,,,,Nasdaq,
MEDS,"DataMeds AI, Inc.",,,,,Nasdaq,
AEHL,Antelope Enterprise Holdings Ltd,,,,,Nasdaq,
NCL,Northann Corp.,,,,,NYSE,
XWEL,"XWELL, Inc.",,,,,Nasdaq,
CHAI,"Core AI Holdings, Inc.",,,,,Nasdaq,
ADGM,"Adagio Medical Holdings, Inc.",,,,,Nasdaq,
VSA,VisionSys AI Inc,,,,,Nasdaq,
TKLF,"Tokyo Lifestyle Co., Ltd.",,,,,Nasdaq,
PLAG,Planet Green Holdings Corp.,,,,,NYSE,
DTSS,Datasea Intelligent Technology Ltd.,,,,,Nasdaq,
MBAI,Check-Cap Ltd,,,,,Nasdaq,
IFBD,"Infobird Co., Ltd",,,,,Nasdaq,
BTCT,BTC Digital Ltd.,,,,,Nasdaq,
FTRK,Fast Track Group,,,,,Nasdaq,
VEEA,VEEA INC.,,,,,Nasdaq,
FGI,FGI Industries Ltd.,,,,,Nasdaq,
RMCF,"Rocky Mountain Chocolate Factory, Inc.",,,,,Nasdaq,
CENN,Cenntro Inc.,,,,,Nasdaq,
APUS,"Apimeds Pharmaceuticals US, Inc.",,,,,NYSE,
NIKI,"Niki BioSolutions, Inc.",,,,,Nasdaq,
GXAI,GAXOS.AI INC.,,,,,Nasdaq,
TRIB,TRINITY BIOTECH PLC,,,,,Nasdaq,
MSN,EMERSON RADIO CORP,,,,,NYSE,
LHSW,Lianhe Sowell International Group Ltd,,,,,Nasdaq,
VS,Versus Systems Inc.,,,,,Nasdaq,
HSCS,HeartSciences Inc.,,,,,Nasdaq,
YHGJ,YUNHONG GREEN CTI LTD.,,,,,Nasdaq,
LGHL,Lion Group Holding Ltd,,,,,Nasdaq,
INM,InMed Pharmaceuticals Inc.,,,,,Nasdaq,
CNSP,"CNS Pharmaceuticals, Inc.",,,,,Nasdaq,
CUPR,Cuprina Holdings (Cayman) LTD,,,,,Nasdaq,
JCSE,JE Cleantech Holdings Ltd,,,,,Nasdaq,
BNKK,"BONK, INC.",,,,,Nasdaq,
BOLT,"Bolt Biotherapeutics, Inc.",,,,,Nasdaq,
NXL,"Nexalin Technology, Inc.",,,,,Nasdaq,
GITS,"Global Interactive Technologies, Inc.",,,,,Nasdaq,
JYD,Jayud Global Logistics Ltd,,,,,Nasdaq,
APRE,"Aprea Therapeutics, Inc.",,,,,Nasdaq,
UK,Ucommune International Ltd,,,,,Nasdaq,
MRM,Medirom Healthcare Technologies Inc.,,,,,Nasdaq,
FBGL,FBS Global Ltd,,,,,Nasdaq,
YMAT,"J-Star Holding Co., Ltd.",,,,,Nasdaq,
MTVA,MetaVia Inc.,,,,,Nasdaq,
BTTC,Black Titan Corp,,,,,Nasdaq,
DTST,Data Storage Corp,,,,,Nasdaq,
AIRE,reAlpha Tech Corp.,,,,,Nasdaq,
ADIL,"ADIAL PHARMACEUTICALS, INC.",,,,,Nasdaq,
AIM,AIM ImmunoTech Inc.,,,,,NYSE,
BTBD,"BT Brands, Inc.",,,,,Nasdaq,
EDHL,Everbright Digital Holding Ltd.,,,,,Nasdaq,
SOAR,"Volato Group, Inc.",,,,,NYSE,
SNES,"SenesTech, Inc.",,,,,Nasdaq,
CJMB,CALLAN JMB INC.,,,,,Nasdaq,
NVNO,enVVeno Medical Corp,,,,,Nasdaq,
XELB,"XCel Brands, Inc.",,,,,Nasdaq,
ARBB,ARB IOT Group Ltd,,,,,Nasdaq,
IQST,iQSTEL Inc,,,,,Nasdaq,
LIMN,"Liminatus Pharma, Inc.",,,,,Nasdaq,
HCAI,"Huachen AI Parking Management Technology Holding Co., Ltd",,,,,Nasdaq,
AGRZ,Agroz Inc.,,,,,Nasdaq,
CGTL,Creative Global Technology Holdings Ltd,,,,,Nasdaq,
GDC,GD Culture Group Ltd,,,,,Nasdaq,
CANF,Can-Fite BioPharma Ltd.,,,,,NYSE,
WAFU,Wah Fu Education Group Ltd,,,,,Nasdaq,
TRAW,"Traws Pharma, Inc.",,,,,Nasdaq,
OLOX,OLENOX INDUSTRIES INC.,,,,,Nasdaq,
ZCMD,Zhongchao Inc.,,,,,Nasdaq,
IMNN,"Imunon, Inc.",,,,,Nasdaq,
SYNX,Silynxcom Ltd.,,,,,NYSE,
MTEN,Mingteng International Corp Inc.,,,,,Nasdaq,
ITOC,iTonic Holdings Ltd,,,,,Nasdaq,
ZBAO,Zhibao Technology Inc.,,,,,Nasdaq,
TAOP,Taoping Inc.,,,,,Nasdaq,
HXHX,Haoxin Holdings Ltd,,,,,Nasdaq,
DLXY,Delixy Holdings Ltd,,,,,Nasdaq,
ILAG,Intelligent Living Application Group Inc.,,,,,Nasdaq,
ALZN,"Alzamend Neuro, Inc.",,,,,Nasdaq,
SVRE,SaverOne 2014 Ltd.,,,,,Nasdaq,
ADXN,Addex Therapeutics Ltd.,,,,,Nasdaq,
KAPA,"Kairos Pharma, LTD.",,,,,NYSE,
TANH,TANTECH HOLDINGS LTD,,,,,Nasdaq,
EHGO,EShallGo Inc.,,,,,Nasdaq,
CVKD,"Cadrenal Therapeutics, Inc.",,,,,Nasdaq,
AMST,Amesite Inc.,,,,,Nasdaq,
PULM,"Pulmatrix, Inc.",,,,,Nasdaq,
RIME,"Algorhythm Holdings, Inc.",,,,,Nasdaq,
PMCB,"PharmaCyte Biotech, Inc.",,,,,Nasdaq,
LUCY,Innovative Eyewear Inc,,,,,Nasdaq,
VEEE,"Twin Vee PowerCats, Co.",,,,,Nasdaq,
HUBC,Hub Cyber Security Ltd.,,,,,Nasdaq,
XTLB,XTL BIOPHARMACEUTICALS LTD,,,,,Nasdaq,
FAMI,"Farmmi, Inc.",,,,,Nasdaq,
KITT,"Nauticus Robotics, Inc.",,,,,Nasdaq,
GLE,Global Engine Group Holding Ltd,,,,,Nasdaq,
CNET,ZW Data Action Technologies Inc.,,,,,Nasdaq,
POLA,"Polar Power, Inc.",,,,,Nasdaq,
BNZI,"Banzai International, Inc.",,,,,Nasdaq,
ENVB,"Enveric Biosciences, Inc.",,,,,Nasdaq,
ACXP,"Acurx Pharmaceuticals, Inc.",,,,,Nasdaq,
MEGL,Magic Empire Global Ltd,,,,,Nasdaq,
POAS,PHAOS TECHNOLOGY HOLDINGS (CAYMAN) Ltd,,,,,NYSE,
SDST,Stardust Power Inc.,,,,,Nasdaq,
WETO,Wetour Robotics Ltd,,,,,Nasdaq,
GELS,Gelteq Ltd,,,,,Nasdaq,
YJ,Yunji Inc.,,,,,Nasdaq,
SPHL,SPRINGVIEW HOLDINGS LTD,,,,,Nasdaq,
XBIO,"Xenetic Biosciences, Inc.",,,,,Nasdaq,
BQ,Boqii Holding Ltd,,,,,NYSE,
YDKG,Yueda Digital Holding,,,,,Nasdaq,
NDRA,ENDRA Life Sciences Inc.,,,,,Nasdaq,
VVOS,"Vivos Therapeutics, Inc.",,,,,Nasdaq,
CTNT,CHEETAH NET SUPPLY CHAIN SERVICE INC.,,,,,Nasdaq,
CURX,Curanex Pharmaceuticals Inc,,,,,Nasdaq,
EVGN,Evogene Ltd.,,,,,Nasdaq,
ORKT,ORANGEKLOUD TECHNOLOGY INC.,,,,,Nasdaq,
AUUD,AUDDIA INC.,,,,,Nasdaq,
KWM,K Wave Media Ltd.,,,,,Nasdaq,
KRKR,36Kr Holdings Inc.,,,,,Nasdaq,
SSM,Sono Group N.V.,,,,,Nasdaq,
SNGX,"SOLIGENIX, INC.",,,,,Nasdaq,
SURG,"SurgePays, Inc.",,,,,Nasdaq,
PCSA,"Processa Pharmaceuticals, Inc.",,,,,Nasdaq,
CODX,"Co-Diagnostics, Inc.",,,,,Nasdaq,
ACON,"Aclarion, Inc.",,,,,Nasdaq,
BCAB,"BioAtla, Inc.",,,,,Nasdaq,
TGL,TREASURE GLOBAL INC,,,,,Nasdaq,
MTR,MESA ROYALTY TRUST/TX,,,,,NYSE,
GLXG,Galaxy Payroll Group Ltd,,,,,Nasdaq,
GMM,Global Mofy AI Ltd,,,,,Nasdaq,
WLDS,Wearable Devices Ltd.,,,,,Nasdaq,
CLGN,CollPlant Biotechnologies Ltd,,,,,Nasdaq,
YCBD,"cbdMD, Inc.",,,,,NYSE,
NCNA,NuCana plc,,,,,Nasdaq,
BRTX,"BioRestorative Therapies, Inc.",,,,,Nasdaq,
JZ,Jianzhi Education Technology Group Co Ltd,,,,,Nasdaq,
GAUZ,Gauzy Ltd.,,,,,Nasdaq,
MITQ,MOVING iMAGE TECHNOLOGIES INC.,,,,,NYSE,
SNOA,"Sonoma Pharmaceuticals, Inc.",,,,,Nasdaq,
AIDX,"20/20 Biolabs, Inc.",,,,,Nasdaq,
JUNS,"JUPITER NEUROSCIENCES, INC.",,,,,Nasdaq,
HCWB,HCW Biologics Inc.,,,,,Nasdaq,
MLEC,Moolec Science SA,,,,,Nasdaq,
APVO,Aptevo Therapeutics Inc.,,,,,Nasdaq,
WBUY,WEBUY GLOBAL LTD,,,,,Nasdaq,
RENX,RenX Enterprises Corp.,,,,,Nasdaq,
CCHH,CCH Holdings Ltd,,,,,Nasdaq,
JAGX,"Jaguar Health, Inc.",,,,,Nasdaq,
GLMD,Galmed Pharmaceuticals Ltd.,,,,,Nasdaq,
STFS,Star Fashion Culture Holdings Ltd,,,,,Nasdaq,
DXST,Decent Holding Inc.,,,,,Nasdaq,
NWTG,"Newton Golf Company, Inc.",,,,,Nasdaq,
SONM,"DNA X, Inc.",,,,,Nasdaq,
RNAZ,"Transcode Therapeutics, Inc.",,,,,Nasdaq,
HCWC,HEALTHY CHOICE WELLNESS CORP.,,,,,NYSE,
SILO,"Silo Pharma, Inc.",,,,,Nasdaq,
BGMS,"Bio Green Med Solution, Inc.",,,,,Nasdaq,
CRE,Cre8 Enterprise Ltd,,,,,Nasdaq,
WOK,WORK Medical Technology Group LTD,,,,,Nasdaq,
BKYI,BIO KEY INTERNATIONAL INC,,,,,Nasdaq,
ALP,Alpha Compute Corp,,,,,Nasdaq,
MASK,3 E Network Technology Group Ltd,,,,,Nasdaq,
DRMA,"Dermata Therapeutics, Inc.",,,,,Nasdaq,
RMSG,Real Messenger Corp,,,,,Nasdaq,
CYAB,"CYABRA, INC.",,,,,Nasdaq,
CELZ,"CREATIVE MEDICAL TECHNOLOGY HOLDINGS, INC.",,,,,Nasdaq,
SNTG,Sentage Holdings Inc.,,,,,Nasdaq,
CDIO,"Cardio Diagnostics Holdings, Inc.",,,,,Nasdaq,
CPOP,"Pop Culture Group Co., Ltd",,,,,Nasdaq,
AQB,AQUABOUNTY TECHNOLOGIES INC,,,,,Nasdaq,
INTJ,Intelligent Group Ltd,,,,,Nasdaq,
CSAI,"CLOUDASTRUCTURE, INC.",,,,,Nasdaq,
CHNR,CHINA NATURAL RESOURCES INC,,,,,Nasdaq,
BMRA,BIOMERICA INC,,,,,Nasdaq,
SMTK,"SmartKem, Inc.",,,,,Nasdaq,
GURE,"GULF RESOURCES, INC.",,,,,Nasdaq,
GCDT,Green Circle Decarbonize Technology Ltd,,,,,NYSE,
JWEL,Jowell Global Ltd.,,,,,Nasdaq,
INBS,INTELLIGENT BIO SOLUTIONS INC.,,,,,Nasdaq,
TCRT,"Alaunos Therapeutics, Inc.",,,,,Nasdaq,
CNEY,CN ENERGY GROUP. INC.,,,,,Nasdaq,
TWAV,"TaoWeave, Inc.",,,,,Nasdaq,
ATER,"Aterian, Inc.",,,,,Nasdaq,
SGLY,Singularity Future Technology Ltd.,,,,,Nasdaq,
OLB,"OLB GROUP, INC.",,,,,Nasdaq,
SPRC,SciSparc Ltd.,,,,,Nasdaq,
SLE,"Super League Enterprise, Inc.",,,,,Nasdaq,
CWD,CaliberCos Inc.,,,,,Nasdaq,
IPDN,"Professional Diversity Network, Inc.",,,,,Nasdaq,
MBIO,"MUSTANG BIO, INC.",,,,,Nasdaq,
CETX,CEMTREX INC,,,,,Nasdaq,
VSEE,"VSEE HEALTH, INC.",,,,,Nasdaq,
INLF,INLIF Ltd,,,,,Nasdaq,
ELAB,PMGC Holdings Inc.,,,,,Nasdaq,
HIHO,HIGHWAY HOLDINGS LTD,,,,,Nasdaq,
MSGY,Masonglory Ltd,,,,,Nasdaq,
NWGL,CL Workshop Group Ltd,,,,,Nasdaq,
PAVS,Paranovus Entertainment Technology Ltd.,,,,,Nasdaq,
BIAF,"bioAffinity Technologies, Inc.",,,,,Nasdaq,
RDHL,RedHill Biopharma Ltd.,,,,,Nasdaq,
LCFY,Locafy Ltd,,,,,Nasdaq,
NXGL,"NEXGEL, INC.",,,,,Nasdaq,
GSUN,Golden Sun Technology Group Ltd.,,,,,Nasdaq,
ERNA,Ernexa Therapeutics Inc.,,,,,Nasdaq,
ENSC,"Ensysce Biosciences, Inc.",,,,,Nasdaq,
YYGH,YY Group Holding Ltd.,,,,,Nasdaq,
XAIR,"Beyond Air, Inc.",,,,,Nasdaq,
CAPS,Capstone Holding Corp.,,,,,Nasdaq,
REVB,"REVELATION BIOSCIENCES, INC.",,,,,Nasdaq,
EJH,E-Home Household Service Holdings Ltd,,,,,Nasdaq,
ICON,Icon Energy Corp,,,,,Nasdaq,
FRSX,Foresight Autonomous Holdings Ltd.,,,,,Nasdaq,
XRTX,XORTX Therapeutics Inc.,,,,,Nasdaq,
VMAR,Vision Marine Technologies Inc.,,,,,Nasdaq,
ZSTK,ZeroStack Corp.,,,,,Nasdaq,
AZI,Autozi Internet Technology (Global) Ltd.,,,,,Nasdaq,
ATXG,ADDENTAX GROUP CORP.,,,,,Nasdaq,
GOVX,"GeoVax Labs, Inc.",,,,,Nasdaq,
GCTK,"Glucotrack, Inc.",,,,,Nasdaq,
TDIC,Dreamland Ltd,,,,,Nasdaq,
DFSC,DEFSEC Technologies Inc.,,,,,Nasdaq,
WCT,Wellchange Holdings Co Ltd,,,,,Nasdaq,
FBLG,"FibroBiologics, Inc.",,,,,Nasdaq,
TOPS,TOP SHIPS INC.,,,,,NYSE,
RITR,Reitar Logtech Holdings Ltd,,,,,Nasdaq,
LABT,Lakewood-Amedex Biotherapeutics Inc.,,,,,Nasdaq,
CHR,"Cheer Holding, Inc.",,,,,Nasdaq,
SCKT,"SOCKET MOBILE, INC.",,,,,Nasdaq,
XPON,Expion360 Inc.,,,,,Nasdaq,
NTCL,NetClass Technology Inc,,,,,Nasdaq,
TNON,"Tenon Medical, Inc.",,,,,Nasdaq,
EEIQ,EpicQuest Education Group International Ltd,,,,,Nasdaq,
GBR,"New Concept Energy, Inc.",,,,,NYSE,
CIIT,"Tianci International, Inc.",,,,,Nasdaq,
VSME,VS MEDIA Holdings Ltd,,,,,Nasdaq,
HTCR,"HeartCore Enterprises, Inc.",,,,,Nasdaq,
OMH,Ohmyhome Ltd,,,,,Nasdaq,
JEM,707 Cayman Holdings Ltd.,,,,,Nasdaq,
MKZR,"MacKenzie Realty Capital, Inc.",,,,,Nasdaq,
WNW,Meiwu Technology Co Ltd,,,,,Nasdaq,
PW,Power REIT,,,,,NYSE,
IZM,ICZOOM Group Inc.,,,,,Nasdaq,
BGLC,BioNexus Gene Lab Corp,,,,,Nasdaq,
SXTP,"60 DEGREES PHARMACEUTICALS, INC.",,,,,Nasdaq,
OCG,Oriental Culture Holding LTD,,,,,Nasdaq,
PRFX,PRF Technologies Ltd.,,,,,Nasdaq,
VCIG,VCI Global Ltd,,,,,Nasdaq,
ABTS,Abits Group Inc,,,,,Nasdaq,
GNPX,"Genprex, Inc.",,,,,Nasdaq,
MBRX,"Moleculin Biotech, Inc.",,,,,Nasdaq,
AKAN,AKANDA CORP.,,,,,Nasdaq,
ITP,"IT TECH PACKAGING, INC.",,,,,NYSE,
NCRA,"NOCERA, INC.",,,,,Nasdaq,
LXEH,Lixiang Education Holding Co. Ltd.,,,,,Nasdaq,
IVDA,"Iveda Solutions, Inc.",,,,,Nasdaq,
NCPL,Netcapital Inc.,,,,,Nasdaq,
ONCO,"Onconetix, Inc.",,,,,Nasdaq,
PMAX,Powell Max Ltd,,,,,Nasdaq,
SQFT,"Presidio Property Trust, Inc.",,,,,Nasdaq,
NIVF,NewGenIvf Group Ltd,,,,,Nasdaq,
JTAI,Jet.AI Inc.,,,,,Nasdaq,
SBFM,Sunshine Biopharma Inc.,,,,,Nasdaq,
FLYE,"Fly-E Group, Inc.",,,,,Nasdaq,
ARTL,"ARTELO BIOSCIENCES, INC.",,,,,Nasdaq,
GWAV,"Greenwave Technology Solutions, Inc.",,,,,Nasdaq,
YHC,LQR House Inc.,,,,,Nasdaq,
RDGT,Ridgetech Inc.,,,,,Nasdaq,
CDTG,CDT Environmental Technology Investment Holdings Ltd,,,,,Nasdaq,
CCTG,CCSC Technology International Holdings Ltd,,,,,Nasdaq,
ISPC,iSpecimen Inc.,,,,,Nasdaq,
OFAL,OFA Group,,,,,Nasdaq,
CHGA,Change Agents Corporation.,,,,,Nasdaq,
HYFM,"HYDROFARM HOLDINGS GROUP, INC.",,,,,Nasdaq,
CHSN,Chanson International Holding,,,,,Nasdaq,
YMT,Yimutian Inc.,,,,,Nasdaq,
RAYA,Erayak Power Solution Group Inc.,,,,,Nasdaq,
NXTS,Nexentis Technologies Inc.,,,,,Nasdaq,
CMND,Clearmind Medicine Inc.,,,,,Nasdaq,
SUGP,SU Group Holdings Ltd,,,,,Nasdaq,
BYAH,"Park Ha Biological Technology Co., Ltd.",,,,,Nasdaq,
GRI,"GRI Bio, Inc.",,,,,Nasdaq,
GVH,Globavend Holdings Ltd,,,,,Nasdaq,
ATPC,Agape ATP Corp,,,,,Nasdaq,
SXTC,"China SXT Pharmaceuticals, Inc.",,,,,Nasdaq,
OGEN,ORAGENICS INC,,,,,NYSE,
PPCB,"Propanc Biopharma, Inc.",,,,,Nasdaq,
SBEV,"SPLASH BEVERAGE GROUP, INC.",,,,,NYSE,
HCTI,"Healthcare Triangle, Inc.",,,,,Nasdaq,
FXHO,UTime Ltd,,,,,Nasdaq,
SHPH,"Shuttle Pharmaceuticals Holdings, Inc.",,,,,Nasdaq,
UPC,Universe Pharmaceuticals INC,,,,,Nasdaq,
AZTR,"Azitra, Inc.",,,,,NYSE,
DCOY,Decoy Therapeutics Inc.,,,,,Nasdaq,
BOXL,Boxlight Corp,,,,,Nasdaq,
EZGO,EZGO Technologies Ltd.,,,,,Nasdaq,
VRAX,Virax Biolabs Group Ltd,,,,,Nasdaq,
MNDR,Mobile-health Network Solutions,,,,,Nasdaq,
RPGL,Republic Power Group Ltd,,,,,Nasdaq,
CLDI,"Calidi Biotherapeutics, Inc.",,,,,NYSE,
PHGE,BiomX Inc.,,,,,NYSE,
SLXN,Silexion Therapeutics Corp,,,,,Nasdaq,
FEED,"ENvue Medical, Inc.",,,,,Nasdaq,
FTFT,Future FinTech Group Inc.,,,,,Nasdaq,
MTNB,"Matinas BioPharma Holdings, Inc.",,,,,NYSE,
NEXR,Nexera Technologies Ltd,,,,,Nasdaq,
PWCM,"POWERCOMPUTE, INC.",,,,,Nasdaq,
DRCT,"Direct Digital Holdings, Inc.",,,,,Nasdaq,
AMIX,"Autonomix Medical, Inc.",,,,,Nasdaq,
MI,NFT Ltd,,,,,NYSE,
BTOG,BIT ORIGIN Ltd,,,,,Nasdaq,
MYSZ,"My Size, Inc.",,,,,Nasdaq,
CDT,CDT Equity Inc.,,,,,Nasdaq,
IVF,"INVO Fertility, Inc.",,,,,Nasdaq,
LNKS,Linkers Industries Ltd,,,,,Nasdaq,
AGMH,"AGM GROUP HOLDINGS, INC.",,,,,Nasdaq,
LRHC,La Rosa Holdings Corp.,,,,,Nasdaq,
AEMD,AETHLON MEDICAL INC,,,,,Nasdaq,
IBG,Innovation Beverage Group Ltd,,,,,Nasdaq,
TRNR,"Interactive Strength, Inc.",,,,,Nasdaq,
DXF,Eason Technology Ltd,,,,,NYSE,
IPST,"IP STRATEGY HOLDINGS, INC.",,,,,Nasdaq,
BBLG,Bone Biologics Corp,,,,,Nasdaq,
SOBR,"SOBR Safe, Inc.",,,,,Nasdaq,
EZRA,"Reliance Global Group, Inc.",,,,,Nasdaq,
IMTE,Integrated Media Technology Ltd,,,,,Nasdaq,
EDBL,Edible Garden AG Inc,,,,,Nasdaq,
FRGT,"Freight Technologies, Inc.",,,,,Nasdaq,
STKH,Steakholder Foods Ltd.,,,,,Nasdaq,
RBNE,Robin Energy Ltd.,,,,,Nasdaq,
VSTD,Vestand Inc.,,,,,Nasdaq,
RKDA,"Arcadia Biosciences, Inc.",,,,,Nasdaq,
AMZE,"AMAZE HOLDINGS, INC.",,,,,NYSE,
FCHL,Fitness Champs Holdings Ltd,,,,,Nasdaq,
SCNI,Scinai Immunotherapeutics Ltd.,,,,,Nasdaq,
XXII,"22nd Century Group, Inc.",,,,,Nasdaq,
VIVK,"Vivakor, Inc.",,,,,Nasdaq,
RUBI,Rubico Inc.,,,,,Nasdaq,
PPBT,PURPLE BIOTECH LTD.,,,,,Nasdaq,
BNRG,Brenmiller Energy Ltd.,,,,,Nasdaq,
BDRX,Biodexa Pharmaceuticals Plc,,,,,Nasdaq,
VBIO,"Valion Bio, Inc.",,,,,Nasdaq,
SHFS,"SHF Holdings, Inc.",,,,,Nasdaq,
GNLN,"Greenlane Holdings, Inc.",,,,,Nasdaq,
VIVS,"VivoSim Labs, INC.",,,,,Nasdaq,
GMEX,GMEX Robotics Corp,,,,,Nasdaq,
MSS,Maison Solutions Inc.,,,,,Nasdaq,
FGL,Founder Group Ltd,,,,,Nasdaq,
KIDZ,KIDZ AI Inc.,,,,,Nasdaq,
TNMG,TNL Mediagene,,,,,Nasdaq,
IPW,iPower Inc.,,,,,Nasdaq,
IMCC,IM Cannabis Corp.,,,,,Nasdaq,
TRUG,"TruGolf Holdings, Inc.",,,,,Nasdaq,
BAOS,Baosheng Media Group Holdings Ltd,,,,,Nasdaq,
AIXI,Xiao-I Corp,,,,,Nasdaq,
VTAK,"Catheter Precision, Inc.",,,,,NYSE,
BJDX,"Bluejay Diagnostics, Inc.",,,,,Nasdaq,
KUST,"KUSTOM ENTERTAINMENT, INC.",,,,,Nasdaq,
DAIC,"CID Holdco, Inc.",,,,,Nasdaq,
GV,Visionary Holdings Inc.,,,,,Nasdaq,
JZXN,"Jiuzi Holdings, Inc.",,,,,Nasdaq,
GIPR,"GENERATION INCOME PROPERTIES, INC.",,,,,Nasdaq,
PFSA,"Profusa, Inc.",,,,,Nasdaq,
WHLR,"Wheeler Real Estate Investment Trust, Inc.",,,,,Nasdaq,
ONFO,"Onfolio Holdings, Inc",,,,,Nasdaq,
ELPW,Elong Power Holding Ltd.,,,,,Nasdaq,
ZNB,Zeta Network Group,,,,,Nasdaq,
HAO,Haoxi Health Technology Ltd,,,,,Nasdaq,
CISS,C3is Inc.,,,,,Nasdaq,
NUWE,"Nuwellis, Inc.",,,,,Nasdaq,
YYAI,AIRWA INC.,,,,,Nasdaq,
LBGJ,Li Bang International Corp Inc.,,,,,Nasdaq,
ACU,ACME UNITED CORP,,,,,NYSE,
ADX,"ADAMS DIVERSIFIED EQUITY FUND, INC.",,,,,NYSE,
AFL,AFLAC INC,,,,,NYSE,
AIG,"AMERICAN INTERNATIONAL GROUP, INC.",,,,,NYSE,
AVD,AMERICAN VANGUARD CORP,,,,,NYSE,
AP,AMPCO PITTSBURGH CORP,,,,,NYSE,
EAI,"ENTERGY ARKANSAS, LLC",,,,,NYSE,
BDL,FLANIGANS ENTERPRISES INC,,,,,NYSE,
CET,CENTRAL SECURITIES CORP,,,,,NYSE,
JPM,JPMORGAN CHASE & CO,,,,,NYSE,
CNA,CNA FINANCIAL CORP,,,,,NYSE,
EML,EASTERN CO,,,,,Nasdaq,
ESP,ESPEY MFG & ELECTRONICS CORP,,,,,NYSE,
CRF,CORNERSTONE TOTAL RETURN FUND INC,,,,,NYSE,
FHN,FIRST HORIZON CORP,,,,,NYSE,
GPJA,GEORGIA POWER CO,,,,,NYSE,
HHS,HARTE HANKS INC,,,,,Nasdaq,
IMO,IMPERIAL OIL LTD,,,,,NYSE,
RYN,RAYONIER INC,,,,,NYSE,
LEE,"LEE ENTERPRISES, Inc",,,,,Nasdaq,
MCY,MERCURY GENERAL CORP,,,,,NYSE,
MXC,MEXCO ENERGY CORP,,,,,NYSE,
EMP,"ENTERGY MISSISSIPPI, LLC",,,,,NYSE,
NRUC,NATIONAL RURAL UTILITIES COOPERATIVE FINANCE CORP /DC/,,,,,NYSE,
BAC,BANK OF AMERICA CORP /DE/,,,,,NYSE,
ORI,OLD REPUBLIC INTERNATIONAL CORP,,,,,NYSE,
ACH,ACCENDRA HEALTH INC/VA/,,,,,NYSE,
PHI,PLDT Inc.,,,,,NYSE,
BCO,BRINKS CO,,,,,NYSE,
IHT,INNSUITES HOSPITALITY TRUST,,,,,NYSE,
SIF,SIFCO INDUSTRIES INC,,,,,NYSE,
SOR,SOURCE CAPITAL /DE/,,,,,NYSE,
UFI,UNIFI INC,,,,,NYSE,
UUU,"UNIVERSAL SAFETY PRODUCTS, INC.",,,,,NYSE,
SU,SUNCOR ENERGY INC,,,,,NYSE,
MUX,McEwen Inc.,,,,,NYSE,
SSL,SASOL LTD,,,,,NYSE,
ASM,AVINO SILVER & GOLD MINES LTD,,,,,NYSE,
SJT,SAN JUAN BASIN ROYALTY TRUST,,,,,NYSE,
AJG,Arthur J. Gallagher & Co.,,,,,NYSE,
HMC,HONDA MOTOR CO LTD,,,,,NYSE,
RGS,REGIS CORP,,,,,Nasdaq,
O,REALTY INCOME CORP,,,,,NYSE,
TRT,TRIO-TECH INTERNATIONAL,,,,,NYSE,
TCI,TRANSCONTINENTAL REALTY INVESTORS INC,,,,,NYSE,
AMS,AMERICAN SHARED HOSPITAL SERVICES,,,,,NYSE,
JHI,JOHN HANCOCK INVESTORS TRUST,,,,,NYSE,
DOC,"HEALTHPEAK PROPERTIES, INC.",,,,,NYSE,
CVV,CVD EQUIPMENT CORP,,,,,Nasdaq,
TBI,"TrueBlue, Inc.",,,,,NYSE,
DSS,"DSS, INC.",,,,,NYSE,
GAB,GABELLI EQUITY TRUST INC,,,,,NYSE,
USA,LIBERTY ALL STAR EQUITY FUND,,,,,NYSE,
HQH,abrdn Healthcare Investors,,,,,NYSE,
CIK,"CREDIT SUISSE ASSET MANAGEMENT INCOME FUND, INC.",,,,,NYSE,
MGF,ABERDEEN GOVERNMENT MARKETS INCOME FUND,,,,,NYSE,
SWZ,Total Return Securities Fund,,,,,NYSE,
NNY,NUVEEN NEW YORK MUNICIPAL VALUE FUND,,,,,NYSE,
NCA,NUVEEN CALIFORNIA MUNICIPAL VALUE FUND,,,,,NYSE,
AB,ALLIANCEBERNSTEIN HOLDING L.P.,,,,,NYSE,
MIN,ABERDEEN INTERMEDIATE INCOME FUND,,,,,NYSE,
PPT,FRANKLIN PREMIER INCOME TRUST,,,,,NYSE,
NMI,NUVEEN MUNICIPAL INCOME FUND INC,,,,,NYSE,
SIG,SIGNET JEWELERS LTD,,,,,NYSE,
FT,FRANKLIN UNIVERSAL TRUST,,,,,NYSE,
ZTR,Virtus Total Return Fund Inc.,,,,,NYSE,
WDS,WOODSIDE ENERGY GROUP LTD,,,,,NYSE,
VLT,Invesco High Income Trust II,,,,,NYSE,
PDT,JOHN HANCOCK PREMIUM DIVIDEND FUND,,,,,NYSE,
GF,NEW GERMANY FUND INC,,,,,NYSE,
JOF,JAPAN SMALLER CAPITALIZATION FUND INC,,,,,NYSE,
CEE,"CENTRAL & EASTERN EUROPE FUND, INC.",,,,,NYSE,
AZO,AUTOZONE INC,,,,,NYSE,
VKQ,Invesco Municipal Trust,,,,,NYSE,
NHI,NATIONAL HEALTH INVESTORS INC,,,,,NYSE,
TGB,Trekor Metals Ltd,,,,,NYSE,
KIM,KIMCO REALTY CORP,,,,,NYSE,
PFO,Flaherty & Crumrine PREFERRED & INCOME OPPORTUNITY FUND INC,,,,,NYSE,
MYI,"BLACKROCK MUNIYIELD QUALITY FUND III, INC.",,,,,NYSE,
NXP,NUVEEN SELECT TAX FREE INCOME PORTFOLIO,,,,,NYSE,
HQL,abrdn Life Sciences Investors,,,,,NYSE,
VMO,Invesco Municipal Opportunity Trust,,,,,NYSE,
SPY,SPDR S&P 500 ETF TRUST,,,,,NYSE,
IQI,Invesco Quality Municipal Income Trust,,,,,NYSE,
FC,FRANKLIN COVEY CO,,,,,NYSE,
GS,GOLDMAN SACHS GROUP INC,,,,,NYSE,
CCU,UNITED BREWERIES CO INC,,,,,NYSE,
CVU,CPI AEROSTRUCTURES INC,,,,,NYSE,
BLX,"BLADEX, INC.",,,,,NYSE,
RDN,RADIAN GROUP INC,,,,,NYSE,
RFI,COHEN & STEERS TOTAL RETURN REALTY FUND INC,,,,,NYSE,
FLL,FULL HOUSE RESORTS INC,,,,,Nasdaq,
NAZ,NUVEEN ARIZONA QUALITY MUNICIPAL INCOME FUND,,,,,NYSE,
CITR,CitroTech Inc.,,,,,NYSE,
VPV,Invesco Pennsylvania Value Municipal Income Trust,,,,,NYSE,
ENB,ENBRIDGE INC,,,,,NYSE,
NMT,NUVEEN MASSACHUSETTS QUALITY MUNICIPAL INCOME FUND,,,,,NYSE,
VNO,VORNADO REALTY TRUST,,,,,NYSE,
PMO,FRANKLIN MUNICIPAL OPPORTUNITIES TRUST,,,,,NYSE,
MUA,"BLACKROCK MUNIASSETS FUND, INC.",,,,,NYSE,
AZN,ASTRAZENECA PLC,,,,,NYSE,
EQR,EQUITY RESIDENTIAL,,,,,NYSE,
CPT,CAMDEN PROPERTY TRUST,,,,,NYSE,
BFS,"SAUL CENTERS, INC.",,,,,NYSE,
PCM,"PCM FUND, INC.",,,,,NYSE,
TCX,TUCOWS INC /PA/,,,,,Nasdaq,
HIO,WESTERN ASSET HIGH INCOME OPPORTUNITY FUND INC.,,,,,NYSE,
MED,MEDIFAST INC,,,,,NYSE,
REG,REGENCY CENTERS CORP,,,,,Nasdaq,
CBL,CBL & ASSOCIATES PROPERTIES INC,,,,,NYSE,
KOF,COCA COLA FEMSA SAB DE CV,,,,,NYSE,
MAA,MID AMERICA APARTMENT COMMUNITIES INC.,,,,,NYSE,
IIF,"MORGAN STANLEY INDIA INVESTMENT FUND, INC.",,,,,NYSE,
XPL,SOLITARIO RESOURCES CORP.,,,,,NYSE,
RCG,"RENN Fund, Inc.",,,,,NYSE,
HIW,"HIGHWOODS PROPERTIES, INC.",,,,,NYSE,
AIV,APARTMENT INVESTMENT & MANAGEMENT CO,,,,,NYSE,
GEO,GEO GROUP INC,,,,,NYSE,
NOK,NOKIA CORP,,,,,NYSE,
BTO,JOHN HANCOCK FINANCIAL OPPORTUNITIES FUND,,,,,NYSE,
DIT,AMCON DISTRIBUTING CO,,,,,NYSE,
TEO,TELECOM ARGENTINA SA,,,,,NYSE,
CYD,CHINA YUCHAI INTERNATIONAL LTD,,,,,NYSE,
MDY,SPDR S&P MIDCAP 400 ETF TRUST,,,,,NYSE,
ICL,ICL Group Ltd.,,,,,NYSE,
NAT,NORDIC AMERICAN TANKERS Ltd,,,,,NYSE,
TLK,PERUSAHAAN PERSEROAN PERSERO PT TELEKOMUNIKASI INDONESIA TBK,,,,,NYSE,
AMG,"AFFILIATED MANAGERS GROUP, INC.",,,,,NYSE,
CCJ,CAMECO CORP,,,,,NYSE,
BVN,BUENAVENTURA MINING CO INC,,,,,NYSE,
DRD,DRDGOLD LTD,,,,,NYSE,
HMY,HARMONY GOLD MINING CO LTD,,,,,NYSE,
MHD,"BLACKROCK MUNIHOLDINGS FUND, INC.",,,,,NYSE,
WYY,WIDEPOINT CORP,,,,,NYSE,
ARE,"ALEXANDRIA REAL ESTATE EQUITIES, INC.",,,,,NYSE,
DIA,SPDR DOW JONES INDUSTRIAL AVERAGE ETF TRUST,,,,,NYSE,
AFG,AMERICAN FINANCIAL GROUP INC,,,,,NYSE,
SRI,STONERIDGE INC,,,,,NYSE,
TSM,TAIWAN SEMICONDUCTOR MANUFACTURING CO LTD,,,,,NYSE,
LTM,LATAM AIRLINES GROUP S.A.,,,,,NYSE,
CIX,COMPX INTERNATIONAL INC,,,,,NYSE,
SID,NATIONAL STEEL CO,,,,,NYSE,
PGC,PEAPACK GLADSTONE FINANCIAL CORP,,,,,Nasdaq,
TDS,TELEPHONE & DATA SYSTEMS INC /DE/,,,,,NYSE,
MUJ,"BLACKROCK MUNIHOLDINGS NEW JERSEY QUALITY FUND, INC.",,,,,NYSE,
INO,"INOVIO PHARMACEUTICALS, INC.",,,,,Nasdaq,
DHY,CREDIT SUISSE HIGH YIELD CREDIT FUND,,,,,NYSE,
SPG,SIMON PROPERTY GROUP INC.,,,,,NYSE,
VIV,TELEFONICA BRASIL S.A.,,,,,NYSE,
QQQ,"INVESCO QQQ TRUST, SERIES 1",,,,,Nasdaq,
IX,ORIX CORP,,,,,NYSE,
HST,"HOST HOTELS & RESORTS, INC.",,,,,Nasdaq,
GGB,GERDAU S.A.,,,,,NYSE,
NAN,NUVEEN NEW YORK QUALITY MUNICIPAL INCOME FUND,,,,,NYSE,
NAC,Nuveen California Quality Municipal Income Fund,,,,,NYSE,
CX,CEMEX SAB DE CV,,,,,NYSE,
GUT,GABELLI UTILITY TRUST,,,,,NYSE,
VHC,VirnetX Holding Corp,,,,,Nasdaq,
SVA,SINOVAC BIOTECH LTD,,,,,Nasdaq,
UGP,ULTRAPAR HOLDINGS INC,,,,,NYSE,
PLG,PLATINUM GROUP METALS LTD,,,,,NYSE,
ARL,AMERICAN REALTY INVESTORS INC,,,,,NYSE,
IBN,ICICI BANK LTD,,,,,NYSE,
ASR,SOUTHEAST AIRPORT GROUP,,,,,NYSE,
THM,INTERNATIONAL TOWER HILL MINES LTD,,,,,NYSE,
PRU,PRUDENTIAL FINANCIAL INC,,,,,NYSE,
PCQ,PIMCO CALIFORNIA MUNICIPAL INCOME FUND,,,,,NYSE,
PED,PEDEVCO CORP,,,,,NYSE,
MA,Mastercard Inc,,,,,NYSE,
TAC,TRANSALTA CORP,,,,,NYSE,
CIG,ENERGY CO OF MINAS GERAIS,,,,,NYSE,
JRS,NUVEEN REAL ESTATE INCOME FUND,,,,,NYSE,
BHK,BLACKROCK CORE BOND TRUST,,,,,NYSE,
PCN,PIMCO CORPORATE & INCOME STRATEGY FUND,,,,,NYSE,
AFB,ALLIANCEBERNSTEIN NATIONAL MUNICIPAL INCOME FUND,,,,,NYSE,
WEA,WESTERN ASSET PREMIER BOND FUND,,,,,NYSE,
NAK,NORTHERN DYNASTY MINERALS LTD,,,,,NYSE,
WHG,WESTWOOD HOLDINGS GROUP INC,,,,,NYSE,
BHV,BLACKROCK VIRGINIA MUNICIPAL BOND TRUST,,,,,NYSE,
PML,PIMCO MUNICIPAL INCOME FUND II,,,,,NYSE,
PNI,PIMCO NEW YORK MUNICIPAL INCOME FUND II,,,,,NYSE,
GFI,GOLD FIELDS LTD,,,,,NYSE,
TRX,TRX GOLD Corp,,,,,NYSE,
HPI,JOHN HANCOCK PREFERRED INCOME FUND,,,,,NYSE,
NBH,NEUBERGER MUNICIPAL FUND INC.,,,,,NYSE,
PFS,PROVIDENT FINANCIAL SERVICES INC,,,,,NYSE,
BGI,BIRKS GROUP INC.,,,,,NYSE,
SPCX,SPACE EXPLORATION TECHNOLOGIES CORP,,,,,Nasdaq,
TS,TENARIS SA,,,,,NYSE,
NEA,Nuveen AMT-Free Quality Municipal Income Fund,,,,,NYSE,
IAG,IAMGOLD CORP,,,,,NYSE,
NCV,Virtus Convertible & Income Fund,,,,,NYSE,
AVK,ADVENT CONVERTIBLE & INCOME FUND,,,,,NYSE,
PHK,PIMCO HIGH INCOME FUND,,,,,NYSE,
GLD,SPDR GOLD TRUST,,,,,NYSE,
EVV,Eaton Vance Ltd Duration Income Fund,,,,,NYSE,
CNO,"CNO Financial Group, Inc.",,,,,NYSE,
JQC,Nuveen Credit Strategies Income Fund,,,,,NYSE,
EMD,WESTERN ASSET EMERGING MARKETS DEBT FUND INC.,,,,,NYSE,
ASA,ASA Gold & Precious Metals Ltd,,,,,NYSE,
TRP,TC ENERGY CORP,,,,,NYSE,
AHT,ASHFORD HOSPITALITY TRUST INC,,,,,NYSE,
FTF,FRANKLIN LTD DURATION INCOME TRUST,,,,,NYSE,
PFL,PIMCO INCOME STRATEGY FUND,,,,,NYSE,
ABR,ARBOR REALTY TRUST INC,,,,,NYSE,
FRA,"BLACKROCK FLOATING RATE INCOME STRATEGIES FUND, INC.",,,,,NYSE,
AIZ,"ASSURANT, INC.",,,,,NYSE,
IPB,MERRILL LYNCH DEPOSITOR INC INDEXPLUS TRUST SERIES 2003-1,,,,,NYSE,
WIW,WESTERN ASSET INFLATION-LINKED OPPORTUNITIES & INCOME FUND,,,,,NYSE,
TYG,TORTOISE ENERGY INFRASTRUCTURE CORP,,,,,NYSE,
AGO,ASSURED GUARANTY LTD,,,,,NYSE,
UTF,COHEN & STEERS INFRASTRUCTURE FUND INC,,,,,NYSE,
JFR,NUVEEN FLOATING RATE INCOME FUND,,,,,NYSE,
LGI,LAZARD GLOBAL TOTAL RETURN & INCOME FUND INC,,,,,NYSE,
IAU,ISHARES GOLD TRUST,,,,,NYSE,
ERH,ALLSPRING UTILITIES & HIGH INCOME FUND,,,,,NYSE,
BTE,BAYTEX ENERGY CORP.,,,,,NYSE,
RF,REGIONS FINANCIAL CORP,,,,,NYSE,
FCT,FIRST TRUST SENIOR FLOATING RATE INCOME FUND II,,,,,NYSE,
GLU,GABELLI GLOBAL UTILITY & INCOME TRUST,,,,,NYSE,
KTN,STRUCTURED PRODUCTS CORP CRED ENHANCE CORTS TR FOR AON CAP A,,,,,NYSE,
KTH,STRUCTURED PRODUCTS CORP CORTS TR FOR PECO ENERGY CAP TR III,,,,,NYSE,
JBK,LEHMAN ABS CORP GOLDMAN SACHS CAP 1 SEC BACKED SER 2004-6,,,,,NYSE,
CNS,"COHEN & STEERS, INC.",,,,,NYSE,
KRG,KITE REALTY GROUP TRUST,,,,,NYSE,
GJH,STRATS SM TRUST FOR U S CELL CORP SEC SERIES 2004 6,,,,,NYSE,
EVG,Eaton Vance Short Duration Diversified Income Fund,,,,,NYSE,
EFT,Eaton Vance Floating-Rate Income Trust,,,,,NYSE,
SFL,SFL Corp Ltd.,,,,,NYSE,
PYT,PPLUS Trust Series GSC-2,,,,,NYSE,
CUBE,CubeSmart,,,,,NYSE,
GGN,"GAMCO Global Gold, Natural Resources & Income Trust",,,,,NYSE,
BME,BlackRock Health Sciences Trust,,,,,NYSE,
GLQ,Clough Global Equity Fund,,,,,NYSE,
PGP,PIMCO Global StocksPLUS & Income Fund,,,,,NYSE,
BOE,BlackRock Enhanced Global Dividend Trust,,,,,NYSE,
GAIN,GLADSTONE INVESTMENT CORPORATION\DE,,,,,Nasdaq,
IGC,"IGC Pharma, Inc.",,,,,NYSE,
USO,"United States Oil Fund, LP",,,,,NYSE,
DBC,Invesco DB Commodity Index Tracking Fund,,,,,NYSE,
FXE,Invesco CurrencyShares Euro Trust,,,,,NYSE,
SLV,iShares Silver Trust,,,,,NYSE,
DHT,"DHT Holdings, Inc.",,,,,NYSE,
GSG,iShares S&P GSCI Commodity-Indexed Trust,,,,,NYSE,
IGA,Voya Global Advantage & Premium Opportunity Fund,,,,,NYSE,
SVM,SILVERCORP METALS INC,,,,,NYSE,
ETY,Eaton Vance Tax-Managed Diversified Equity Income Fund,,,,,NYSE,
GJO,"STRATS SM TRUST FOR WAL-MART STORES, INC. SECURITIES, SERIES 2005-4",,,,,NYSE,
TX,Ternium S.A.,,,,,NYSE,
GJP,"STRATS(SM) TRUST FOR DOMINION RESOURCES, INC. SECURITIES, SERIES 2005-6",,,,,NYSE,
ASTI,"Ascent Solar Technologies, Inc.",,,,,Nasdaq,
GLO,Clough Global Opportunities Fund,,,,,NYSE,
GJR,"STRATS(SM) Trust for Procter & Gamble Securities, Series 2006-1",,,,,NYSE,
FXB,Invesco CurrencyShares British Pound Sterling Trust,,,,,NYSE,
FXC,Invesco CurrencyShares Canadian Dollar Trust,,,,,NYSE,
FXY,Invesco CurrencyShares Japanese Yen Trust,,,,,NYSE,
FXA,Invesco CurrencyShares Australian Dollar Trust,,,,,NYSE,
FXF,Invesco CurrencyShares Swiss Franc Trust,,,,,NYSE,
GJS,"STRATS(SM) Trust for Goldman Sachs Group Securities, Series 2006-2",,,,,NYSE,
GJT,"STRATS(SM) Trust for Allstate Corp Securities, Series 2006-3",,,,,NYSE,
EVR,Evercore Inc.,,,,,NYSE,
AGD,abrdn Global Dynamic Dividend Fund,,,,,NYSE,
DAC,Danaos Corp,,,,,NYSE,
EDU,New Oriental Education & Technology Group Inc.,,,,,NYSE,
FOF,"Cohen & Steers Closed-End Opportunity Fund, Inc.",,,,,NYSE,
UNG,"United States Natural Gas Fund, LP",,,,,NYSE,
GDL,GDL FUND,,,,,NYSE,
BTZ,BLACKROCK CREDIT ALLOCATION INCOME TRUST,,,,,NYSE,
AOD,abrdn Total Dynamic Dividend Fund,,,,,NYSE,
EXG,Eaton Vance Tax-Managed Global Diversified Equity Income Fund,,,,,NYSE,
GOF,GUGGENHEIM STRATEGIC OPPORTUNITIES FUND,,,,,NYSE,
DBP,Invesco DB Precious Metals Fund,,,,,NYSE,
DBO,Invesco DB Oil Fund,,,,,NYSE,
DBE,Invesco DB Energy Fund,,,,,NYSE,
DBA,INVESCO DB AGRICULTURE FUND,,,,,NYSE,
DBB,INVESCO DB BASE METALS FUND,,,,,NYSE,
UDN,INVESCO DB US DOLLAR INDEX BEARISH FUND,,,,,NYSE,
JCE,Nuveen Core Equity Alpha Fund,,,,,NYSE,
EDD,"Morgan Stanley Emerging Markets Domestic Debt Fund, Inc.",,,,,NYSE,
GRX,Gabelli Healthcare & WellnessRx Trust,,,,,NYSE,
EDN,EDENOR,,,,,NYSE,
CHW,Calamos Global Dynamic Income Fund,,,,,Nasdaq,
UGA,"United States Gasoline Fund, LP",,,,,NYSE,
G,Genpact LTD,,,,,NYSE,
UNL,"United States 12 Month Natural Gas Fund, LP",,,,,NYSE,
USL,"United States 12 Month Oil Fund, LP",,,,,NYSE,
BIP,Brookfield Infrastructure Partners L.P.,,,,,NYSE,
FOR,Forestar Group Inc.,,,,,NYSE,
FN,Fabrinet,,,,,NYSE,
BTG,B2GOLD CORP,,,,,NYSE,
GSL,"Global Ship Lease, Inc.",,,,,NYSE,
IVR,Invesco Mortgage Capital Inc.,,,,,NYSE,
MHH,"Mastech Digital, Inc.",,,,,NYSE,
SIVR,abrdn Silver ETF Trust,,,,,NYSE,
SGOL,abrdn Gold ETF Trust,,,,,NYSE,
RIG,Transocean Ltd.,,,,,NYSE,
EOT,Eaton Vance National Municipal Opportunities Trust,,,,,NYSE,
FNV,FRANCO NEVADA Corp,,,,,NYSE,
PALL,abrdn Palladium ETF Trust,,,,,NYSE,
PPLT,abrdn Platinum ETF Trust,,,,,NYSE,
PMT,PennyMac Mortgage Investment Trust,,,,,NYSE,
STK,"Columbia Seligman Premium Technology Growth Fund, Inc.",,,,,NYSE,
GDO,WESTERN ASSET GLOBAL CORPORATE OPPORTUNITY FUND INC.,,,,,NYSE,
BNO,"United States Brent Oil Fund, LP",,,,,NYSE,
P,"Everpure, Inc.",,,,,NYSE,
NBB,Nuveen Taxable Municipal Income Fund,,,,,NYSE,
USCI,United States Commodity Index Funds Trust,,,,,NYSE,
GLTR,abrdn Precious Metals Basket ETF Trust,,,,,NYSE,
BSL,Blackstone Senior Floating Rate 2027 Term Fund,,,,,NYSE,
NHS,Neuberger High Yield Strategies Fund Inc.,,,,,NYSE,
AMBO,Ambow Education Holding Ltd.,,,,,NYSE,
IHD,Voya Emerging Markets High Dividend Equity Fund,,,,,NYSE,
HEQ,John Hancock Diversified Income Fund,,,,,NYSE,
WD,"Walker & Dunlop, Inc.",,,,,NYSE,
TAL,TAL Education Group,,,,,NYSE,
TSQ,"Townsquare Media, Inc.",,,,,NYSE,
LND,BrasilAgro - Brazilian Agricultural Real Estate Co,,,,,NYSE,
AAT,"American Assets Trust, Inc.",,,,,NYSE,
EU,enCore Energy Corp.,,,,,Nasdaq,
EDF,Virtus Stone Harbor Emerging Markets Income Fund,,,,,NYSE,
BWG,BrandywineGLOBAL-Global Income Opportunities Fund Inc,,,,,NYSE,
VOC,VOC Energy Trust,,,,,NYSE,
RGT,"ROYCE GLOBAL TRUST, INC.",,,,,NYSE,
EMO,ClearBridge Energy Midstream Opportunity Fund Inc.,,,,,NYSE,
MMD,NYLI MacKay DefinedTerm Muni Opportunities Fund,,,,,NYSE,
ORC,"Orchid Island Capital, Inc.",,,,,NYSE,
AEC,ANFIELD ENERGY INC.,,,,,Nasdaq,
BGH,BARINGS GLOBAL SHORT DURATION HIGH YIELD FUND,,,,,NYSE,
DBL,DoubleLine Opportunistic Credit Fund,,,,,NYSE,
CG,Carlyle Group Inc.,,,,,Nasdaq,
BUI,"BlackRock Utilities, Infrastructure & Power Opportunities Trust",,,,,NYSE,
EDSA,"Edesa Biotech, Inc.",,,,,Nasdaq,
BPYPP,Brookfield Property Partners L.P.,,,,,Nasdaq,
BGB,Blackstone Strategic Credit 2027 Term Fund,,,,,NYSE,
OUNZ,VanEck Merk Gold ETF,,,,,NYSE,
LDP,"Cohen & Steers Ltd Duration Preferred & Income Fund, Inc.",,,,,NYSE,
MANU,Manchester United plc,,,,,NYSE,
JD,"JD.com, Inc.",,,,,Nasdaq,
BPRE,Bluerock Private Real Estate Fund,,,,,NYSE,
ETN,Eaton Corp plc,,,,,NYSE,
ZTS,Zoetis Inc.,,,,,NYSE,
AMH,American Homes 4 Rent,,,,,NYSE,
SNYR,Synergy CHC Corp.,,,,,Nasdaq,
YARW,"Yarrow Bioscience, Inc.",,,,,Nasdaq,
ICE,"Intercontinental Exchange, Inc.",,,,,NYSE,
MMI,"Marcus & Millichap, Inc.",,,,,NYSE,
FIG,"Figma, Inc.",,,,,NYSE,
GGZ,Gabelli Global Small & Mid Cap Value Trust,,,,,NYSE,
OGS,"ONE Gas, Inc.",,,,,NYSE,
GBTC,Grayscale Bitcoin Trust ETF,,,,,NYSE,
ECC,Eagle Point Credit Co,,,,,NYSE,
BDRY,Amplify Commodity Trust,,,,,NYSE,
KEN,Kenon Holdings Ltd.,,,,,NYSE,
MDT,Medtronic plc,,,,,NYSE,
BST,BlackRock Science & Technology Trust,,,,,NYSE,
GLDM,World Gold Trust,,,,,NYSE,
QSR,Restaurant Brands International Inc.,,,,,NYSE,
PZG,Paramount Gold Nevada Corp.,,,,,NYSE,
YRD,Yiren Digital Ltd.,,,,,NYSE,
CABO,"Cable One, Inc.",,,,,NYSE,
GSM,Ferroglobe PLC,,,,,Nasdaq,
IOT,Samsara Inc.,,,,,NYSE,
NOMD,Nomad Foods Ltd,,,,,NYSE,
FTI,TechnipFMC plc,,,,,NYSE,
BAR,GraniteShares Gold Trust,,,,,NYSE,
PLTM,GraniteShares Platinum Trust,,,,,NYSE,
SE,Sea Ltd,,,,,NYSE,
BUR,Burford Capital Ltd,,,,,NYSE,
BITW,Bitwise 10 Crypto Index ETF,,,,,NYSE,
ETHE,Grayscale Ethereum Staking ETF,,,,,NYSE,
CEF,Sprott Physical Gold & Silver Trust,,,,,NYSE,
GDLC,Grayscale CoinDesk Crypto 5 ETF,,,,,NYSE,
NIO,NIO Inc.,,,,,NYSE,
APMD,"Apnimed, Inc.",,,,,Nasdaq,
TW,Tradeweb Markets Inc.,,,,,Nasdaq,
IAUM,iShares Gold Trust Micro,,,,,NYSE,
BCYC,BICYCLE THERAPEUTICS PLC,,,,,Nasdaq,
BITB,Bitwise Bitcoin ETF,,,,,NYSE,
OBTC,Osprey Bitcoin Trust,,,,,Nasdaq,
RKT,"Rocket Companies, Inc.",,,,,NYSE,
ARAI,Arrive AI Inc.,,,,,Nasdaq,
AVX,AVAX ONE TECHNOLOGY LTD.,,,,,Nasdaq,
RGC,Regencell Bioscience Holdings Ltd,,,,,Nasdaq,
BRRR,CoinShares Bitcoin ETF,,,,,Nasdaq,
BZ,Kanzhun Ltd,,,,,Nasdaq,
RMCO,Royalty Management Holding Corp,,,,,Nasdaq,
OABI,"OmniAb, Inc.",,,,,Nasdaq,
GLNK,Grayscale Chainlink Trust ETF,,,,,NYSE,
FGDL,Franklin Templeton Holdings Trust,,,,,NYSE,
FLY,Firefly Aerospace Inc.,,,,,Nasdaq,
VCX,"Fundrise Innovation Fund, LLC",,,,,NYSE,
CYN,Cyngn Inc.,,,,,Nasdaq,
POM,POMDOCTOR Ltd,,,,,Nasdaq,
EE,"Excelerate Energy, Inc.",,,,,NYSE,
EIIA,Eagle Point Institutional Income Fund,,,,,NYSE,
GSOL,Grayscale Solana Staking ETF,,,,,NYSE,
FRBT,"Forbright, Inc.",,,,,Nasdaq,
OCAC,Ocean Capital Acquisition Corp,,,,,NYSE,
DPU,Top KingWin Ltd,,,,,Nasdaq,
MWG,Multi Ways Holdings Ltd,,,,,NYSE,
SN,"SharkNinja, Inc.",,,,,NYSE,
CTWO,COTWO ADVISORS PHYSICAL EUROPEAN CARBON ALLOWANCE TRUST,,,,,NYSE,
IBIT,iShares Bitcoin Trust ETF,,,,,Nasdaq,
PBM,PSYENCE BIOMEDICAL LTD.,,,,,Nasdaq,
DEFI,Hashdex Commodities Trust,,,,,NYSE,
AS,"Amer Sports, Inc.",,,,,NYSE,
SKK,SKK Holdings Ltd,,,,,Nasdaq,
MGN,Megan Holdings Ltd.,,,,,Nasdaq,
MRX,Marex Group Ltd,,,,,Nasdaq,
PC,Premium Catering (Holdings) Ltd,,,,,Nasdaq,
ETHA,iShares Ethereum Trust ETF,,,,,Nasdaq,
PSUS,"Pershing Square USA, Ltd.",,,,,NYSE,
IOND,Ionic Digital Inc.,,,,,Nasdaq,
ALF,Centurion Acquisition Corp.,,,,,Nasdaq,
BLK,"BlackRock, Inc.",,,,,NYSE,
ETHW,Bitwise Ethereum ETF,,,,,NYSE,
BTC,Grayscale Bitcoin Mini Trust ETF,,,,,NYSE,
NCT,Intercont (Cayman) Ltd,,,,,Nasdaq,
VSOL,VanEck Solana ETF,,,,,Nasdaq,
NCIQ,Hashdex Nasdaq CME Crypto Index ETF,,,,,Nasdaq,
GSUI,Grayscale Sui Staking ETF,,,,,NYSE,
GAVA,Grayscale Avalanche Staking ETF,,,,,Nasdaq,
GXRP,Grayscale XRP Trust ETF,,,,,NYSE,
XRP,Bitwise XRP ETF,,,,,NYSE,
ASIC,Ategrity Specialty Insurance Co Holdings,,,,,NYSE,
SOLC,Canary Marinade Solana ETF,,,,,Nasdaq,
BSOL,Bitwise Solana Staking ETF,,,,,NYSE,
BWOW,Bitwise Dogecoin ETF,,,,,NYSE,
GDOG,Grayscale Dogecoin Trust ETF,,,,,NYSE,
SOEZ,Franklin Solana Trust,,,,,NYSE,
XRPZ,Franklin XRP Trust,,,,,NYSE,
SUIS,Canary Staked SUI ETF,,,,,Nasdaq,
VAVX,VanEck Avalanche ETF,,,,,Nasdaq,
TSUI,21Shares Sui ETF,,,,,Nasdaq,
FSOL,Fidelity Solana Fund,,,,,NYSE,
TDOG,21Shares Dogecoin ETF,,,,,Nasdaq,
VBNB,VanEck BNB ETF,,,,,Nasdaq,
AIB,AIB Data Centers Inc.,,,,,NYSE,
BIOT,INSTINCT BIO TECHNICAL CO HOLDINGS INC.,,,,,Nasdaq,
CLNK,Bitwise Chainlink ETF,,,,,NYSE,
BAVA,Bitwise Avalanche ETF,,,,,NYSE,
ARTC,Art Technology Acquisition Corp.,,,,,Nasdaq,
BHYP,Bitwise Hyperliquid ETF,,,,,NYSE,
TKNZ,T. Rowe Price Active Crypto ETF,,,,,NYSE,
BITA,iShares Bitcoin Premium Income ETF,,,,,Nasdaq,
THYP,21Shares Hyperliquid ETF,,,,,Nasdaq,
FRTT,Fort Technology Inc,,,,,Nasdaq,
OTAI,Starlink AI Acquisition Corp,,,,,NYSE,
MLAA,Mountain Lake Acquisition Corp. II,,,,,Nasdaq,
BREZ,Breeze Acquisition Corp. II,,,,,Nasdaq,
ETHB,iShares Staked Ethereum Trust ETF,,,,,Nasdaq,
MSOL,Morgan Stanley Solana Trust,,,,,NYSE,
MSBT,Morgan Stanley Bitcoin Trust,,,,,NYSE,
MSSE,Morgan Stanley Ethereum Trust,,,,,NYSE,
SHOT,RMG ML Sports Holdings,,,,,Nasdaq,
HYPG,Grayscale Hyperliquid Staking ETF,,,,,Nasdaq,
SCOP,Sprott Physical Copper Trust,,,,,NYSE,
DGAC,DISCIPLINED GROWTH ACQUISITION Corp,,,,,NYSE,
FWAC,Futurewave Acquisition Corp,,,,,Nasdaq,
NCO,Southern Cross Acquisition I Corp.,,,,,Nasdaq,
AADX,"Applied Aerospace & Defense, Inc.",,,,,NYSE,
SKHY,SK hynix Inc.,,,,,Nasdaq,
CCCT,Columbus Circle Capital Corp III,,,,,Nasdaq,
ISNR,Snow Rothschild Acquisition Corp.,,,,,Nasdaq,
RREV,RRE Ventures Acquisition Corp.,,,,,Nasdaq,
JMKE,Jersey Mike's Subs Inc.,,,,,NYSE,
BCCQ,Bleichroeder Acquisition Corp. III,,,,,Nasdaq,
FTRA,FutureCorp Space Acquisition 1,,,,,NYSE,
VII,Viking Acquisition Corp. II,,,,,NYSE,
MHLA,"Maiden Holdings, Ltd.",,,,,NYSE,
CCIX,Churchill Capital Corp IX/Cayman,,,,,Nasdaq,
TVE,Tennessee Valley Authority,,,,,NYSE,
CTGG,QWEST CORP,,,,,NYSE,
TCPA,TRANSCANADA PIPELINES LTD,,,,,NYSE,
DJP,BARCLAYS BANK PLC,,,,,NYSE,
GLDI,CREDIT SUISSE AG,,,,,Nasdaq,
SWKHL,SWK Holdings Corp,,,,,Nasdaq,
AMUB,UBS AG,,,,,NYSE,
MVO,MV Oil Trust,,,,,NYSE,
AGQ,ProShares Trust II,,,,,NYSE,
BTCK,Teucrium Commodity Trust,,,,,NYSE,
ATHS,Athene Holding Ltd.,,,,,NYSE,
TPTS,"Terra Property Trust, Inc.",,,,,NYSE,
YSAG,Texas Precious Metals Trust,,,,,Nasdaq,
